# OrdScale, Damp Rate: 0.0239638044938 0.116555513302
#  r 	 Gdiff 	 mPDF_calc 	 TotalDiff
1.790000000000000036e+00 -2.637505083643461035e-01 -4.184352644476974081e-03 -2.595661557198691294e-01
1.800000000000000044e+00 -3.020433281226271305e-01 -5.204011434518929224e-03 -2.968393166881082013e-01
1.810000000000000053e+00 -3.259924633611763767e-01 -6.278183265111536571e-03 -3.197142800960648401e-01
1.820000000000000062e+00 -3.341707285920731962e-01 -7.408254066759656364e-03 -3.267624745253135399e-01
1.830000000000000071e+00 -3.263011805919351360e-01 -8.595590186506629760e-03 -3.177055904054285063e-01
1.840000000000000080e+00 -3.030523033434837643e-01 -9.841535117609101491e-03 -2.932107682258746628e-01
1.850000000000000089e+00 -2.663036479608589246e-01 -1.114740614462017554e-02 -2.551562418162387491e-01
1.860000000000000098e+00 -2.188133921378270230e-01 -1.251449090919395934e-02 -2.062989012286330637e-01
1.870000000000000107e+00 -1.641091122870887986e-01 -1.394404390239262215e-02 -1.501650683846961765e-01
1.880000000000000115e+00 -1.063116275458613202e-01 -1.543728288974582918e-02 -9.087434465611549106e-02
1.890000000000000124e+00 -4.969845030055974888e-02 -1.699538527577712510e-02 -3.270306502478262378e-02
1.900000000000000133e+00 1.402339111556294426e-03 -1.861948441517254776e-02 2.002182352672884219e-02
1.910000000000000142e+00 4.306542371497990018e-02 -2.031066587822026592e-02 6.337608959320016611e-02
1.919999999999999929e+00 7.193774495529492441e-02 -2.206996367859483110e-02 9.400770863388975551e-02
1.930000000000000160e+00 8.556727337406400125e-02 -2.389835647199203827e-02 1.094656298460560395e-01
1.939999999999999947e+00 8.250089463703869086e-02 -2.579676373454418969e-02 1.082976583715828806e-01
1.949999999999999956e+00 6.241011625809189667e-02 -2.776604193034579171e-02 9.017615818843768838e-02
1.959999999999999964e+00 2.621371448409437477e-02 -2.980698067780898630e-02 5.602069516190336107e-02
1.969999999999999973e+00 -2.412229794476417055e-02 -3.192029892493496862e-02 7.798000980170798069e-03
1.979999999999999982e+00 -8.552565843585036021e-02 -3.410664114393208157e-02 -5.141901729191827863e-02
1.989999999999999991e+00 -1.541874176531727869e-01 -3.636657355593203578e-02 -1.178208440972407511e-01
2.000000000000000000e+00 -2.256784670416545069e-01 -3.870058039684939888e-02 -1.869778866448051080e-01
2.010000000000000231e+00 -2.953042355069541713e-01 -4.110906023569510515e-02 -2.541951752712590662e-01
2.020000000000000018e+00 -3.583541188112087106e-01 -4.359232235688881296e-02 -3.147617964543198976e-01
2.030000000000000249e+00 -4.104104223676992014e-01 -4.615058321831722044e-02 -3.642598391493819809e-01
2.040000000000000036e+00 -4.476927933845908925e-01 -4.878396299704451655e-02 -3.989088303875463759e-01
2.049999999999999822e+00 -4.671982075350487040e-01 -5.149248223473767982e-02 -4.157057253003110242e-01
2.060000000000000053e+00 -4.669932771806430960e-01 -5.427605859493916940e-02 -4.127172185857039266e-01
2.070000000000000284e+00 -4.462545048767481148e-01 -5.713450374437217816e-02 -3.891200011323759367e-01
2.080000000000000071e+00 -4.053405162182894816e-01 -6.006752037048146420e-02 -3.452729958478080174e-01
2.089999999999999858e+00 -3.458125681079428082e-01 -6.307469934738002548e-02 -2.827378687605627827e-01
2.100000000000000089e+00 -2.702569889709581785e-01 -6.615551706229816364e-02 -2.041014719086600149e-01
2.109999999999999876e+00 -1.821929140672312597e-01 -6.930933291451070455e-02 -1.128835811527205552e-01
2.120000000000000107e+00 -8.579003230781967471e-02 -7.253538699855360816e-02 -1.325464530926606654e-02
2.129999999999999893e+00 1.431453877025745669e-02 -7.583279798332893951e-02 9.014733675358639620e-02
2.140000000000000124e+00 1.133591461650593768e-01 -7.920056119843821296e-02 1.925597073634975898e-01
2.149999999999999911e+00 2.067098766901649398e-01 -8.263754693877806146e-02 2.893474236289430013e-01
2.160000000000000142e+00 2.901223567669204417e-01 -8.614249899807863153e-02 3.762648557649990733e-01
2.169999999999999929e+00 3.599814749281700643e-01 -8.971403344166473115e-02 4.496955083698347955e-01
2.180000000000000160e+00 4.135081453000322149e-01 -9.335063762827111589e-02 5.068587829283033308e-01
2.189999999999999947e+00 4.488809934163743853e-01 -9.705066949024737655e-02 5.459316629066217619e-01
2.200000000000000178e+00 4.653211046544799556e-01 -1.008123570809502656e-01 5.661334617354302212e-01
2.209999999999999964e+00 4.630911973100296786e-01 -1.046337983975330621e-01 5.677249957075627407e-01
2.220000000000000195e+00 4.434484928909839807e-01 -1.085129614867140768e-01 5.519614543776980575e-01
2.229999999999999982e+00 4.085379872640704790e-01 -1.124476848404330487e-01 5.209856721045035277e-01
2.240000000000000213e+00 3.612131599340158150e-01 -1.164356780875926978e-01 4.776488380216085128e-01
2.250000000000000000e+00 3.048518674907155779e-01 -1.204745229873289691e-01 4.253263904780445470e-01
2.260000000000000231e+00 2.431416465424389717e-01 -1.245616747284658543e-01 3.677033212709048260e-01
2.270000000000000018e+00 1.798258425479732914e-01 -1.286944635389939973e-01 3.085203060869672886e-01
2.280000000000000249e+00 1.184497831579167659e-01 -1.328700966085402113e-01 2.513198797664569772e-01
2.290000000000000036e+00 6.220718614715226025e-02 -1.370856603259056894e-01 1.992928464730579496e-01
2.299999999999999822e+00 1.373633977675670081e-02 -1.413381228328531303e-01 1.550744626096098311e-01
2.310000000000000053e+00 -2.502324650356202440e-02 -1.456243368943778704e-01 1.206010903908158460e-01
2.320000000000000284e+00 -5.297021344751007277e-02 -1.499410430847377129e-01 9.697082963722764015e-02
2.330000000000000071e+00 -6.975627368460379785e-02 -1.542848732875386764e-01 8.452859960293487851e-02
2.339999999999999858e+00 -7.593455679205485254e-02 -1.586523545071820418e-01 8.271779771512718926e-02
2.350000000000000089e+00 -7.278737448163408175e-02 -1.630399129879750164e-01 9.025253850634093467e-02
2.360000000000000320e+00 -6.223681470639519375e-02 -1.674438786361960863e-01 1.052070639298008925e-01
2.370000000000000107e+00 -4.674785431999106677e-02 -1.718604897393929687e-01 1.251126354194019019e-01
2.379999999999999893e+00 -2.911850375983293659e-02 -1.762858979761766365e-01 1.471673942163436999e-01
2.390000000000000124e+00 -1.231464821643646346e-02 -1.807161737087656928e-01 1.684015254923292293e-01
2.399999999999999911e+00 7.113706742876146905e-04 -1.851473115495327337e-01 1.858586822238203484e-01
2.410000000000000142e+00 7.269762734774865010e-03 -1.895752361918134343e-01 1.968449989265882993e-01
2.419999999999999929e+00 5.003219663516134119e-03 -1.939958084942715599e-01 1.989990281577876940e-01
2.430000000000000160e+00 -7.895484611636360839e-03 -1.984048318071532924e-01 1.905093471955169315e-01
2.439999999999999947e+00 -3.257693815680995364e-02 -2.027980585278379433e-01 1.702211203710279896e-01
2.450000000000000178e+00 -6.948296814342369565e-02 -2.071711968721916264e-01 1.376882287287679307e-01
2.459999999999999964e+00 -1.183155823333538192e-01 -2.115199178473579633e-01 9.320433551400414407e-02
2.470000000000000195e+00 -1.780437739782519957e-01 -2.158398624107910613e-01 3.779608843253906558e-02
2.479999999999999982e+00 -2.469364113834802144e-01 -2.201266487995381382e-01 -2.680976258394207612e-02
2.490000000000000213e+00 -3.226483973353043710e-01 -2.243758800130308817e-01 -9.827251732227348935e-02
2.500000000000000000e+00 -4.023810194802319717e-01 -2.285831514319445756e-01 -1.737978680482873961e-01
2.509999999999999787e+00 -4.829560855331276326e-01 -2.327440585550252239e-01 -2.502120269781024087e-01
2.520000000000000018e+00 -5.610601436126151365e-01 -2.368542048351658935e-01 -3.242059387774492429e-01
2.530000000000000249e+00 -6.333798586372972883e-01 -2.409092095954986634e-01 -3.924706490417986249e-01
2.540000000000000036e+00 -6.967614213440259663e-01 -2.449047160057714612e-01 -4.518567053382545051e-01
2.549999999999999822e+00 -7.483866277213289120e-01 -2.488363990988520236e-01 -4.995502286224768884e-01
2.560000000000000053e+00 -7.859408656503046320e-01 -2.526999738068457235e-01 -5.332408918434589085e-01
2.570000000000000284e+00 -8.077375385854920209e-01 -2.564912029960156881e-01 -5.512463355894763328e-01
2.580000000000000071e+00 -8.127612858086094016e-01 -2.602059054794676474e-01 -5.525553803291417543e-01
2.589999999999999858e+00 -8.007915650052984669e-01 -2.638399639864082991e-01 -5.369516010188901678e-01
2.600000000000000089e+00 -7.724185915499146571e-01 -2.673893330666960999e-01 -5.050292584832185572e-01
2.610000000000000320e+00 -7.289431381374588126e-01 -2.708500469093920171e-01 -4.580930912280667955e-01
2.620000000000000107e+00 -6.724411623604233945e-01 -2.742182270540765576e-01 -3.982229353063468369e-01
2.629999999999999893e+00 -6.055835395449494785e-01 -2.774900899738286797e-01 -3.280934495711207988e-01
2.640000000000000124e+00 -5.315502406875275421e-01 -2.806619545089748535e-01 -2.508882861785526885e-01
2.649999999999999911e+00 -4.538587313459628847e-01 -2.837302491309849906e-01 -1.701284822149778941e-01
2.660000000000000142e+00 -3.762106081054457651e-01 -2.866915190162508953e-01 -8.951908908919486985e-02
2.669999999999999929e+00 -3.023039737275994288e-01 -2.895424329099031135e-01 -1.276154081769631521e-02
2.680000000000000160e+00 -2.356592248853546234e-01 -2.922797897603183204e-01 5.662056487496369694e-02
2.689999999999999947e+00 -1.794417370138398082e-01 -2.949005251055332177e-01 1.154587880916934095e-01
2.700000000000000178e+00 -1.363109347362764512e-01 -2.974017171934122961e-01 1.610907824571358449e-01
2.709999999999999964e+00 -1.082703977548718499e-01 -2.997805928181164203e-01 1.915101950632445704e-01
2.720000000000000195e+00 -9.661950829949600417e-02 -3.020345328561804266e-01 2.054150245566844224e-01
2.729999999999999982e+00 -1.018035929833464859e-01 -3.041610774863317546e-01 2.023574845029852687e-01
2.740000000000000213e+00 -1.235142693770387989e-01 -3.061579310780674357e-01 1.826436617010286367e-01
2.750000000000000000e+00 -1.605703257821878838e-01 -3.080229667349334566e-01 1.474526409527455728e-01
2.759999999999999787e+00 -2.111071256345380398e-01 -3.097542304794527190e-01 9.864710484491467923e-02
2.770000000000000018e+00 -2.725932359905707258e-01 -3.113499450676823210e-01 3.875670907711159519e-02
2.780000000000000249e+00 -3.419814885652068259e-01 -3.128085134224622976e-01 -2.917297514274452830e-02
2.790000000000000036e+00 -4.158899795056694160e-01 -3.141285216755443366e-01 -1.017614578301250794e-01
2.799999999999999822e+00 -4.907410128109215286e-01 -3.153087418099494998e-01 -1.754322710009720288e-01
2.810000000000000053e+00 -5.629463184895007188e-01 -3.163481338950972499e-01 -2.465981845944034689e-01
2.820000000000000284e+00 -6.291408176076411785e-01 -3.172458479084708238e-01 -3.118949696991703546e-01
2.830000000000000071e+00 -6.862239755960617416e-01 -3.180012251388295574e-01 -3.682227504572321841e-01
2.839999999999999858e+00 -7.316765657413411006e-01 -3.186137991672418623e-01 -4.130627665740992382e-01
2.850000000000000089e+00 -7.634605942321943672e-01 -3.190832964234927571e-01 -4.443772978087016101e-01
2.860000000000000320e+00 -7.803512945604786921e-01 -3.194096363167066022e-01 -4.609416582437720900e-01
2.870000000000000107e+00 -7.817324903956901494e-01 -3.195929309403158780e-01 -4.621395594553742714e-01
2.879999999999999893e+00 -7.677701834072045983e-01 -3.196334843528011449e-01 -4.481366990544034534e-01
2.890000000000000124e+00 -7.392837988209297606e-01 -3.195317914369120715e-01 -4.197520073840176891e-01
2.900000000000000355e+00 -6.977598955903561162e-01 -3.192885363413535127e-01 -3.784713592490026035e-01
2.910000000000000142e+00 -6.451590345145166161e-01 -3.189045905101836609e-01 -3.262544440043329552e-01
2.919999999999999929e+00 -5.838025619853945969e-01 -3.183810103064077524e-01 -2.654215516789868445e-01
2.930000000000000160e+00 -5.163319455544979064e-01 -3.177190342374701659e-01 -1.986129113170277405e-01
2.940000000000000391e+00 -4.454586202512063053e-01 -3.169200797915298629e-01 -1.285385404596764425e-01
2.950000000000000178e+00 -3.738667203402843420e-01 -3.159857398945596918e-01 -5.788098044572465017e-02
2.959999999999999964e+00 -3.040742723451721474e-01 -3.149177789994209165e-01 1.084350665424876903e-02
2.969999999999999751e+00 -2.383601706925877473e-01 -3.137181288191385753e-01 7.535795812655082804e-02
2.979999999999999982e+00 -1.786043922773896675e-01 -3.123888837176281297e-01 1.337844914402384622e-01
2.990000000000000213e+00 -1.263373757506238704e-01 -3.109322957721004643e-01 1.845949200214765940e-01
3.000000000000000000e+00 -8.262134823436362296e-02 -3.093507695222911247e-01 2.267294212879275017e-01
3.009999999999999787e+00 -4.805178717415836687e-02 -3.076468564225275926e-01 2.595950692483692257e-01
3.020000000000000018e+00 -2.289141926049076403e-02 -3.058232490134499826e-01 2.829318297529592185e-01
3.030000000000000249e+00 -6.982528410581778644e-03 -3.038827748309470000e-01 2.969002464203652214e-01
3.040000000000000036e+00 1.037185830723430513e-04 -3.018283900705418521e-01 3.019321086536141951e-01
3.049999999999999822e+00 -9.907312261874245962e-04 -2.996631730260751469e-01 2.986724417998877223e-01
3.060000000000000053e+00 -9.472579559747007494e-03 -2.973903173220700524e-01 2.879177377623230449e-01
3.070000000000000284e+00 -2.445210453026236408e-02 -2.950131249596353866e-01 2.705610204293730225e-01
3.080000000000000071e+00 -4.502626267744824773e-02 -2.925349991961566087e-01 2.475087365187083610e-01
3.089999999999999858e+00 -7.033215476229415231e-02 -2.899594372793502517e-01 2.196272825170560994e-01
3.100000000000000089e+00 -9.955199387328672600e-02 -2.872900230565020863e-01 1.877380291832153603e-01
3.110000000000000320e+00 -1.319515079870878793e-01 -2.845304194798869979e-01 1.525789114927991186e-01
3.120000000000000107e+00 -1.668262973928076320e-01 -2.816843610294694211e-01 1.148580636366617891e-01
3.129999999999999893e+00 -2.035148779792081974e-01 -2.787556460740026609e-01 7.524076809479446348e-02
3.140000000000000124e+00 -2.414026902353922921e-01 -2.757481291916024091e-01 3.434543895621011700e-02
3.150000000000000355e+00 -2.797978642422456197e-01 -2.726657134707439756e-01 -7.132150771501644115e-03
3.160000000000000142e+00 -3.179865595874762363e-01 -2.695123428124424625e-01 -4.847421677503377380e-02
3.169999999999999929e+00 -3.551527670128766800e-01 -2.662919942541074336e-01 -8.886077275876924642e-02
3.180000000000000160e+00 -3.904140848629791272e-01 -2.630086703352362276e-01 -1.274054145277428995e-01
3.190000000000000391e+00 -4.227607195915981109e-01 -2.596663915247048871e-01 -1.630943280668932238e-01
3.200000000000000178e+00 -4.511194216756431175e-01 -2.562691887289577086e-01 -1.948502329466854088e-01
3.209999999999999964e+00 -4.743969642425520661e-01 -2.528210958998666769e-01 -2.215758683426853892e-01
3.219999999999999751e+00 -4.915029224174222167e-01 -2.493261427604527847e-01 -2.421767796569694320e-01
3.229999999999999982e+00 -5.014448634070960420e-01 -2.457883476660157607e-01 -2.556565157410802813e-01
3.240000000000000213e+00 -5.033846864944838684e-01 -2.422117106175286083e-01 -2.611729758769552601e-01
3.250000000000000000e+00 -4.967659576135252664e-01 -2.386002064434080139e-01 -2.581657511701172525e-01
3.259999999999999787e+00 -4.813219725571919461e-01 -2.349577781649859476e-01 -2.463641943922059985e-01
3.270000000000000018e+00 -4.571798490080807298e-01 -2.312883305601746153e-01 -2.258915184479061145e-01
3.280000000000000249e+00 -4.249116393151464166e-01 -2.275957239389491404e-01 -1.973159153761972762e-01
3.290000000000000036e+00 -3.855172445804209147e-01 -2.238837681433672733e-01 -1.616334764370536414e-01
3.299999999999999822e+00 -3.404232547870847947e-01 -2.201562167839127837e-01 -1.202670380031720110e-01
3.310000000000000053e+00 -2.914781511516394419e-01 -2.164167617229869611e-01 -7.506138942865248076e-02
3.320000000000000284e+00 -2.408229198945804894e-01 -2.126690278153913483e-01 -2.815389207918914116e-02
3.330000000000000071e+00 -1.908292732400900249e-01 -2.089165679146463284e-01 1.808729467455630346e-02
3.339999999999999858e+00 -1.439484664877369591e-01 -2.051628581529752748e-01 6.121439166523831577e-02
3.350000000000000089e+00 -1.026136250695257601e-01 -2.014112935017565997e-01 9.879766843223083961e-02
3.360000000000000320e+00 -6.904141274670561046e-02 -1.976651836182215793e-01 1.286237708715159689e-01
3.370000000000000107e+00 -4.508902740603160098e-02 -1.939277489831475187e-01 1.488387215771159178e-01
3.379999999999999893e+00 -3.220455588293180682e-02 -1.902021173332652249e-01 1.579975614503334180e-01
3.390000000000000124e+00 -3.121023831999569786e-02 -1.864913203910849304e-01 1.552810820710892326e-01
3.400000000000000355e+00 -4.227773534129997124e-02 -1.827982908938323159e-01 1.405205555525323446e-01
3.410000000000000142e+00 -6.492360745624237151e-02 -1.791258599221961234e-01 1.142022524659537519e-01
3.419999999999999929e+00 -9.797149033099561422e-02 -1.754767545286117225e-01 7.750526419761610830e-02
3.430000000000000160e+00 -1.396025339891220352e-01 -1.718535956638529705e-01 3.225106167473093532e-02
3.440000000000000391e+00 -1.874553152772103770e-01 -1.682588963997753706e-01 -1.919641887743500641e-02
3.450000000000000178e+00 -2.387614921944853918e-01 -1.646950604451591638e-01 -7.406643174932622808e-02
3.459999999999999964e+00 -2.904959327144711612e-01 -1.611643809507280478e-01 -1.293315517637431133e-01
3.469999999999999751e+00 -3.395490334380023567e-01 -1.576690395985879956e-01 -1.818799938394143612e-01
3.479999999999999982e+00 -3.829106775537527985e-01 -1.542111059705360276e-01 -2.286995715832167708e-01
3.490000000000000213e+00 -4.178691012084553846e-01 -1.507925371889298205e-01 -2.670765640195255641e-01
3.500000000000000000e+00 -4.421502524830011049e-01 -1.474151778230948229e-01 -2.947350746599062821e-01
3.509999999999999787e+00 -4.540710922481309142e-01 -1.440807600535740640e-01 -3.099903321945568502e-01
3.520000000000000018e+00 -4.526323653063654140e-01 -1.407909040858975613e-01 -3.118414612204678527e-01
3.530000000000000249e+00 -4.375858011210752574e-01 -1.375471188049709470e-01 -3.000386823161043104e-01
3.540000000000000036e+00 -4.094257633066672453e-01 -1.343508026606472505e-01 -2.750749606460199947e-01
3.549999999999999822e+00 -3.693736429188746451e-01 -1.312032447745655472e-01 -2.381703981443090978e-01
3.560000000000000053e+00 -3.192763452271296098e-01 -1.281056262579045313e-01 -1.911707189692250786e-01
3.570000000000000284e+00 -2.614818090810161477e-01 -1.250590217293107431e-01 -1.364227873517054046e-01
3.580000000000000071e+00 -1.987021404992646567e-01 -1.220644010219372189e-01 -7.663773947732743785e-02
3.589999999999999858e+00 -1.338129434055680411e-01 -1.191226310682380329e-01 -1.469031233733000819e-02
3.600000000000000089e+00 -6.969955339253985915e-02 -1.162344779509320442e-01 4.653492455839218500e-02
3.610000000000000320e+00 -9.050380503083543804e-03 -1.134006091083666207e-01 1.043502286052830769e-01
3.620000000000000107e+00 4.577564132040190525e-02 -1.106215956823760060e-01 1.563972370027779113e-01
3.629999999999999893e+00 9.291889698490440885e-02 -1.078979149966445839e-01 2.008168119815489927e-01
3.640000000000000124e+00 1.310647906370895344e-01 -1.052299531535432764e-01 2.362947437906328108e-01
3.650000000000000355e+00 1.595483335437667405e-01 -1.026180077374178046e-01 2.621663412811845451e-01
3.660000000000000142e+00 1.783296783754322323e-01 -1.000622906123541100e-01 2.783919689877863424e-01
3.669999999999999929e+00 1.879774994753660167e-01 -9.756293080254507810e-02 2.855404302779110948e-01
3.680000000000000160e+00 1.895588900081909278e-01 -9.511997744351424755e-02 2.846788674517051754e-01
3.690000000000000391e+00 1.845761302481736532e-01 -9.273340279263042607e-02 2.773095330408040793e-01
3.700000000000000178e+00 1.747751208383487853e-01 -9.040310528755551855e-02 2.651782261259043039e-01
3.709999999999999964e+00 1.620511878988518673e-01 -8.812891264151911930e-02 2.501801005403709866e-01
3.719999999999999751e+00 1.482419634492333493e-01 -8.591058496459050287e-02 2.341525484138238522e-01
3.729999999999999982e+00 1.349976550728985147e-01 -8.374781790043356322e-02 2.187454729733320780e-01
3.740000000000000213e+00 1.236757269860610520e-01 -8.164024576836703684e-02 2.053159727544280888e-01
3.750000000000000000e+00 1.152281947606665913e-01 -7.958744470092035672e-02 1.948156394615869480e-01
3.759999999999999787e+00 1.101428894530532832e-01 -7.758893576746445087e-02 1.877318252205177340e-01
3.770000000000000018e+00 1.084332380922176653e-01 -7.564418807490716490e-02 1.840774261671248302e-01
3.780000000000000249e+00 1.096449940229941022e-01 -7.375262183687308903e-02 1.833976158598671913e-01
3.790000000000000036e+00 1.129497073054904765e-01 -7.191361140323224155e-02 1.848633187087227181e-01
3.800000000000000266e+00 1.171926596006559462e-01 -7.012648824230266476e-02 1.873191478429586110e-01
3.810000000000000053e+00 1.210425454296604197e-01 -6.839054386852214118e-02 1.894330892981825609e-01
3.820000000000000284e+00 1.231315423937784370e-01 -6.670503270886260494e-02 1.898365751026410420e-01
3.830000000000000071e+00 1.221783776658462717e-01 -6.506917490174751739e-02 1.872475525675937891e-01
3.839999999999999858e+00 1.171139664532756530e-01 -6.348215902272233424e-02 1.805961254759979873e-01
3.850000000000000089e+00 1.072145400193889042e-01 -6.194314473161990908e-02 1.691576847510088133e-01
3.859999999999999876e+00 9.214840304121130199e-02 -6.045126533645492350e-02 1.525996683776662255e-01
3.870000000000000107e+00 7.210207099438226130e-02 -5.900563026977070913e-02 1.311077012641529704e-01
3.879999999999999893e+00 4.772201299865319601e-02 -5.760532747364638384e-02 1.053273404722995799e-01
3.890000000000000124e+00 2.009397394260614700e-02 -5.624942569005277060e-02 7.634339963265891760e-02
3.899999999999999911e+00 -9.298810575540661372e-03 -5.493697665371582994e-02 4.563816607817516857e-02
3.910000000000000142e+00 -3.866705617007704099e-02 -5.366701718510860641e-02 1.499996101503156543e-02
3.919999999999999929e+00 -6.608496209642661379e-02 -5.243857118164425152e-02 -1.364639091478236227e-02
3.930000000000000160e+00 -8.960321658529180056e-02 -5.125065150558021088e-02 -3.835256507971158968e-02
3.939999999999999947e+00 -1.074115351134879437e-01 -5.010226176757004435e-02 -5.730927334591789934e-02
3.950000000000000178e+00 -1.179794678721132750e-01 -4.899239800520893695e-02 -6.898706986690433807e-02
3.959999999999999964e+00 -1.201792415199949282e-01 -4.792005025631421167e-02 -7.225919126368071654e-02
3.970000000000000195e+00 -1.134073934141627271e-01 -4.688420402706067192e-02 -6.652318938710205520e-02
3.979999999999999982e+00 -9.762535348151712977e-02 -4.588384165545125043e-02 -5.174151182606587934e-02
3.990000000000000213e+00 -7.341136652866997458e-02 -4.491794357094743007e-02 -2.849342295772254452e-02
4.000000000000000000e+00 -4.191413065530447124e-02 -4.398548945140873939e-02 2.071358796104268152e-03
4.009999999999999787e+00 -4.847601838299020471e-03 -4.308545927879720017e-02 3.823785744049817970e-02
4.019999999999999574e+00 3.568625224295929321e-02 -4.221683429538804211e-02 7.790308653834733532e-02
4.030000000000000249e+00 7.724820116294339734e-02 -4.137859786250758232e-02 1.186267990254509797e-01
4.040000000000000036e+00 1.172671864973293676e-01 -4.056973622405390945e-02 1.578369227213832771e-01
4.050000000000000711e+00 1.531878810524204271e-01 -3.978923917729615400e-02 1.929771202297165811e-01
4.060000000000000497e+00 1.826587142773803407e-01 -3.903610065366097670e-02 2.216948149310413174e-01
4.070000000000000284e+00 2.036484589552968183e-01 -3.830931921240812721e-02 2.419577781677049455e-01
4.080000000000000071e+00 2.146323431850098995e-01 -3.760789845027562306e-02 2.522402416352855226e-01
4.089999999999999858e+00 2.146499416284097794e-01 -3.693084733033363820e-02 2.515807889587434176e-01
4.099999999999999645e+00 2.034541336658701738e-01 -3.627718043343033938e-02 2.397313140993005132e-01
4.109999999999999432e+00 1.813935102596808679e-01 -3.564591813573994572e-02 2.170394283954208137e-01
4.120000000000000107e+00 1.495780558113417591e-01 -3.503608671603525293e-02 1.846141425273770120e-01
4.129999999999999893e+00 1.096219713394965822e-01 -3.444671839640403577e-02 1.440686897359006180e-01
4.140000000000000568e+00 6.373332836005562996e-02 -3.387685132021228673e-02 9.761017968026791669e-02
4.150000000000000355e+00 1.439697066571588024e-02 -3.332552947118755382e-02 4.772250013690343406e-02
4.160000000000000142e+00 -3.569523267638841091e-02 -3.279180253755371865e-02 -2.903430138834692253e-03
4.169999999999999929e+00 -8.379304725778569107e-02 -3.227472572519517885e-02 -5.151832153259051222e-02
4.179999999999999716e+00 -1.272812013476776194e-01 -3.177335952386436957e-02 -9.550784182381324983e-02
4.189999999999999503e+00 -1.639418686216878029e-01 -3.128676943047295489e-02 -1.326550991912148481e-01
4.200000000000000178e+00 -1.919289145122888840e-01 -3.081402563352397816e-02 -1.611148888787649058e-01
4.209999999999999964e+00 -2.100241972671179624e-01 -3.035420266275201673e-02 -1.796699946043659457e-01
4.220000000000000639e+00 -2.176036300973902549e-01 -2.990637900803930216e-02 -1.876972510893509527e-01
4.230000000000000426e+00 -2.147980234639046415e-01 -2.946963671167102117e-02 -1.853283867522336203e-01
4.240000000000000213e+00 -2.023310810850116326e-01 -2.904306093798286748e-02 -1.732880201470287651e-01
4.250000000000000000e+00 -1.815944367860238273e-01 -2.862573952443953074e-02 -1.529686972615842966e-01
4.259999999999999787e+00 -1.544673774718390291e-01 -2.821676251815186109e-02 -1.262506149536871680e-01
4.269999999999999574e+00 -1.232869538421468292e-01 -2.781522170182561260e-02 -9.547173214032121658e-02
4.280000000000000249e+00 -9.057255909619943424e-02 -2.742021011310656620e-02 -6.315234898309286804e-02
4.290000000000000036e+00 -5.895775674286962698e-02 -2.703082156124886337e-02 -3.192693518162076360e-02
4.300000000000000711e+00 -3.104114459633411371e-02 -2.664615014500084159e-02 -4.394994451333272129e-03
4.310000000000000497e+00 -9.067326757204341448e-03 -2.626528977556454730e-02 1.719796301836020586e-02
4.320000000000000284e+00 4.991398940644486970e-03 -2.588733370844598439e-02 3.087873264909047136e-02
4.330000000000000071e+00 9.772266484882941029e-03 -2.551137408797049533e-02 3.528364057285343636e-02
4.339999999999999858e+00 4.457828867545199358e-03 -2.513650150819392651e-02 2.959433037573912587e-02
4.349999999999999645e+00 -1.113023994919526416e-02 -2.476180459389380056e-02 1.363156464469853640e-02
4.359999999999999432e+00 -3.643029827562216383e-02 -2.438636960527645198e-02 -1.204392867034571185e-02
4.370000000000000107e+00 -7.033448739973024999e-02 -2.400928006998577502e-02 -4.632520732974447497e-02
4.379999999999999893e+00 -1.111496692002358344e-01 -2.362961644594610555e-02 -8.752005275428972886e-02
4.390000000000000568e+00 -1.566593857636942033e-01 -2.324645581851647602e-02 -1.334129299451777273e-01
4.400000000000000355e+00 -2.043822340189462849e-01 -2.285887163537508870e-02 -1.815233623835711962e-01
4.410000000000000142e+00 -2.515939153397930284e-01 -2.246593348249120714e-02 -2.291279818573018212e-01
4.419999999999999929e+00 -2.955723694699923243e-01 -2.206670690447687377e-02 -2.735056625655154505e-01
4.429999999999999716e+00 -3.336777798167780418e-01 -2.166025327254106347e-02 -3.120175265442369783e-01
4.439999999999999503e+00 -3.635717596515064542e-01 -2.124562970319582300e-02 -3.423261299483106312e-01
4.450000000000000178e+00 -3.832925846690820038e-01 -2.082188903078463493e-02 -3.624706956382973688e-01
4.459999999999999964e+00 -3.914457920679978997e-01 -2.038807983681945046e-02 -3.710577122311784493e-01
4.470000000000000639e+00 -3.871516696866823537e-01 -1.994324653902296296e-02 -3.672084231476593907e-01
4.480000000000000426e+00 -3.702029554340136031e-01 -1.948642954287188589e-02 -3.507165258911417172e-01
4.490000000000000213e+00 -3.410473088516838835e-01 -1.901666545833918809e-02 -3.220306433933446955e-01
4.500000000000000000e+00 -3.007696745190711063e-01 -1.853298738442221705e-02 -2.822366871346488892e-01
4.509999999999999787e+00 -2.509594348903698702e-01 -1.803442526391163536e-02 -2.329250096264582348e-01
4.519999999999999574e+00 -1.937361951461871179e-01 -1.752000631073746817e-02 -1.762161888354496497e-01
4.530000000000000249e+00 -1.316061536118584563e-01 -1.698875551208611778e-02 -1.146173980997723385e-01
4.540000000000000036e+00 -6.724834366494114590e-02 -1.643969620733413267e-02 -5.080864745760701323e-02
4.550000000000000711e+00 -3.486699372970303301e-03 -1.587185074568514195e-02 1.238515137271483865e-02
4.560000000000000497e+00 5.692993695883119543e-02 -1.528424122422625264e-02 7.221417818305744807e-02
4.570000000000000284e+00 1.114118713091286628e-01 -1.467589030793867155e-02 1.260877616170673343e-01
4.580000000000000071e+00 1.577068564449401467e-01 -1.404582213300467619e-02 1.717526785779448228e-01
4.589999999999999858e+00 1.939787714952920517e-01 -1.339306329454775790e-02 2.073718347898398096e-01
4.599999999999999645e+00 2.189190152709433734e-01 -1.271664391972573971e-02 2.316356591906691131e-01
4.609999999999999432e+00 2.317751356110780425e-01 -1.201559882686789593e-02 2.437907344379459385e-01
4.620000000000000107e+00 2.323787046607609375e-01 -1.128896877110430186e-02 2.436676734318652393e-01
4.629999999999999893e+00 2.212100918411914474e-01 -1.053580177668284046e-02 2.317458936178742879e-01
4.640000000000000568e+00 1.992905050904030251e-01 -9.755154555901923707e-03 2.090456596463049488e-01
4.650000000000000355e+00 1.681310636164954353e-01 -8.946094014309291520e-03 1.770771576308047268e-01
4.660000000000000142e+00 1.296958052736245648e-01 -8.107698841526345124e-03 1.378035041151509099e-01
4.669999999999999929e+00 8.625056513495676924e-02 -7.239061186756379218e-03 9.348962632171314846e-02
4.679999999999999716e+00 4.028829930217847632e-02 -6.339288417721196389e-03 4.662758771989967271e-02
4.689999999999999503e+00 -5.694070188809519095e-03 -5.407504961448681563e-03 -2.865652273608375322e-04
4.700000000000000178e+00 -4.920885513218520302e-02 -4.442854224998973867e-03 -4.476600090718622915e-02
4.709999999999999964e+00 -8.798689319948449494e-02 -3.444500593875618466e-03 -8.454239260560887648e-02
4.720000000000000639e+00 -1.200430096442488548e-01 -2.411631505517111695e-03 -1.176313781387317431e-01
4.730000000000000426e+00 -1.438210437051732349e-01 -1.343459594906920573e-03 -1.424775841102663143e-01
4.740000000000000213e+00 -1.582242317343727223e-01 -2.392249089712417121e-04 -1.579850068254014805e-01
4.750000000000000000e+00 -1.626780735614934414e-01 9.018028139316514036e-04 -1.635798763754250928e-01
4.759999999999999787e+00 -1.571430158661941690e-01 2.080321803502815925e-03 -1.592233376696969849e-01
4.769999999999999574e+00 -1.421533831803558634e-01 3.296995860423229674e-03 -1.454503790407790931e-01
4.780000000000000249e+00 -1.186970701080394264e-01 4.552451907531895881e-03 -1.232495220155713223e-01
4.790000000000000036e+00 -8.823774568463971235e-02 5.847277494467603698e-03 -9.408502317910731605e-02
4.800000000000000711e+00 -5.251793892913236839e-02 7.182018261358419364e-03 -5.969995719049078775e-02
4.810000000000000497e+00 -1.358764014521818275e-02 8.557175367517363962e-03 -2.214481551273554671e-02
4.820000000000000284e+00 2.644074899465276296e-02 9.973202891472764120e-03 1.646754610317999884e-02
4.830000000000000071e+00 6.543386993387145800e-02 1.143050520902567230e-02 5.400336472484578570e-02
4.839999999999999858e+00 1.013611342169602469e-01 1.292943435638253813e-02 8.843169986057770882e-02
4.849999999999999645e+00 1.324690223439854986e-01 1.447028738575803497e-02 1.179987349582274636e-01
4.860000000000000320e+00 1.573058521540535715e-01 1.605330372117730331e-02 1.412525484328762682e-01
4.870000000000000107e+00 1.748376017777497626e-01 1.767866252252944803e-02 1.571589392552203146e-01
4.879999999999999893e+00 1.845051480248041109e-01 1.934648006622977090e-02 1.651586679585743400e-01
4.890000000000000568e+00 1.861722203304132517e-01 2.105680715113961154e-02 1.651154131792736401e-01
4.900000000000000355e+00 1.802616159332217638e-01 2.280962653866228096e-02 1.574519893945594828e-01
4.910000000000000142e+00 1.675549711983395085e-01 2.460485043618609868e-02 1.429501207621534098e-01
4.919999999999999929e+00 1.492588710543971686e-01 2.644231803327307118e-02 1.228165530211240974e-01
4.929999999999999716e+00 1.267975534688541295e-01 2.832179310019683482e-02 9.847576036865729465e-02
4.939999999999999503e+00 1.018601727897130438e-01 3.024296165861320440e-02 7.161721113109983938e-02
4.950000000000000178e+00 7.615874132484279357e-02 3.220542973428974082e-02 4.395331159055305276e-02
4.959999999999999964e+00 5.137164315696418626e-02 3.420872120197514243e-02 1.716292195498904383e-02
4.970000000000000639e+00 2.901711730307443560e-02 3.625227573253691354e-02 -7.235158429462477947e-03
4.980000000000000426e+00 1.038137780844294866e-02 3.833544685258267332e-02 -2.795406904413972465e-02
4.990000000000000213e+00 -3.612958705148106020e-03 4.045750012680487256e-02 -4.407045883195297858e-02
5.000000000000000000e+00 -1.238083770159725816e-02 4.261761147327938065e-02 -5.499844917487663881e-02
5.009999999999999787e+00 -1.580173336250467742e-02 4.481486562190610534e-02 -6.061659898441078276e-02
5.019999999999999574e+00 -1.413789014367372587e-02 4.704825472610029563e-02 -6.118614486977402150e-02
5.030000000000000249e+00 -8.049769026799769023e-03 4.931667713772548700e-02 -5.736644616452525602e-02
5.040000000000000036e+00 1.487475107892155535e-03 5.161893635510359651e-02 -5.013146124721144098e-02
5.050000000000000711e+00 1.324429253523851102e-02 5.395374015374296284e-02 -4.070944761850445182e-02
5.060000000000000497e+00 2.586259465013451830e-02 5.631969990918946761e-02 -3.045710525905494931e-02
5.070000000000000284e+00 3.793612358441178500e-02 5.871533012113214212e-02 -2.077920653672035711e-02
5.080000000000000071e+00 4.810360565915328124e-02 6.113904814757869371e-02 -1.303544248842541248e-02
5.089999999999999858e+00 5.524142049951707989e-02 6.358917415756046299e-02 -8.347753658043383096e-03
5.099999999999999645e+00 5.843021665413927757e-02 6.606393131043082623e-02 -7.633714656291548661e-03
5.110000000000000320e+00 5.714700249058446424e-02 6.856144616938358860e-02 -1.141444367879912436e-02
5.120000000000000107e+00 5.120095970200422286e-02 7.107974935634230051e-02 -1.987878965433807765e-02
5.129999999999999893e+00 4.084683019706591978e-02 7.361677645485546762e-02 -3.276994625778954784e-02
5.140000000000000568e+00 2.673070050409243059e-02 7.617036916707810301e-02 -4.943966866298567242e-02
5.150000000000000355e+00 9.800632985499505012e-03 7.873827673032891827e-02 -6.893764374482941326e-02
5.160000000000000142e+00 -8.663875393133180225e-03 8.131815759808255772e-02 -8.998203299121573795e-02
5.169999999999999929e+00 -2.725698364968143217e-02 8.390758138959371337e-02 -1.111645650392751455e-01
5.179999999999999716e+00 -4.445163440145849520e-02 8.650403111165855252e-02 -1.309556655131170477e-01
5.189999999999999503e+00 -5.877441605179467565e-02 8.910490565526210660e-02 -1.478793217070567823e-01
5.200000000000000178e+00 -6.891020087079602341e-02 9.170752256912803602e-02 -1.606177234399240594e-01
5.209999999999999964e+00 -7.381820113423387397e-02 9.430912111139211351e-02 -1.681273222456259875e-01
5.220000000000000639e+00 -7.279714704421547111e-02 9.690686557979510951e-02 -1.697040126240105806e-01
5.230000000000000426e+00 -6.552108193775119105e-02 9.949784891995300251e-02 -1.650189308577041936e-01
5.240000000000000213e+00 -5.219290723232017370e-02 1.020790966103987119e-01 -1.542720038427188856e-01
5.250000000000000000e+00 -3.338762746146528571e-02 1.046475708222063261e-01 -1.380351982836716118e-01
5.259999999999999787e+00 -1.010357451934806861e-02 1.072001748501085761e-01 -1.173037493694566447e-01
5.269999999999999574e+00 1.626297293903711250e-02 1.097337578111027973e-01 -9.347078487206568476e-02
5.280000000000000249e+00 4.409617423552125715e-02 1.122451196056149514e-01 -6.814894537009369424e-02
5.290000000000000036e+00 7.163902002423050419e-02 1.147310161353555652e-01 -4.309199611112506101e-02
5.300000000000000711e+00 9.706806397113298956e-02 1.171881647710622809e-01 -2.012010079992929135e-02
5.310000000000000497e+00 1.187488972961618927e-01 1.196132500623798833e-01 -8.643527662179906201e-04
5.320000000000000284e+00 1.351837235439456997e-01 1.220029296811881991e-01 1.318079386275750053e-02
5.330000000000000071e+00 1.453284403765029431e-01 1.243538405887505555e-01 2.097459978775238765e-02
5.339999999999999858e+00 1.484720740554203999e-01 1.266626054161258119e-01 2.180946863929458801e-02
5.349999999999999645e+00 1.445165855498906637e-01 1.289258390463692838e-01 1.559074650352137992e-02
5.360000000000000320e+00 1.337703453254341923e-01 1.311401553861439029e-01 2.630189939290289436e-03
5.370000000000000107e+00 1.171243238438823830e-01 1.333021743134765458e-01 -1.617785046959416273e-02
5.379999999999999893e+00 9.590660118172200654e-02 1.354085287875322896e-01 -3.950192760581028306e-02
5.390000000000000568e+00 7.183843729005046086e-02 1.374558721054388866e-01 -6.561743481538842571e-02
5.400000000000000355e+00 4.686405810061167188e-02 1.394408852903839535e-01 -9.257682718977228165e-02
5.410000000000000142e+00 2.310659820070082304e-02 1.413602845944215147e-01 -1.182536863937206917e-01
5.419999999999999929e+00 2.674288425687398885e-03 1.432108290986991439e-01 -1.405365406730117450e-01
5.429999999999999716e+00 -1.252112938577598644e-02 1.449893283931180388e-01 -1.575104577788940252e-01
5.439999999999999503e+00 -2.082085172851189103e-02 1.466926503167357565e-01 -1.675135020452476475e-01
5.450000000000000178e+00 -2.101975441525233412e-02 1.483177287396390542e-01 -1.693374831548913884e-01
5.459999999999999964e+00 -1.239480638197182349e-02 1.498615713664393501e-01 -1.622563777484111736e-01
5.470000000000000639e+00 5.169505387724537826e-03 1.513212675410230135e-01 -1.461517621532984756e-01
5.480000000000000426e+00 3.123405307323995350e-02 1.526939960317274247e-01 -1.214599429584874712e-01
5.490000000000000213e+00 6.473746171813044015e-02 1.539770327757079282e-01 -8.923957105757748809e-02
5.500000000000000000e+00 1.041480821295199810e-01 1.551677585609126109e-01 -5.101967643139262987e-02
5.509999999999999787e+00 1.474681795780137250e-01 1.562636666237993410e-01 -8.795487045785616020e-03
5.519999999999999574e+00 1.924341506573592486e-01 1.572623701407062091e-01 3.517178051665303951e-02
5.530000000000000249e+00 2.366003424117932852e-01 1.581616095906340502e-01 7.843873282115923495e-02
5.540000000000000036e+00 2.775624887911853911e-01 1.589592599671103557e-01 1.186032288240750354e-01
5.550000000000000711e+00 3.130040946618750652e-01 1.596533378167898642e-01 1.533507568450852010e-01
5.560000000000000497e+00 3.410125684967511006e-01 1.602420080824963899e-01 1.807705604142547107e-01
5.570000000000000284e+00 3.600368774275071182e-01 1.607235907285398391e-01 1.993132866989672791e-01
5.580000000000000071e+00 3.691033558173013596e-01 1.610965671263380750e-01 2.080067886909632846e-01
5.589999999999999858e+00 3.678214315004639801e-01 1.613595861786468466e-01 2.064618453218171334e-01
5.599999999999999645e+00 3.564268098177154620e-01 1.615114701610465275e-01 1.949153396566689345e-01
5.610000000000000320e+00 3.358163903905162506e-01 1.615512202597548241e-01 1.742651701307614265e-01
5.620000000000000107e+00 3.073571250822140222e-01 1.614780217853298006e-01 1.458791032968842216e-01
5.629999999999999893e+00 2.729403034221533630e-01 1.612912490423941969e-01 1.116490543797591661e-01
5.640000000000000568e+00 2.347634146167432156e-01 1.609904698361492859e-01 7.377294478059392979e-02
5.650000000000000355e+00 1.952537165111127848e-01 1.605754495971548068e-01 3.467826691395797800e-02
5.660000000000000142e+00 1.568707736360304139e-01 1.600461551067174359e-01 -3.175381470687022034e-03
5.669999999999999929e+00 1.218892537218310146e-01 1.594027578059277750e-01 -3.751350408409676040e-02
5.679999999999999716e+00 9.239787333359394950e-02 1.586456366724261768e-01 -6.624776333883222734e-02
5.689999999999999503e+00 7.005519662145909265e-02 1.577753806499326839e-01 -8.772018402847359120e-02
5.700000000000000178e+00 5.602764295904849590e-02 1.567927906166299568e-01 -1.007651476575814609e-01
5.709999999999999964e+00 5.088919367453836884e-02 1.556988808795980173e-01 -1.048096872050596484e-01
5.720000000000000639e+00 5.464559500433985306e-02 1.544948801836733554e-01 -9.984928517933350234e-02
5.730000000000000426e+00 6.671809317639754155e-02 1.531822322243286127e-01 -8.646413904793107119e-02
5.740000000000000213e+00 8.595275513551525748e-02 1.517625956554489730e-01 -6.580984051993371553e-02
5.750000000000000000e+00 1.107411703870648800e-01 1.502378435842063042e-01 -3.949667319714142422e-02
5.759999999999999787e+00 1.391468427979618561e-01 1.486100625466034997e-01 -9.463219748641643614e-03
5.769999999999999574e+00 1.690090093363409984e-01 1.468815509586745005e-01 2.212745837766649792e-02
5.780000000000000249e+00 1.980721925756554480e-01 1.450548170397713554e-01 5.301737553588409257e-02
5.790000000000000036e+00 2.241557964843101658e-01 1.431325762058517082e-01 8.102322027845845764e-02
5.799999999999999822e+00 2.452838217361898998e-01 1.411177479321879258e-01 1.041660738040019740e-01
5.810000000000000497e+00 2.598106516019951240e-01 1.390134520864489687e-01 1.207971995155461553e-01
5.820000000000000284e+00 2.664921716609592872e-01 1.368230047346560285e-01 1.296691669263032587e-01
5.830000000000000071e+00 2.646235243072299070e-01 1.345499134240744354e-01 1.300736108831554716e-01
5.839999999999999858e+00 2.540017869382236171e-01 1.321978719486745224e-01 1.218039149895490947e-01
5.850000000000000533e+00 2.349579447547959776e-01 1.297707546043663784e-01 1.051871901504295992e-01
5.860000000000000320e+00 2.083460582136812400e-01 1.272726099427844981e-01 8.107344827089674189e-02
5.870000000000000107e+00 1.754464604324807164e-01 1.247076540339605161e-01 5.073880639852020036e-02
5.879999999999999893e+00 1.379100312742588819e-01 1.220802632497130086e-01 1.582976802454587328e-02
5.889999999999999680e+00 9.764497531782866113e-02 1.193949665813301003e-01 -2.174999126350143919e-02
5.900000000000000355e+00 5.668831422288653221e-02 1.166564375063304099e-01 -5.996812328344387766e-02
5.910000000000000142e+00 1.711208732981417402e-02 1.138694854207414342e-01 -9.675739809092726018e-02
5.919999999999999929e+00 -1.913627647822263578e-02 1.110390466547447330e-01 -1.301753231329673688e-01
5.929999999999999716e+00 -5.026909737904461384e-02 1.081701750909358217e-01 -1.584392724699804356e-01
5.940000000000000391e+00 -7.483849534084818789e-02 1.052680324058059003e-01 -1.801065277466540882e-01
5.950000000000000178e+00 -9.171625170819941442e-02 1.023378779563598462e-01 -1.940541296645592606e-01
5.959999999999999964e+00 -1.001929817185684968e-01 9.938505833503732956e-02 -1.995780400536058263e-01
5.969999999999999751e+00 -9.999536670840092345e-02 9.641499661729840964e-02 -1.964103633256993331e-01
5.980000000000000426e+00 -9.124254757151573081e-02 9.343318132736122550e-02 -1.846757288988769563e-01
5.990000000000000213e+00 -7.445501328530368390e-02 9.044515514864120975e-02 -1.649001684339448937e-01
6.000000000000000000e+00 -5.048823533569712918e-02 8.745650340642571741e-02 -1.379447387421228466e-01
6.009999999999999787e+00 -2.046865292980748485e-02 8.447284235122821949e-02 -1.049414952810357043e-01
6.020000000000000462e+00 1.428287470398692527e-02 8.149980727209352183e-02 -6.721693256810659656e-02
6.030000000000000249e+00 5.230565216032934117e-02 7.854304046986965160e-02 -2.623738830954031043e-02
6.040000000000000036e+00 9.210429473796333255e-02 7.560817912111679473e-02 1.649611561684653782e-02
6.049999999999999822e+00 1.322316289989933225e-01 7.270084306388945039e-02 5.953078593510387206e-02
6.060000000000000497e+00 1.713280214868175833e-01 6.982662253709835676e-02 1.015013989497192265e-01
6.070000000000000284e+00 2.081412241956561715e-01 6.699106590553521867e-02 1.411501582901209528e-01
6.080000000000000071e+00 2.416682022140173025e-01 6.419966740291987994e-02 1.774685348110974226e-01
6.089999999999999858e+00 2.711127017870950118e-01 6.145785492550831508e-02 2.096548468615866967e-01
6.100000000000000533e+00 2.958644050616417998e-01 5.877097790887622630e-02 2.370934271527655735e-01
6.110000000000000320e+00 3.155842172077197860e-01 5.614429532021281144e-02 2.594399218875069746e-01
6.120000000000000107e+00 3.301373117770400878e-01 5.358296379922500297e-02 2.765543479778150848e-01
6.129999999999999893e+00 3.395697631682111362e-01 5.109202597948075963e-02 2.884777371887303765e-01
6.140000000000000568e+00 3.441246574429396299e-01 4.867639902201015278e-02 2.954482584209294771e-01
6.150000000000000355e+00 3.441644471243568426e-01 4.634086339273013611e-02 2.978235837316267065e-01
6.160000000000000142e+00 3.401687908619983602e-01 4.409005191461995432e-02 2.960787389473784059e-01
6.169999999999999929e+00 3.327070367832378750e-01 4.192843912493643410e-02 2.907785976583014409e-01
6.179999999999999716e+00 3.223647759007631786e-01 3.986033096702223943e-02 2.825044449337409391e-01
6.190000000000000391e+00 3.098014877458274974e-01 3.788985484542795046e-02 2.719116329003995469e-01
6.200000000000000178e+00 2.956318753855862180e-01 3.602095007214128897e-02 2.596109253134449291e-01
6.209999999999999964e+00 2.805021590190399650e-01 3.425735873069718496e-02 2.462448002883427800e-01
6.219999999999999751e+00 2.649535404184240051e-01 3.260261698383662421e-02 2.323509234345873808e-01
6.230000000000000426e+00 2.495754794522864195e-01 3.106004684918600711e-02 2.185154326031004124e-01
6.240000000000000213e+00 2.347965761499808401e-01 2.963274846615648883e-02 2.051638276838243513e-01
6.250000000000000000e+00 2.210621671466199700e-01 2.832359287590791030e-02 1.927385742707120597e-01
6.259999999999999787e+00 2.086624464822937064e-01 2.713521533479687498e-02 1.815272311474968314e-01
6.270000000000000462e+00 1.978431947925942680e-01 2.607000918023236191e-02 1.717731856123619061e-01
6.280000000000000249e+00 1.887501847400105959e-01 2.513012026630287443e-02 1.636200644737077214e-01
6.290000000000000036e+00 1.813681000029072621e-01 2.431744198492105657e-02 1.570506580179862055e-01
6.299999999999999822e+00 1.756553698622447257e-01 2.363361088655852038e-02 1.520217589756862053e-01
6.310000000000000497e+00 1.713676248437190353e-01 2.308000291292372497e-02 1.482876219307953103e-01
6.320000000000000284e+00 1.682044038331547142e-01 2.265773025217218684e-02 1.455466735809825274e-01
6.330000000000000071e+00 1.657561223161785335e-01 2.236763882543871262e-02 1.433884834907398209e-01
6.339999999999999858e+00 1.635109419383944385e-01 2.221030641145177453e-02 1.413006355269426639e-01
6.350000000000000533e+00 1.608938419366223727e-01 2.218604141473337621e-02 1.387078005218889964e-01
6.360000000000000320e+00 1.573326615305541409e-01 2.229488228065185096e-02 1.350377792499022900e-01
6.370000000000000107e+00 1.521879555135345896e-01 2.253659755820391908e-02 1.296513579553306705e-01
6.379999999999999893e+00 1.449050139602929832e-01 2.291068661021435082e-02 1.219943273500786324e-01
6.390000000000000568e+00 1.349972199900868475e-01 2.341638096851790529e-02 1.115808390215689422e-01
6.400000000000000355e+00 1.220999929081889590e-01 2.405264632980765038e-02 9.804734657838130862e-02
6.410000000000000142e+00 1.059838855614763098e-01 2.481818518596273782e-02 8.116570037551357197e-02
6.419999999999999929e+00 8.667403336076207054e-02 2.571144008082148352e-02 6.096259327994058702e-02
6.429999999999999716e+00 6.433120283444315746e-02 2.673059748354229825e-02 3.760060535090085920e-02
6.440000000000000391e+00 3.938732028317737388e-02 2.787359226690497641e-02 1.151372801627239748e-02
6.450000000000000178e+00 1.254576891987690956e-02 2.913811277715331466e-02 -1.659234385727640509e-02
6.459999999999999964e+00 -1.536586495184177892e-02 3.052160648027289064e-02 -4.588747143211466956e-02
6.469999999999999751e+00 -4.323633098072798830e-02 3.202128616794053251e-02 -7.525761714866852081e-02
6.480000000000000426e+00 -6.986666372630320754e-02 3.363413670478088147e-02 -1.035008004310840890e-01
6.490000000000000213e+00 -9.392627334517594795e-02 3.535692229702513956e-02 -1.292831956422010875e-01
6.500000000000000000e+00 -1.141028194360492742e-01 3.718619426119298965e-02 -1.512890136972422639e-01
6.509999999999999787e+00 -1.290714607671752390e-01 3.911829927001578278e-02 -1.681897600371910217e-01
6.520000000000000462e+00 -1.376876633683783435e-01 4.114938805149148671e-02 -1.788370514198698302e-01
6.530000000000000249e+00 -1.389683117539712853e-01 4.327542451571519955e-02 -1.822437362696864849e-01
6.540000000000000036e+00 -1.322201093207668876e-01 4.549219528296510884e-02 -1.777123046037319964e-01
6.549999999999999822e+00 -1.170261242050778527e-01 4.779531958544849801e-02 -1.648214437905263507e-01
6.560000000000000497e+00 -9.338721736370514392e-02 5.018025951412832808e-02 -1.435674768778334720e-01
6.570000000000000284e+00 -6.166257847612488519e-02 5.264233058125003528e-02 -1.143049090573749205e-01
6.580000000000000071e+00 -2.261525181393508888e-02 5.517671256837841653e-02 -7.779196438231350541e-02
6.589999999999999858e+00 2.263345638007674410e-02 5.777846062830985924e-02 -3.514500424823311514e-02
6.600000000000000533e+00 7.260827849415107949e-02 6.044251661008424870e-02 1.216576188406683079e-02
6.610000000000000320e+00 1.255914385951193424e-01 6.316372057479552327e-02 6.242771802032381911e-02
6.620000000000000107e+00 1.795798636399563719e-01 6.593682246977432271e-02 1.136430411701820492e-01
6.629999999999999893e+00 2.325562120707989067e-01 6.875649392843466434e-02 1.637997181423642423e-01
6.640000000000000568e+00 2.825005650340131069e-01 7.161734016290099980e-02 2.108832248711121071e-01
6.650000000000000355e+00 3.273878351973431577e-01 7.451391191646083989e-02 2.528739232808823179e-01
6.660000000000000142e+00 3.655437165572905656e-01 7.744071744292291282e-02 2.881029991143676527e-01
6.669999999999999929e+00 3.954294941966116639e-01 8.039223448009963358e-02 3.150372597165120303e-01
6.679999999999999716e+00 4.159734450120531335e-01 8.336292218487528771e-02 3.326105228271778458e-01
6.690000000000000391e+00 4.265240852169176478e-01 8.634723299766400295e-02 3.401768522192536448e-01
6.700000000000000178e+00 4.268983467512823538e-01 8.933962440450832210e-02 3.375587223467740317e-01
6.709999999999999964e+00 4.173760604008238673e-01 9.233457056560950837e-02 3.250414898352143589e-01
6.719999999999999751e+00 3.987110232715087577e-01 9.532657377971953672e-02 3.033844494917892209e-01
6.730000000000000426e+00 3.721385246931490087e-01 9.831017575455641699e-02 2.738283489385925917e-01
6.740000000000000213e+00 3.391795412039577684e-01 1.012799686542230626e-01 2.378995725497347058e-01
6.750000000000000000e+00 3.017028798051937244e-01 1.042306058955199122e-01 1.974722739096738122e-01
6.759999999999999787e+00 2.617282898557067305e-01 1.071568126660283615e-01 1.545714771896783690e-01
6.770000000000000462e+00 2.213858714734278088e-01 1.100533961379121656e-01 1.113324753355156432e-01
6.780000000000000249e+00 1.827098360168646352e-01 1.129152553525270414e-01 6.979458066433759378e-02
6.790000000000000036e+00 1.476276460386249934e-01 1.157373907521413864e-01 3.189025528648360697e-02
6.799999999999999822e+00 1.177575836236092188e-01 1.185149133363503915e-01 -7.573297127411726670e-04
6.810000000000000497e+00 9.439766727879950192e-02 1.212430534230922868e-01 -2.684538614429278491e-02
6.820000000000000284e+00 7.840436598793437684e-02 1.239171689916092889e-01 -4.551280300367491205e-02
6.830000000000000071e+00 7.019557200038667455e-02 1.265327535920970081e-01 -5.633718159171033357e-02
6.839999999999999858e+00 6.965264961944017674e-02 1.290854438043035346e-01 -5.943279418486335786e-02
6.850000000000000533e+00 7.620297392031638584e-02 1.315710262298631916e-01 -5.536805230954680579e-02
6.860000000000000320e+00 8.884415572848358700e-02 1.339854440047173745e-01 -4.514128827623378748e-02
6.870000000000000107e+00 1.061681123244384573e-01 1.363248028195667150e-01 -3.015669049512825772e-02
6.879999999999999893e+00 1.264923330628500153e-01 1.385853764379203490e-01 -1.209304337507033367e-02
6.890000000000000568e+00 1.479441996988439811e-01 1.407636117029408829e-01 7.180587995903098264e-03
6.900000000000000355e+00 1.685861901331549006e-01 1.428561330259330853e-01 2.573005710722181538e-02
6.910000000000000142e+00 1.864743942404971655e-01 1.448597463509783134e-01 4.161464788951885208e-02
6.919999999999999929e+00 1.998881994736798617e-01 1.467714425918720811e-01 5.311675688180778065e-02
6.929999999999999716e+00 2.073754739098778721e-01 1.485884005391734652e-01 5.878707337070440686e-02
6.940000000000000391e+00 2.078442986242405865e-01 1.503079892368149317e-01 5.753630938742565482e-02
6.950000000000000178e+00 2.005994818436076521e-01 1.519277698293478585e-01 4.867171201425979365e-02
6.959999999999999964e+00 1.854999030124808712e-01 1.534454968825033905e-01 3.205440612997748073e-02
6.969999999999999751e+00 1.628713301105402245e-01 1.548591191813286083e-01 8.012210929211616151e-03
6.980000000000000426e+00 1.335088291306649744e-01 1.561667800117049754e-01 -2.265795088104000099e-02
6.990000000000000213e+00 9.868329088565430673e-02 1.573668169325731225e-01 -5.868352604691881580e-02
7.000000000000000000e+00 6.002793290430741280e-02 1.584577610476572140e-01 -9.842982814334980124e-02
7.009999999999999787e+00 1.948283293712727016e-02 1.594383357869162132e-01 -1.399555028497889431e-01
7.020000000000000462e+00 -2.092149836734669144e-02 1.603074552093264327e-01 -1.812289535766731241e-01
7.030000000000000249e+00 -5.900295705088942633e-02 1.610642218399304937e-01 -2.200671788908199200e-01
7.040000000000000036e+00 -9.276602060381827775e-02 1.617079240556115738e-01 -2.544739446594298515e-01
7.049999999999999822e+00 -1.203554363148580664e-01 1.622380330342574895e-01 -2.825934693491155558e-01
7.060000000000000497e+00 -1.402834887896109439e-01 1.626541992845461637e-01 -3.029376880741571076e-01
7.070000000000000284e+00 -1.514519800122352544e-01 1.629562487739305565e-01 -3.144082287861658109e-01
7.080000000000000071e+00 -1.532607389266922304e-01 1.631441786734004751e-01 -3.164049176000927055e-01
7.089999999999999858e+00 -1.456415831699182650e-01 1.632181527386310504e-01 -3.088597359085493155e-01
7.100000000000000533e+00 -1.290902667348796662e-01 1.631784963479957495e-01 -2.922687630828754157e-01
7.110000000000000320e+00 -1.045725727320439002e-01 1.630256912187160179e-01 -2.675982639507599181e-01
7.120000000000000107e+00 -7.354859518930401130e-02 1.627603698231382123e-01 -2.363089650124422236e-01
7.129999999999999893e+00 -3.784967417617468577e-02 1.623833095277657512e-01 -2.002329837039404370e-01
7.140000000000000568e+00 4.276894353294480311e-04 1.618954264782319352e-01 -1.614677370429024872e-01
7.150000000000000355e+00 3.903293021271059260e-02 1.612977692538800079e-01 -1.222648390411694153e-01
7.160000000000000142e+00 7.573123157644223724e-02 1.605915123160121527e-01 -8.486028073956991546e-02
7.169999999999999929e+00 1.083711431361762401e-01 1.597779492741849550e-01 -5.140680613800871490e-02
7.179999999999999716e+00 1.351144319622634704e-01 1.588584859951647776e-01 -2.374405403290130723e-02
7.190000000000000391e+00 1.544482139721732317e-01 1.578346335793074096e-01 -3.386419607134177889e-03
7.200000000000000178e+00 1.653356032505906015e-01 1.567080012292017821e-01 8.627602021388819376e-03
7.209999999999999964e+00 1.672781584459994697e-01 1.554802890354065048e-01 1.179786941059296490e-02
7.219999999999999751e+00 1.603215225259493337e-01 1.541532807040255360e-01 6.168241821923797774e-03
7.230000000000000426e+00 1.450450058267112041e-01 1.527288362507010777e-01 -7.683830423989873593e-03
7.240000000000000213e+00 1.225665341272867970e-01 1.512088846853652246e-01 -2.864235055807842767e-02
7.250000000000000000e+00 9.441636718036994225e-02 1.495954167117726774e-01 -5.517904953140273516e-02
7.259999999999999787e+00 6.246619158696908869e-02 1.478904774654530296e-01 -8.542428587848394095e-02
7.270000000000000462e+00 2.883442018312054600e-02 1.460961593130377933e-01 -1.172617391299172473e-01
7.280000000000000249e+00 -4.356475005220961094e-03 1.442145947360617964e-01 -1.485710697412827574e-01
7.290000000000000036e+00 -3.495933379972959720e-02 1.422479493212570334e-01 -1.772072831209866306e-01
7.299999999999999822e+00 -6.110161304677164118e-02 1.401984148783604056e-01 -2.013000279251320468e-01
7.310000000000000497e+00 -8.115266303062029785e-02 1.380682027063103445e-01 -2.192208657369306424e-01
7.320000000000000284e+00 -9.396251112877362921e-02 1.358595370277390357e-01 -2.298220481565126649e-01
7.330000000000000071e+00 -9.883922116625620813e-02 1.335746486108409237e-01 -2.324138697770971318e-01
7.339999999999999858e+00 -9.563774276334829905e-02 1.312157685968141640e-01 -2.268535113601624631e-01
7.350000000000000533e+00 -8.471851997676155266e-02 1.287851225501442376e-01 -2.135036425269057903e-01
7.360000000000000320e+00 -6.696608731368211553e-02 1.262849247480244408e-01 -1.932510120617065563e-01
7.370000000000000107e+00 -4.368042671060468063e-02 1.237173727241912546e-01 -1.673977994347959353e-01
7.379999999999999893e+00 -1.650985988795619641e-02 1.210846420814018221e-01 -1.375945019693580185e-01
7.390000000000000568e+00 1.268753373434997056e-02 1.183888815856917465e-01 -1.057013478513417759e-01
7.400000000000000355e+00 4.195988829668831355e-02 1.156322085544336103e-01 -7.367232025774529680e-02
7.410000000000000142e+00 6.940426217531264763e-02 1.128167045490732767e-01 -4.341244237376062909e-02
7.419999999999999929e+00 9.328286126461571293e-02 1.099444113822530128e-01 -1.666155011763729987e-02
7.429999999999999716e+00 1.121934306534654313e-01 1.070173274478431885e-01 5.176103205622242798e-03
7.440000000000000391e+00 1.250832664077436984e-01 1.040374043812043597e-01 2.104586202653933869e-02
7.450000000000000178e+00 1.313704099696166860e-01 1.010065440557851163e-01 3.036386591383156974e-02
7.459999999999999964e+00 1.309633318774390265e-01 9.792659592094334065e-02 3.303673595649568584e-02
7.469999999999999751e+00 1.242629988371157790e-01 9.479935468464929793e-02 2.946364415246648105e-02
7.480000000000000426e+00 1.120917310444857762e-01 9.162655834350774686e-02 2.046517270097802932e-02
7.490000000000000213e+00 9.566364042579911242e-02 8.840988656131058832e-02 7.253753864488524106e-03
7.500000000000000000e+00 7.649050354015396458e-02 8.515095939602376762e-02 -8.660455855869803043e-03
7.509999999999999787e+00 5.618934695839650217e-02 8.185133637407865370e-02 -2.566198941568215153e-02
7.520000000000000462e+00 3.644838282747620006e-02 7.851251590994430540e-02 -4.206413308246810534e-02
7.530000000000000249e+00 1.882572433347484697e-02 7.513593506682024470e-02 -5.631021073334539773e-02
7.540000000000000036e+00 4.652987500583405378e-03 7.172296965397095825e-02 -6.706998215338755287e-02
7.549999999999999822e+00 -5.037104869001662877e-03 6.827493465485715007e-02 -7.331203952385881295e-02
7.560000000000000497e+00 -9.654175759883809604e-03 6.479308497912107667e-02 -7.444726073900488628e-02
7.570000000000000284e+00 -9.065562153963258041e-03 6.127861653041571932e-02 -7.034417868437897736e-02
7.580000000000000071e+00 -3.572218549996897252e-03 5.773266758103288987e-02 -6.130488613102978712e-02
7.589999999999999858e+00 6.066304991342308384e-03 5.415632044329008604e-02 -4.809001545194777766e-02
7.600000000000000533e+00 1.865714574056165365e-02 5.055060342667729023e-02 -3.189345768611563658e-02
7.610000000000000320e+00 3.281478838312568147e-02 4.691649306885061627e-02 -1.410170468572493480e-02
7.620000000000000107e+00 4.688617061804745134e-02 4.325491662768950890e-02 3.631253990357942441e-03
7.629999999999999893e+00 5.924282762983812400e-02 3.956675482081081080e-02 1.967607280902731320e-02
7.640000000000000568e+00 6.827727772965397346e-02 3.585284479815960268e-02 3.242443293149437078e-02
7.650000000000000355e+00 7.267612869108414086e-02 3.211398333257493160e-02 4.056214535850920927e-02
7.660000000000000142e+00 7.140694579732898006e-02 2.835093021255935541e-02 4.305601558476962465e-02
7.669999999999999929e+00 6.392137110026935298e-02 2.456441182086858271e-02 3.935695927940077027e-02
7.679999999999999716e+00 5.010986386226001787e-02 2.075512488198064109e-02 2.935473898027937678e-02
7.690000000000000391e+00 3.042719112794456393e-02 1.692374036100620371e-02 1.350345076693836022e-02
7.700000000000000178e+00 5.859748966308364615e-03 1.307090749616364109e-02 -7.211158529855276472e-03
7.709999999999999964e+00 -2.222490355310502430e-02 9.197257946564521558e-03 -3.142216149966954586e-02
7.719999999999999751e+00 -5.205627656308386975e-02 5.303410036739931999e-03 -5.735968659982380174e-02
7.730000000000000426e+00 -8.163213269960456486e-02 1.389973079082132412e-03 -8.302210577868669727e-02
7.740000000000000213e+00 -1.088321976892574483e-01 -2.542448244844230931e-03 -1.062897494444132174e-01
7.750000000000000000e+00 -1.315790245674093306e-01 -6.493249463134120880e-03 -1.250857751042752097e-01
7.759999999999999787e+00 -1.480589194046353363e-01 -1.046182187186070478e-02 -1.375970975327746315e-01
7.770000000000000462e+00 -1.567569785196187837e-01 -1.444754809202705714e-02 -1.423094304275917266e-01
7.780000000000000249e+00 -1.566519290391603647e-01 -1.844979764428494873e-02 -1.382021313948754160e-01
7.790000000000000036e+00 -1.472892079174532576e-01 -2.246792256042541569e-02 -1.248212853570278419e-01
7.799999999999999822e+00 -1.288450781206962326e-01 -2.650125305045372692e-02 -1.023438250702425056e-01
7.810000000000000497e+00 -1.021509620907052884e-01 -3.054909324380733482e-02 -7.160186884689795361e-02
7.820000000000000284e+00 -6.864581804540570431e-02 -3.461071702295892560e-02 -3.403510102244677871e-02
7.830000000000000071e+00 -3.028537079489934669e-02 -3.868536396727033366e-02 8.399993172370986971e-03
7.839999999999999858e+00 1.053976280500235063e-02 -4.277223542452811972e-02 5.331199822953047035e-02
7.850000000000000533e+00 5.116980832626882858e-02 -4.687049072709706388e-02 9.804029905336589246e-02
7.860000000000000320e+00 8.877141239083297108e-02 -5.097924356907901355e-02 1.397506559599119846e-01
7.870000000000000107e+00 1.206612406670675153e-01 -5.509755856025957965e-02 1.757587992273270949e-01
7.879999999999999893e+00 1.443175230768518613e-01 -5.922444797196874111e-02 2.035419710488206024e-01
7.890000000000000568e+00 1.577014162029559685e-01 -6.335886868927420590e-02 2.210602848922301744e-01
7.900000000000000355e+00 1.592837919175035255e-01 -6.749971938317014808e-02 2.267835113006736736e-01
7.910000000000000142e+00 1.482141373938481443e-01 -7.164583791562373349e-02 2.198599753094718778e-01
7.919999999999999929e+00 1.243560968508901077e-01 -7.579599898949584968e-02 2.001520958403859574e-01
7.930000000000000604e+00 8.834709064534607137e-02 -7.994891205446880145e-02 1.682960026998148728e-01
7.940000000000000391e+00 4.154054126344058906e-02 -8.410321947918986130e-02 1.256437607426304504e-01
7.950000000000000178e+00 -1.403332424415826285e-02 -8.825749499888237148e-02 7.422417075472410863e-02
7.959999999999999964e+00 -7.581754897689230166e-02 -9.241024244668756549e-02 1.659269346979526383e-02
7.969999999999999751e+00 -1.408304959929127520e-01 -9.655989477600936122e-02 -4.427060121690339078e-02
7.980000000000000426e+00 -2.058643144651980394e-01 -1.007048133799903211e-01 -1.051595010852077183e-01
7.990000000000000213e+00 -2.676838645915842196e-01 -1.048432877133195218e-01 -1.628405768782646978e-01
8.000000000000000000e+00 -3.231859980152871348e-01 -1.089735352204202756e-01 -2.142124627948668592e-01
8.009999999999999787e+00 -3.695957825681335240e-01 -1.130937015729722717e-01 -2.565020809951612524e-01
8.019999999999999574e+00 -4.046213174009503089e-01 -1.172018612186217501e-01 -2.874194561823285587e-01
8.030000000000001137e+00 -4.265856361053805834e-01 -1.212960182416165100e-01 -3.052896178637640734e-01
8.039999999999999147e+00 -4.345221386315669676e-01 -1.253741075349883438e-01 -3.091480310965786238e-01
8.050000000000000711e+00 -4.282089706799614426e-01 -1.294339962827842361e-01 -2.987749743971772065e-01
8.060000000000000497e+00 -4.081697602444451789e-01 -1.334734857497378302e-01 -2.746962744947073487e-01
8.070000000000000284e+00 -3.757019419916312053e-01 -1.374903133746659123e-01 -2.382116286169652930e-01
8.080000000000000071e+00 -3.326392223815841653e-01 -1.414821551627813701e-01 -1.911570672188027953e-01
8.089999999999999858e+00 -2.813911148481844648e-01 -1.454466283710386665e-01 -1.359444864771457984e-01
8.100000000000001421e+00 -2.247093764840903951e-01 -1.493812944795672171e-01 -7.532808200452317804e-02
8.109999999999999432e+00 -1.655380386608129584e-01 -1.532836624412149407e-01 -1.225437621959801771e-02
8.120000000000000995e+00 -1.068499845417925087e-01 -1.571511922002171713e-01 5.030120765842466257e-02
8.129999999999999005e+00 -5.143817977360853888e-02 -1.609812984700244864e-01 1.095431186964159476e-01
8.140000000000000568e+00 -1.833295153976788328e-03 -1.647713547593848415e-01 1.629380596054080532e-01
8.150000000000000355e+00 3.985871589257294900e-02 -1.685186976348641008e-01 2.083774135274370498e-01
8.160000000000000142e+00 7.215564588520617662e-02 -1.722206312071256629e-01 2.443762770923318395e-01
8.169999999999999929e+00 9.408328055168002635e-02 -1.758744318274660379e-01 2.699577123791460642e-01
8.179999999999999716e+00 1.054172813738185610e-01 -1.794773529803295187e-01 2.848946343541480797e-01
8.190000000000001279e+00 1.064703587903859106e-01 -1.830266303567956720e-01 2.894969891471815826e-01
8.199999999999999289e+00 9.817863285348060742e-02 -1.865194870933713500e-01 2.846981199468519574e-01
8.210000000000000853e+00 8.197781049958829946e-02 -1.899531391597657493e-01 2.719309496593540487e-01
8.219999999999998863e+00 5.972648247130019072e-02 -1.933248008788002181e-01 2.530512833501004089e-01
8.230000000000000426e+00 3.351491561147290632e-02 -1.966316905610995813e-01 2.301466061725724876e-01
8.240000000000000213e+00 5.556695492094809730e-03 -1.998710362367498716e-01 2.054277317288446814e-01
8.250000000000000000e+00 -2.191394230977883328e-02 -2.030400814657379316e-01 1.811261391559590983e-01
8.259999999999999787e+00 -4.684654724583209306e-02 -2.061360912086721286e-01 1.592895439628400356e-01
8.269999999999999574e+00 -6.744831708469295473e-02 -2.091563577390317952e-01 1.417080406543388404e-01
8.280000000000001137e+00 -8.231615535395475636e-02 -2.120982065780115944e-01 1.297820512240568380e-01
8.289999999999999147e+00 -9.049752135831107269e-02 -2.149590024329086635e-01 1.244614810745975908e-01
8.300000000000000711e+00 -9.151992659746405190e-02 -2.177361551199532841e-01 1.262162285224892322e-01
8.310000000000000497e+00 -8.544619196174579878e-02 -2.204271254524993173e-01 1.349809334907535185e-01
8.320000000000000284e+00 -7.282935005806367990e-02 -2.230294310755819298e-01 1.502000810175182499e-01
8.330000000000000071e+00 -5.467682265252060692e-02 -2.255406522280007653e-01 1.708638295754801584e-01
8.339999999999999858e+00 -3.234069538220318840e-02 -2.279584374133094282e-01 1.956177420311062398e-01
8.350000000000001421e+00 -7.522067973898316495e-03 -2.302805089613800538e-01 2.227584409874817373e-01
8.359999999999999432e+00 1.795582014673113846e-02 -2.325046684625628468e-01 2.504604886092939853e-01
8.370000000000000995e+00 4.221498526286482367e-02 -2.346288020568797483e-01 2.768437873197445720e-01
8.379999999999999005e+00 6.341777395714975896e-02 -2.366508855611675344e-01 3.000686595183172933e-01
8.390000000000000568e+00 7.983850384250956722e-02 -2.385689894176264980e-01 3.184074932601360652e-01
8.400000000000000355e+00 9.016201053497097107e-02 -2.403812834478285532e-01 3.305432939827995242e-01
8.410000000000000142e+00 9.331534474805946999e-02 -2.420860413968933811e-01 3.354013861449528511e-01
8.419999999999999929e+00 8.863383642836231147e-02 -2.436816452532478694e-01 3.323154816816101809e-01
8.429999999999999716e+00 7.591932771752230025e-02 -2.451665893301395727e-01 3.210859170476618729e-01
8.440000000000001279e+00 5.544507680047860987e-02 -2.465394840958926581e-01 3.019845608963712680e-01
8.449999999999999289e+00 2.790815447081396172e-02 -2.477990597407456197e-01 2.757072142115595814e-01
8.460000000000000853e+00 -5.714362206901135721e-03 -2.489441694689854545e-01 2.432298072620843188e-01
8.469999999999998863e+00 -4.398483221797899745e-02 -2.499737925060422361e-01 2.059889602880632387e-01
8.480000000000000426e+00 -8.535680020834757187e-02 -2.508870368111713600e-01 1.655302366028237882e-01
8.490000000000000213e+00 -1.280946231425375004e-01 -2.516831414873488826e-01 1.235885183448113822e-01
8.500000000000000000e+00 -1.704571315019238753e-01 -2.523614788810270015e-01 8.190434737910312624e-02
8.509999999999999787e+00 -2.107836597790333499e-01 -2.529215563654490517e-01 4.213789658641570179e-02
8.519999999999999574e+00 -2.476143311705953920e-01 -2.533630178022861501e-01 5.748686631690758109e-03
8.530000000000001137e+00 -2.797110918451766182e-01 -2.536856446774441443e-01 -2.602544716773247391e-02
8.539999999999999147e+00 -3.062512806273360866e-01 -2.538893569079773704e-01 -5.236192371935871614e-02
8.550000000000000711e+00 -3.266910750360283444e-01 -2.539742133181513983e-01 -7.271686171787694608e-02
8.560000000000000497e+00 -3.409415584818420442e-01 -2.539404117837913422e-01 -8.700114669805070200e-02
8.570000000000000284e+00 -3.493450231246528759e-01 -2.537882890451605977e-01 -9.555673407949227816e-02
8.580000000000000071e+00 -3.525731378935290650e-01 -2.535183201897004412e-01 -9.905481770382862372e-02
8.589999999999999858e+00 -3.516015366192459801e-01 -2.531311178070521084e-01 -9.847041881219387172e-02
8.600000000000001421e+00 -3.475970831469386013e-01 -2.526274308198462326e-01 -9.496965232709236870e-02
8.609999999999999432e+00 -3.419945216919160202e-01 -2.520081429947990670e-01 -8.998637869711695325e-02
8.620000000000000995e+00 -3.362084983566262508e-01 -2.512742711396825368e-01 -8.493422721694371402e-02
8.629999999999999005e+00 -3.315422121762212626e-01 -2.504269629927357577e-01 -8.111524918348550495e-02
8.640000000000000568e+00 -3.291517621418316719e-01 -2.494674948120610414e-01 -7.968426732977063054e-02
8.650000000000000355e+00 -3.300388884480907059e-01 -2.483972686734825519e-01 -8.164161977460815400e-02
8.660000000000000142e+00 -3.347450688759255888e-01 -2.472178094862516329e-01 -8.752725938967395591e-02
8.669999999999999929e+00 -3.434891221591460098e-01 -2.459307617368463594e-01 -9.755836042229965033e-02
8.679999999999999716e+00 -3.560628502308588184e-01 -2.445378859719069264e-01 -1.115249642589518919e-01
8.690000000000001279e+00 -3.719124222321363860e-01 -2.430410550321628338e-01 -1.288713671999735522e-01
8.699999999999999289e+00 -3.900782916681571066e-01 -2.414422500498983604e-01 -1.486360416182587463e-01
8.710000000000000853e+00 -4.092784868355625605e-01 -2.397435562231876038e-01 -1.695349306123749566e-01
8.719999999999998863e+00 -4.280165820209225203e-01 -2.379471583807435675e-01 -1.900694236401789528e-01
8.730000000000000426e+00 -4.447454246928921329e-01 -2.360553363517930714e-01 -2.086900883410990615e-01
8.740000000000000213e+00 -4.578218817830919107e-01 -2.340704601558891429e-01 -2.237514216272027678e-01
8.750000000000000000e+00 -4.657822545587619878e-01 -2.319949850280252079e-01 -2.337872695307367799e-01
8.759999999999999787e+00 -4.673293576610717537e-01 -2.298314462947982639e-01 -2.374979113662734898e-01
8.769999999999999574e+00 -4.616133329992933021e-01 -2.275824541176934834e-01 -2.340308788815998187e-01
8.780000000000001137e+00 -4.480288754537746776e-01 -2.252506881198310940e-01 -2.227781873339435836e-01
8.789999999999999147e+00 -4.265415406647856678e-01 -2.228388919127126389e-01 -2.037026487520730289e-01
8.800000000000000711e+00 -3.975951110549753587e-01 -2.203498675396485806e-01 -1.772452435153267780e-01
8.810000000000000497e+00 -3.621206186549543737e-01 -2.177864698526228160e-01 -1.443341488023315577e-01
8.820000000000000284e+00 -3.213656460651361790e-01 -2.151516008393682122e-01 -1.062140452257679668e-01
8.830000000000000071e+00 -2.770001070678769217e-01 -2.124482039173803682e-01 -6.455190315049655347e-02
8.839999999999999858e+00 -2.309720626110089992e-01 -2.096792582114909986e-01 -2.129280439951800052e-02
8.850000000000001421e+00 -1.853045125306982399e-01 -2.068477728314586650e-01 2.154326030076042509e-02
8.859999999999999432e+00 -1.419817907843095028e-01 -2.039567811658102303e-01 6.197499038150072748e-02
8.870000000000000995e+00 -1.028434443936364628e-01 -2.010093352078881346e-01 9.816589081425167174e-02
8.879999999999999005e+00 -6.951352042831485112e-02 -1.980084999297253567e-01 1.284949795014105056e-01
8.890000000000000568e+00 -4.320518938202959347e-02 -1.949573477189830428e-01 1.517521583369534355e-01
8.900000000000000355e+00 -2.461968892890203930e-02 -1.918589528937502398e-01 1.672392639648482004e-01
8.910000000000000142e+00 -1.401068302486063732e-02 -1.887163863095225602e-01 1.747057032846619229e-01
8.919999999999999929e+00 -1.108520957600958590e-02 -1.855327100721470002e-01 1.744475004961374143e-01
8.929999999999999716e+00 -1.506225987078163575e-02 -1.823109723699468110e-01 1.672487124991651752e-01
8.940000000000001279e+00 -2.474544373868450831e-02 -1.790542024376320096e-01 1.543087586989475013e-01
8.949999999999999289e+00 -3.859623870805825585e-02 -1.757654056639519902e-01 1.371691669558937343e-01
8.960000000000000853e+00 -5.488526004466476316e-02 -1.724475588543673554e-01 1.175622988097025923e-01
8.969999999999998863e+00 -7.180702780457193235e-02 -1.691036056593061276e-01 9.729657785473419529e-02
8.980000000000000426e+00 -8.763700732957213635e-02 -1.657364521778327271e-01 7.809944484826059075e-02
8.990000000000000213e+00 -1.008851423083416132e-01 -1.623489627457979367e-01 6.146382043745632351e-02
9.000000000000000000e+00 -1.103886899512619979e-01 -1.589439559167549199e-01 4.855526596549292195e-02
9.009999999999999787e+00 -1.154050023919863666e-01 -1.555242006431331037e-01 4.011919825114673710e-02
9.019999999999999574e+00 -1.156666743306151712e-01 -1.520924126643470320e-01 3.642573833373186076e-02
9.030000000000001137e+00 -1.114663335796943489e-01 -1.486512511077030252e-01 3.718491752800867634e-02
9.039999999999999147e+00 -1.035188831676664978e-01 -1.452033153071365101e-01 4.168443213947001236e-02
9.050000000000000711e+00 -9.296723589136121624e-02 -1.417511418439879878e-01 4.878390595262677154e-02
9.060000000000000497e+00 -8.126504833253569982e-02 -1.382972018131980174e-01 5.703215348066231760e-02
9.070000000000000284e+00 -7.005377736878320993e-02 -1.348438983174783390e-01 6.479012094869512906e-02
9.080000000000000071e+00 -6.097739747457853188e-02 -1.313935641912025443e-01 7.041616671662401239e-02
9.089999999999999858e+00 -5.557237514707674686e-02 -1.279484599549537693e-01 7.237608480787702248e-02
9.100000000000001421e+00 -5.509018837564744198e-02 -1.245107720008773733e-01 6.942058362522993131e-02
9.109999999999999432e+00 -6.038686981781815621e-02 -1.210826110082128954e-01 6.069574119039473914e-02
9.120000000000000995e+00 -7.181786667274392411e-02 -1.176660105876233958e-01 4.584814391487947172e-02
9.129999999999999005e+00 -8.918872302596250745e-02 -1.142629261522083300e-01 2.507420312624582259e-02
9.140000000000000568e+00 -1.117591269218310146e-01 -1.108752340123843466e-01 -8.838929094466679848e-04
9.150000000000000355e+00 -1.382650583813873069e-01 -1.075047306911292300e-01 -3.076032769025807689e-02
9.160000000000000142e+00 -1.670236839189482292e-01 -1.041531324554349491e-01 -6.287055146351328005e-02
9.169999999999999929e+00 -1.960704714304168372e-01 -1.008220750591983655e-01 -9.524839637121847169e-02
9.179999999999999716e+00 -2.232984216474304118e-01 -9.751311369218912395e-02 -1.257853079552412878e-01
9.190000000000001279e+00 -2.466737526095196253e-01 -9.422772312918270554e-02 -1.524460294803369198e-01
9.199999999999999289e+00 -2.644035316167782090e-01 -9.096729807282766256e-02 -1.734362335439505465e-01
9.210000000000000853e+00 -2.750977246541327359e-01 -8.773315368333986508e-02 -1.873645709707928708e-01
9.219999999999998863e+00 -2.779342451985454820e-01 -8.452652628767298726e-02 -1.934077189108724948e-01
9.230000000000000426e+00 -2.727697332690793841e-01 -8.134857426041347539e-02 -1.914211590086659087e-01
9.240000000000000213e+00 -2.601669691146456520e-01 -7.820037906828686269e-02 -1.819665900463587893e-01
9.250000000000000000e+00 -2.414040958913143964e-01 -7.508294646983956766e-02 -1.663211494214748287e-01
9.259999999999999787e+00 -2.184183380987796408e-01 -7.199720786157876029e-02 -1.464211302372008805e-01
9.269999999999999574e+00 -1.936428612084844514e-01 -6.894402176161382179e-02 -1.246988394468706296e-01
9.280000000000001137e+00 -1.698580631151042630e-01 -6.592417542163940547e-02 -1.039338876934648576e-01
9.289999999999999147e+00 -1.499581725706886082e-01 -6.293838655794407877e-02 -8.701978601274452940e-02
9.300000000000000711e+00 -1.367212943854682061e-01 -5.998730519200312639e-02 -7.673398919346507974e-02
9.310000000000000497e+00 -1.325403918758933930e-01 -5.707151559113667061e-02 -7.546887628475672238e-02
9.320000000000000284e+00 -1.392192860624862361e-01 -5.419153829966731617e-02 -8.502774776281891989e-02
9.330000000000000071e+00 -1.577646636479932418e-01 -5.134783225100796045e-02 -1.064168313969852814e-01
9.339999999999999858e+00 -1.882468333569367047e-01 -4.854079695113761028e-02 -1.397060364057990944e-01
9.350000000000001421e+00 -2.297214913973233408e-01 -4.577077472398954905e-02 -1.839507166733337917e-01
9.359999999999999432e+00 -2.802395252741225473e-01 -4.303805300937502132e-02 -2.372014722647475260e-01
9.370000000000000995e+00 -3.369417240512776468e-01 -4.034286670419051646e-02 -2.965988573470871303e-01
9.379999999999999005e+00 -3.961864644112478850e-01 -3.768540053781899157e-02 -3.585010638734288935e-01
9.390000000000000568e+00 -4.538307889598697242e-01 -3.506579147283150899e-02 -4.187649974870382152e-01
9.400000000000000355e+00 -5.054805846964439686e-01 -3.248413112230408295e-02 -4.729964535741398857e-01
9.410000000000000142e+00 -5.468098413261637258e-01 -2.994046817530748861e-02 -5.168693731508562372e-01
9.419999999999999929e+00 -5.739306132744067535e-01 -2.743481082239418445e-02 -5.464958024520125690e-01
9.429999999999999716e+00 -5.836952877877734647e-01 -2.496712917318877345e-02 -5.587281586145846912e-01
9.440000000000001279e+00 -5.739271128675609290e-01 -2.253735765849873562e-02 -5.513897552090621934e-01
9.449999999999999289e+00 -5.437427773793418462e-01 -2.014539740968035453e-02 -5.235973799696614916e-01
9.460000000000000853e+00 -4.935823435561439432e-01 -1.779111860833598735e-02 -4.757912249478079558e-01
9.469999999999998863e+00 -4.253272437140509510e-01 -1.547436279976821538e-02 -4.098528809142827356e-01
9.480000000000000426e+00 -3.421776342717621766e-01 -1.319494516398295181e-02 -3.289826891077792248e-01
9.490000000000000213e+00 -2.485544237774182097e-01 -1.095265673840259413e-02 -2.376017670390156156e-01
9.500000000000000000e+00 -1.497280105700897757e-01 -8.747266586833224444e-03 -1.409807439832565512e-01
9.509999999999999787e+00 -5.163038760714311337e-02 -6.578523909616128262e-03 -4.505186369752698511e-02
9.519999999999999574e+00 3.968406321652739877e-02 -4.446160090282598454e-03 4.413022330680999722e-02
9.530000000000001137e+00 1.183600021596125096e-01 -2.349890674425231252e-03 1.207098928340377408e-01
9.539999999999999147e+00 1.791928820417649781e-01 -2.894172768907188331e-04 1.794822993186556970e-01
9.550000000000000711e+00 2.181153690230388520e-01 1.735570586208629029e-03 2.163797984368302230e-01
9.560000000000000497e+00 2.323783462621564766e-01 3.725393743777699607e-03 2.286529525183787770e-01
9.570000000000000284e+00 2.208215795114130131e-01 5.680381697045017164e-03 2.151411978143679959e-01
9.580000000000000071e+00 1.841042484745099017e-01 7.600871030240902160e-03 1.765033774442689996e-01
9.589999999999999858e+00 1.246510084039860189e-01 9.487203906624303018e-03 1.151638044973617159e-01
9.600000000000001421e+00 4.652541418871258827e-02 1.133972665147048309e-02 3.518568753724210518e-02
9.609999999999999432e+00 -4.481025259481352663e-02 1.315878842326954207e-02 -5.796904101808306869e-02
9.620000000000000995e+00 -1.428411985035236142e-01 1.494473997405124099e-02 -1.577859384775748552e-01
9.629999999999999005e+00 -2.403348245039804709e-01 1.669793249940909607e-02 -2.570327570033895670e-01
9.640000000000000568e+00 -3.299648329805817681e-01 1.841871657847499177e-02 -3.483835495590567599e-01
9.650000000000000355e+00 -4.046826134816843279e-01 2.010744120378588073e-02 -4.247900546854702086e-01
9.660000000000000142e+00 -4.584194350513293159e-01 2.176445290068396154e-02 -4.801838879520132775e-01
9.669999999999999929e+00 -4.862275835581186811e-01 2.339009493561006181e-02 -5.096176784937287429e-01
9.679999999999999716e+00 -4.849025213178856930e-01 2.498470661237706114e-02 -5.098872279302627541e-01
9.690000000000001279e+00 -4.529918418420679771e-01 2.654862265525470555e-02 -4.795404644973226826e-01
9.699999999999999289e+00 -3.912107009818441838e-01 2.808217267745394263e-02 -4.192928736592981265e-01
9.710000000000000853e+00 -3.021879755101632981e-01 2.958568073337186632e-02 -3.317736562435351644e-01
9.720000000000000639e+00 -1.904630361685253348e-01 3.105946495274428121e-02 -2.215225011212696160e-01
9.730000000000000426e+00 -6.201005291038264033e-02 3.250383725465319507e-02 -9.451389016503583540e-02
9.740000000000000213e+00 7.591459941218481333e-02 3.391910313915249414e-02 4.199549627303231919e-02
9.750000000000000000e+00 2.154158937515742167e-01 3.530556155410335961e-02 1.801103321974708571e-01
9.759999999999999787e+00 3.483766547099982347e-01 3.666350483465369292e-02 3.117131498753445418e-01
9.769999999999999574e+00 4.671154068935785553e-01 3.799321871265298745e-02 4.291221881809255678e-01
9.780000000000001137e+00 5.648891071147184029e-01 3.929498239316187025e-02 5.255941247215565326e-01
9.789999999999999147e+00 6.361885670603455445e-01 4.056906869509946389e-02 5.956194983652460806e-01
9.800000000000000711e+00 6.772482053192783180e-01 4.181574425296452624e-02 6.354324610663137918e-01
9.809999999999998721e+00 6.862216411733496058e-01 4.303526977647320617e-02 6.431863713968763996e-01
9.820000000000000284e+00 6.633110281296871191e-01 4.422790036487367349e-02 6.190831277648134456e-01
9.830000000000001847e+00 6.106683505293031278e-01 4.539388587262682684e-02 5.652744646566763009e-01
9.839999999999999858e+00 5.322785221066166361e-01 4.653347132307839029e-02 4.857450507835382458e-01
9.850000000000001421e+00 4.336022761630298206e-01 4.764689736669996956e-02 3.859553787963298510e-01
9.859999999999999432e+00 3.211946433541066348e-01 4.873440078043222989e-02 2.724602425736744049e-01
9.870000000000000995e+00 2.022562612780784974e-01 4.979621500462794170e-02 1.524600462734505557e-01
9.879999999999999005e+00 8.405970411154506383e-02 5.083257071407169814e-02 3.322713339747336569e-02
9.890000000000000568e+00 -2.650220324675153782e-02 5.184369641953029406e-02 -7.834589966628183189e-02
9.899999999999998579e+00 -1.233998967935917568e-01 5.282981909628212125e-02 -1.762297158898738780e-01
9.910000000000000142e+00 -2.018418869764094792e-01 5.379116483606705135e-02 -2.556330518124765305e-01
9.920000000000001705e+00 -2.585616090864244487e-01 5.472795951890291333e-02 -3.132895686053273621e-01
9.929999999999999716e+00 -2.919739318707774700e-01 5.564042950122305431e-02 -3.476143613720005243e-01
9.940000000000001279e+00 -3.022965747662735847e-01 5.652880231680396106e-02 -3.588253770830775458e-01
9.949999999999999289e+00 -2.913059687840675593e-01 5.739330738697229206e-02 -3.486992761710398514e-01
9.960000000000000853e+00 -2.621665046694476864e-01 5.823417673660474803e-02 -3.204006814060524344e-01
9.969999999999998863e+00 -2.191756600396026489e-01 5.905164571246546146e-02 -2.782273057520681103e-01
9.980000000000000426e+00 -1.673521796545693885e-01 5.984595370045844853e-02 -2.271981333550278370e-01
9.989999999999998437e+00 -1.119045451337925545e-01 6.061734483841302312e-02 -1.725218899722055776e-01
1.000000000000000000e+01 -5.785114584801087645e-02 6.136606872106206700e-02 -1.192172145690729435e-01
1.001000000000000156e+01 -9.688494264634694986e-03 6.209238109392134497e-02 -7.178087535855603996e-02
1.001999999999999957e+01 2.913090050468047920e-02 6.279654453282981774e-02 -3.366564402814933854e-02
1.003000000000000114e+01 5.626421976969098182e-02 6.347882910596590322e-02 -7.214609336274921403e-03
1.003999999999999915e+01 7.079616688202294839e-02 6.413951301521578219e-02 6.656653866807166198e-03
1.005000000000000071e+01 7.318380630613341431e-02 6.477888321383343251e-02 8.404923092299981802e-03
1.005999999999999872e+01 6.519076741170359846e-02 6.539723599739998006e-02 -2.064685856963816013e-04
1.007000000000000028e+01 4.966107745557524211e-02 6.599487756516758674e-02 -1.633380010959234463e-02
1.008000000000000185e+01 3.025128607862215269e-02 6.657212454894509412e-02 -3.632083847032294144e-02
1.008999999999999986e+01 1.109238519822774993e-02 6.712930450676647676e-02 -5.603691930853872682e-02
1.010000000000000142e+01 -3.659852838611366010e-03 6.766675637867275439e-02 -7.132660921728412040e-02
1.010999999999999943e+01 -1.020236963785881024e-02 6.818483090202863417e-02 -7.838720053988744441e-02
1.012000000000000099e+01 -5.430614463219352039e-03 6.868389098389351966e-02 -7.411450544711287169e-02
1.012999999999999901e+01 1.272193906143537223e-02 6.916431202806926082e-02 -5.644237296663388859e-02
1.014000000000000057e+01 4.505601886658372468e-02 6.962648221455562669e-02 -2.457046334797190201e-02
1.014999999999999858e+01 9.107733215202995503e-02 7.007080272925987618e-02 2.100652942277007884e-02
1.016000000000000014e+01 1.489061641897928556e-01 7.049768794192504129e-02 7.840847624786781433e-02
1.017000000000000171e+01 2.154133885838938056e-01 7.090756553037136367e-02 1.445058230535224419e-01
1.017999999999999972e+01 2.864835086302219835e-01 7.130087654927441676e-02 2.151826320809475668e-01
1.019000000000000128e+01 3.573580482165956695e-01 7.167807544184523483e-02 2.856799727747504347e-01
1.019999999999999929e+01 4.229400557151312690e-01 7.203962999292240488e-02 3.509004257222088641e-01
1.021000000000000085e+01 4.782318587045599756e-01 7.238602122213660950e-02 4.058458374824233661e-01
1.021999999999999886e+01 5.187947825164536120e-01 7.271774321596935486e-02 4.460770393004842571e-01
1.023000000000000043e+01 5.410856554218290704e-01 7.303530289768933592e-02 4.680503525241397345e-01
1.023999999999999844e+01 5.427609330174258950e-01 7.333921973432294683e-02 4.694217132831029482e-01
1.025000000000000000e+01 5.228855471794897625e-01 7.363002537999263630e-02 4.492555217994971262e-01
1.026000000000000156e+01 4.821004487947440076e-01 7.390826325513893957e-02 4.081921855396050680e-01
1.026999999999999957e+01 4.225305316862124627e-01 7.417448806133380979e-02 3.483560436248786529e-01
1.028000000000000114e+01 3.477433729942349672e-01 7.442926523158471808e-02 2.733141077626502491e-01
1.028999999999999915e+01 2.623790748266356943e-01 7.467317031623366130e-02 1.877059045104020329e-01
1.030000000000000071e+01 1.719624065310378924e-01 7.490678830475439032e-02 9.705561822628350210e-02
1.030999999999999872e+01 8.244028545603665492e-02 7.513071288396495906e-02 7.309572572071695862e-03
1.032000000000000028e+01 -3.498345912764655452e-04 7.534554563338750899e-02 -7.569538022466397453e-02
1.033000000000000185e+01 -7.093217249151173576e-02 7.555189515870275319e-02 -1.464840676502144889e-01
1.033999999999999986e+01 -1.247139495030809009e-01 7.575037616446669841e-02 -2.004643256675475993e-01
1.035000000000000142e+01 -1.582616663672018475e-01 7.594160846748104765e-02 -2.342032748346828952e-01
1.035999999999999943e+01 -1.696660604832203045e-01 7.612621595243268535e-02 -2.457922764356529899e-01
1.037000000000000099e+01 -1.584982402134758050e-01 7.630482547164341156e-02 -2.348030656851192166e-01
1.037999999999999901e+01 -1.259592883143412223e-01 7.647806569099746543e-02 -2.024373540053386877e-01
1.039000000000000057e+01 -7.467152066537047217e-02 7.664656588433879647e-02 -1.513180865497092686e-01
1.039999999999999858e+01 -8.613536318519243729e-03 7.681095467885500072e-02 -8.542449099737424445e-02
1.041000000000000014e+01 6.735895396267577162e-02 7.697185875418655066e-02 -9.612904791510779035e-03
1.042000000000000171e+01 1.478050345011721056e-01 7.712990149821861985e-02 7.067513300295348577e-02
1.042999999999999972e+01 2.271029249279196693e-01 7.728570162272790922e-02 1.498172233051917601e-01
1.044000000000000128e+01 2.999246991332572554e-01 7.743987174226713011e-02 2.224848273909901253e-01
1.044999999999999929e+01 3.616100322965489777e-01 7.759301691987402494e-02 2.840170153766749528e-01
1.046000000000000085e+01 4.085042575137645127e-01 7.774573318338889871e-02 3.307585243303756140e-01
1.046999999999999886e+01 4.381968868652324489e-01 7.789860601635595350e-02 3.602982808488764954e-01
1.048000000000000043e+01 4.496925894179613081e-01 7.805220882766267243e-02 3.716403805902986357e-01
1.049000000000000199e+01 4.434535295544552724e-01 7.820710140424624868e-02 3.652464281502090238e-01
1.050000000000000000e+01 4.212779328753800678e-01 7.836382835135446978e-02 3.429141045240255981e-01
1.051000000000000156e+01 3.861654103562311424e-01 7.852291752500012434e-02 3.076424928312310181e-01
1.051999999999999957e+01 3.420066557914028804e-01 7.868487846138494390e-02 2.633217773300179365e-01
1.053000000000000114e+01 2.932772520405687589e-01 7.885020080819313271e-02 2.144270512323756261e-01
1.053999999999999915e+01 2.446355163747033767e-01 7.901935276276883524e-02 1.656161636119345415e-01
1.055000000000000071e+01 2.005290822921695915e-01 7.919277952228052919e-02 1.213363027698890623e-01
1.055999999999999872e+01 1.648410538859764185e-01 7.937090175106320533e-02 8.547015213491321317e-02
1.057000000000000028e+01 1.406520228166015518e-01 7.955411407038820437e-02 6.109790874621334744e-02
1.058000000000000185e+01 1.298796355920995849e-01 7.974278357596151223e-02 5.013685201613807263e-02
1.058999999999999986e+01 1.332744881150547678e-01 7.993724838847970915e-02 5.333723972657505863e-02
1.060000000000000142e+01 1.502887985256375902e-01 8.013781624258602132e-02 7.015098228305156891e-02
1.060999999999999943e+01 1.792602211273280344e-01 8.034476311956302574e-02 9.891545800776500863e-02
1.062000000000000099e+01 2.174937277335161068e-01 8.055833192907352336e-02 1.369353958044425834e-01
1.062999999999999901e+01 2.615340616525969608e-01 8.077873124521833814e-02 1.807553304073786227e-01
1.064000000000000057e+01 3.075283522711279582e-01 8.100613410211698895e-02 2.265222181690109693e-01
1.064999999999999858e+01 3.514596428736811440e-01 8.124067685413538520e-02 2.702189660195457588e-01
1.066000000000000014e+01 3.896171548641055304e-01 8.148245810578241821e-02 3.081346967583231122e-01
1.067000000000000171e+01 4.187791089925647636e-01 8.173153771617958085e-02 3.370475712763851828e-01
1.067999999999999972e+01 4.365894170927883122e-01 8.198793588286357181e-02 3.546014812099247404e-01
1.069000000000000128e+01 4.416260154858168141e-01 8.225163230952725613e-02 3.593743831762895580e-01
1.069999999999999929e+01 4.335633637772240423e-01 8.252256546212372035e-02 3.510407983151003219e-01
1.071000000000000085e+01 4.131168416123235376e-01 8.280063191756342755e-02 3.303162096947601101e-01
1.071999999999999886e+01 3.820264167133708977e-01 8.308568580901926071e-02 2.989407309043516370e-01
1.073000000000000043e+01 3.427788176640231832e-01 8.337753837162409365e-02 2.594012792923990895e-01
1.074000000000000199e+01 2.984031360677594780e-01 8.367595759209489614e-02 2.147271784756645818e-01
1.075000000000000000e+01 2.521637671849981110e-01 8.398066796555458957e-02 1.681830992194435215e-01
1.076000000000000156e+01 2.072542276468056777e-01 8.429135036254073454e-02 1.229628772842649431e-01
1.076999999999999957e+01 1.664949525441983269e-01 8.460764200889710207e-02 8.188731053530122483e-02
1.078000000000000114e+01 1.320769525868210614e-01 8.492913658093270701e-02 4.714781600588835442e-02
1.078999999999999915e+01 1.053605321969377506e-01 8.525538441791369326e-02 2.010514777902405736e-02
1.080000000000000071e+01 8.672355754092042623e-02 8.558589285361775656e-02 1.137664687302669675e-03
1.080999999999999872e+01 7.561659039466328558e-02 8.592012666833918899e-02 -1.030353627367590341e-02
1.082000000000000028e+01 7.050231969198561544e-02 8.625750866237572034e-02 -1.575518897039010491e-02
1.083000000000000185e+01 6.916407882159036902e-02 8.659742035166799468e-02 -1.743334153007762566e-02
1.083999999999999986e+01 6.879299147751716248e-02 8.693920278589228889e-02 -1.814621130837512641e-02
1.085000000000000142e+01 6.636579768074390984e-02 8.728215748893065895e-02 -2.091635980818674911e-02
1.085999999999999943e+01 5.889620231147363327e-02 8.762554752126337776e-02 -2.872934520978974449e-02
1.087000000000000099e+01 4.382232280444231520e-02 8.796859866344354517e-02 -4.414627585900122997e-02
1.087999999999999901e+01 1.922223713698834047e-02 8.831050071942905810e-02 -6.908826358244071764e-02
1.089000000000000057e+01 -1.588047642503465084e-02 8.865040893815871736e-02 -1.045308853631933682e-01
1.089999999999999858e+01 -6.143821360237344820e-02 8.898744555137466650e-02 -1.504256591537481147e-01
1.091000000000000014e+01 -1.162418619042919765e-01 8.932070142530862400e-02 -2.055625633296006005e-01
1.092000000000000171e+01 -1.779730160002994666e-01 8.964923782346773118e-02 -2.676222538237671977e-01
1.092999999999999972e+01 -2.433364196622602726e-01 8.997208827738129022e-02 -3.333085079396415629e-01
1.094000000000000128e+01 -3.083421401082684365e-01 9.028826056179761750e-02 -3.986304006700660540e-01
1.094999999999999929e+01 -3.685131239086025801e-01 9.059673877045881785e-02 -4.591098626790613979e-01
1.096000000000000085e+01 -4.192773664179734183e-01 9.089648548822637508e-02 -5.101738519061997934e-01
1.096999999999999886e+01 -4.563754097494165940e-01 9.118644405498577132e-02 -5.475618538044023653e-01
1.098000000000000043e+01 -4.761738815283012016e-01 9.146554091642611350e-02 -5.676394224447273151e-01
1.099000000000000199e+01 -4.760050190352682620e-01 9.173268805646905832e-02 -5.677377070917373203e-01
1.100000000000000000e+01 -4.544613649808950662e-01 9.198678550581174118e-02 -5.464481504867068073e-01
1.101000000000000156e+01 -4.115248416774293094e-01 9.222672392076025627e-02 -5.037515655981895657e-01
1.101999999999999957e+01 -3.486609180235233918e-01 9.245138722624868244e-02 -4.411123052497720742e-01
1.103000000000000114e+01 -2.686921734802010242e-01 9.265965531667896826e-02 -3.613518287968799925e-01
1.103999999999999915e+01 -1.757616739349083801e-01 9.285040680797668200e-02 -2.686120807428850621e-01
1.105000000000000071e+01 -7.495545789941182591e-02 9.302252183402584529e-02 -1.679779797334376712e-01
1.105999999999999872e+01 2.796486361945826893e-02 9.317488488044828321e-02 -6.521002126099001428e-02
1.107000000000000028e+01 1.270840199395739667e-01 9.330638764850220090e-02 3.377763229107176579e-02
1.108000000000000185e+01 2.166074429193030060e-01 9.341593194171080028e-02 1.231915109775922057e-01
1.108999999999999986e+01 2.914175141614818720e-01 9.350243256768914213e-02 1.979150815937927299e-01
1.110000000000000142e+01 3.473864499752784551e-01 9.356482024751328064e-02 2.538216297277651745e-01
1.110999999999999943e+01 3.816674155337431706e-01 9.360204452487819182e-02 2.880653710088649788e-01
1.112000000000000099e+01 3.929835433833458458e-01 9.361307666721102594e-02 2.993704667161348199e-01
1.112999999999999901e+01 3.816685505871317829e-01 9.359691255085417216e-02 2.880716380362776108e-01
1.114000000000000057e+01 3.496812104040365465e-01 9.355257552240003882e-02 2.561286348816365077e-01
1.114999999999999858e+01 3.003575196354446586e-01 9.347911922825064002e-02 2.068784004071940186e-01
1.116000000000000014e+01 2.383083343353188943e-01 9.337563040449292640e-02 1.449327039308259679e-01
1.117000000000000171e+01 1.689428691621178702e-01 9.324123161921571423e-02 7.570163754290215596e-02
1.117999999999999972e+01 9.815622994129130641e-02 9.307508395945972290e-02 5.081145981831583502e-03
1.119000000000000128e+01 3.171585984851718609e-02 9.287638965507320765e-02 -6.116052980655602156e-02
1.119999999999999929e+01 -2.497344291630082536e-02 9.264439463185722423e-02 -1.176178375481580496e-01
1.121000000000000085e+01 -6.739392656635739831e-02 9.237839098651201564e-02 -1.597723175528694139e-01
1.121999999999999886e+01 -9.226574594454944878e-02 9.207771937604974921e-02 -1.843434653205991980e-01
1.123000000000000043e+01 -9.775538223275714866e-02 9.174177131451438649e-02 -1.894971535472715352e-01
1.124000000000000199e+01 -8.359039714131233367e-02 9.136999137004420124e-02 -1.749603885113565349e-01
1.125000000000000000e+01 -5.112213074241145350e-02 9.096187925552795539e-02 -1.420840099979394089e-01
1.126000000000000156e+01 -3.161899388548605749e-03 9.051699180634380226e-02 -9.367889119489240801e-02
1.126999999999999957e+01 5.626756007974126339e-02 9.003494483892704459e-02 -3.376738475918578120e-02
1.128000000000000114e+01 1.222015356775929262e-01 8.951541488418530979e-02 3.268612079340761645e-02
1.128999999999999915e+01 1.891614308964185143e-01 8.895814079007646757e-02 1.002032901063420467e-01
1.130000000000000071e+01 2.516047279995320962e-01 8.836292518797195239e-02 1.632418028115601438e-01
1.130999999999999872e+01 3.043294215541746395e-01 8.772963581775639064e-02 2.165997857364182488e-01
1.132000000000000028e+01 3.429491431729727591e-01 8.705820670695707530e-02 2.558909364660156838e-01
1.133000000000000185e+01 3.641520057175025027e-01 8.634863919955254596e-02 2.778033665179499567e-01
1.133999999999999986e+01 3.660072562201964752e-01 8.560100283048122094e-02 2.804062533897152543e-01
1.135000000000000142e+01 3.480626123723471466e-01 8.481543604225338928e-02 2.632471763300937573e-01
1.135999999999999943e+01 3.114555029009000719e-01 8.399214674046517892e-02 2.274633561604348930e-01
1.137000000000000099e+01 2.587452050570535622e-01 8.313141268541798801e-02 1.756137923716355742e-01
1.137999999999999901e+01 1.936953471524045511e-01 8.223358171746163181e-02 1.114617654349429193e-01
1.139000000000000057e+01 1.210167850307561910e-01 8.129907181410292449e-02 3.971771321665326648e-02
1.139999999999999858e+01 4.597151567766877278e-02 8.032837097735175125e-02 -3.435685529968297847e-02
1.141000000000000014e+01 -2.607470889223573174e-02 7.932203695021260159e-02 -1.053967458424483333e-01
1.142000000000000171e+01 -9.003022988617637168e-02 7.828069676167243029e-02 -1.683109266478488020e-01
1.142999999999999972e+01 -1.414658607933652057e-01 7.720504609997994039e-02 -2.186709068933451461e-01
1.144000000000000128e+01 -1.770001670441767594e-01 7.609584851445982956e-02 -2.530960155586365889e-01
1.144999999999999929e+01 -1.945340564924618043e-01 7.495393444655662485e-02 -2.694879909390184292e-01
1.146000000000000085e+01 -1.933732157148657649e-01 7.378020009125152434e-02 -2.671534158061172892e-01
1.146999999999999886e+01 -1.742934535641067484e-01 7.257560609044427791e-02 -2.468690596545510263e-01
1.148000000000000043e+01 -1.394412066482637602e-01 7.134117606034368064e-02 -2.107823827086074409e-01
1.149000000000000199e+01 -9.216951537088391433e-02 7.007799495535055323e-02 -1.622475103262344676e-01
1.150000000000000000e+01 -3.672880454610316647e-02 6.878720727136121427e-02 -1.055160118174643807e-01
1.151000000000000156e+01 2.209817766591948285e-02 6.747001509185193702e-02 -4.537183742593245417e-02
1.151999999999999957e+01 7.929695641102596504e-02 6.612767598053688467e-02 1.316928043048908037e-02
1.153000000000000114e+01 1.301054077035226353e-01 6.476150072481084985e-02 6.534390697871178544e-02
1.153999999999999915e+01 1.703799126309487599e-01 6.337285093460311158e-02 1.070070616963456483e-01
1.155000000000000071e+01 1.968604674889931072e-01 6.196313650167228904e-02 1.348973309873208182e-01
1.155999999999999872e+01 2.074677967766375697e-01 6.053381292476370246e-02 1.469339838518738672e-01
1.157000000000000028e+01 2.013913130576439892e-01 5.908637850643391753e-02 1.423049345512100716e-01
1.158000000000000185e+01 1.791944133474894785e-01 5.762237142771475806e-02 1.215720419197747204e-01
1.158999999999999986e+01 1.426937716327090211e-01 5.614336670714512034e-02 8.655040492556390075e-02
1.160000000000000142e+01 9.481410122612266012e-02 5.465097305103921305e-02 4.016312817508344707e-02
1.160999999999999943e+01 3.929437604519625538e-02 5.314682960218559959e-02 -1.385245355698934422e-02
1.162000000000000099e+01 -1.956728995893897149e-02 5.163260259448038125e-02 -7.119989255341935275e-02
1.162999999999999901e+01 -7.731906651963171839e-02 5.010998192128957029e-02 -1.274290484409212887e-01
1.164000000000000057e+01 -1.296937410561207482e-01 4.858067762561091296e-02 -1.782744186817316612e-01
1.164999999999999858e+01 -1.729703515263740776e-01 4.704641632035821974e-02 -2.200167678467322974e-01
1.166000000000000014e+01 -2.042315937572221074e-01 4.550893754733048580e-02 -2.497405313045525932e-01
1.167000000000000171e+01 -2.215995445398926122e-01 4.396999008364005368e-02 -2.655695346235326659e-01
1.167999999999999972e+01 -2.243784460338162923e-01 4.243132820457201637e-02 -2.668097742383883086e-01
1.169000000000000128e+01 -2.130017730684738986e-01 4.089470791201782474e-02 -2.538964809804917233e-01
1.169999999999999929e+01 -1.890996488368617001e-01 3.936188313777780334e-02 -2.284615319746395035e-01
1.171000000000000085e+01 -1.552119389806869698e-01 3.783460193115723014e-02 -1.930465409118442000e-01
1.171999999999999886e+01 -1.146120470305747041e-01 3.631460264038371966e-02 -1.509266496709584238e-01
1.173000000000000043e+01 -7.097652145867572315e-02 3.480361009745733258e-02 -1.057801315561330557e-01
1.174000000000000199e+01 -2.811599706698197920e-02 3.330333181610071330e-02 -6.141932888308269251e-02
1.175000000000000000e+01 1.043636306383444179e-02 3.181545421251130018e-02 -2.137909114867685839e-02
1.176000000000000156e+01 4.159199133127877701e-02 3.034163885862554977e-02 1.125035247265322724e-02
1.176999999999999957e+01 6.314188699977130170e-02 2.888351877758926767e-02 3.425836822218203404e-02
1.178000000000000114e+01 7.375101116912441412e-02 2.744269479108633891e-02 4.630831637803807521e-02
1.178999999999999915e+01 7.317312660365082877e-02 2.602073192811170388e-02 4.715239467553912489e-02
1.180000000000000071e+01 6.224674369882876590e-02 2.461915590468272130e-02 3.762758779414604460e-02
1.180999999999999872e+01 4.271267845329607127e-02 2.323944969364719407e-02 1.947322875964887720e-02
1.182000000000000028e+01 1.717375415864186294e-02 2.188305015454112407e-02 -4.709295995899261122e-03
1.183000000000000185e+01 -1.128266707488645437e-02 2.055134479173052059e-02 -3.183401186661697496e-02
1.183999999999999986e+01 -3.915842857813789379e-02 1.924566861008702306e-02 -5.840409718822491686e-02
1.185000000000000142e+01 -6.313352952309703170e-02 1.796730108680413829e-02 -8.110083060990116999e-02
1.185999999999999943e+01 -8.015915714673438330e-02 1.671746326776653302e-02 -9.687662041450091632e-02
1.187000000000000099e+01 -8.778381909025689822e-02 1.549731499661728684e-02 -1.032811340868741851e-01
1.187999999999999901e+01 -8.445198909269224785e-02 1.430795228437792277e-02 -9.875994137707017062e-02
1.189000000000000057e+01 -6.950535142158686952e-02 1.315040482716200998e-02 -8.265575624874887950e-02
1.189999999999999858e+01 -4.342766791951468974e-02 1.202563367918599996e-02 -5.545330159870068970e-02
1.191000000000000014e+01 -7.675448100613824209e-03 1.093452908792268141e-02 -1.860997718853650562e-02
1.192000000000000171e+01 3.533210610393799911e-02 9.877908497861812021e-03 2.545419760607618709e-02
1.192999999999999972e+01 8.245909595001554848e-02 8.856514728941708436e-03 7.360258122107384005e-02
1.194000000000000128e+01 1.300788727993960059e-01 7.871014335294426734e-03 1.222078584641015792e-01
1.194999999999999929e+01 1.743929912071400246e-01 6.921996149507170237e-03 1.674709950576328543e-01
1.196000000000000085e+01 2.116756465648630403e-01 6.009970017144955490e-03 2.056656765477180848e-01
1.196999999999999886e+01 2.386959897858935697e-01 5.135365725803725523e-03 2.335606240600898442e-01
1.198000000000000043e+01 2.528311935057261373e-01 4.298532132473081857e-03 2.485326613732530554e-01
1.199000000000000199e+01 2.524442274945086773e-01 3.499736492480864936e-03 2.489444910020278123e-01
1.200000000000000000e+01 2.369319680005679274e-01 2.739163992773852030e-03 2.341928040077940754e-01
1.201000000000000156e+01 2.068214458323991423e-01 2.016917491755643166e-03 2.048045283406434991e-01
1.201999999999999957e+01 1.637846093929922198e-01 1.333017467360947395e-03 1.624515919256312724e-01
1.203000000000000114e+01 1.104347758548285263e-01 6.874021744932568012e-04 1.097473736803352695e-01
1.203999999999999915e+01 5.024076781205977227e-02 7.992801239143504377e-05 5.016083979966833722e-02
1.205000000000000071e+01 -1.277263211073398352e-02 -4.896298980755550007e-04 -1.228300221265842852e-02
1.205999999999999872e+01 -7.430704686392330949e-02 -1.021576927759837439e-03 -7.328546993616347205e-02
1.207000000000000028e+01 -1.301232046873119774e-01 -1.516297944381628238e-03 -1.286069067429303492e-01
1.208000000000000185e+01 -1.763106319143779022e-01 -1.974256111200251018e-03 -1.743363758031776511e-01
1.208999999999999986e+01 -2.095610262279339331e-01 -2.395991481516590582e-03 -2.071650347464173425e-01
1.210000000000000142e+01 -2.274529611505857751e-01 -2.782119391890852667e-03 -2.246708417586949225e-01
1.210999999999999943e+01 -2.285974533785396501e-01 -3.133328657535794370e-03 -2.254641247210038557e-01
1.212000000000000099e+01 -2.126866339814932338e-01 -3.450379573914086340e-03 -2.092362544075791475e-01
1.212999999999999901e+01 -1.806111464172266423e-01 -3.734101729133354475e-03 -1.768770446880932878e-01
1.214000000000000057e+01 -1.342557349051562987e-01 -3.985391632288143304e-03 -1.302703432728681554e-01
1.214999999999999858e+01 -7.640652878091214184e-02 -4.205210163443690030e-03 -7.220131861746845181e-02
1.216000000000000014e+01 -1.064748983879426625e-02 -4.394579851492053969e-03 -6.252909987302212279e-03
1.217000000000000171e+01 5.907291595819041952e-02 -4.554581986631958679e-03 6.362749794482237820e-02
1.217999999999999972e+01 1.285908023389765731e-01 -4.686353574730989235e-03 1.332771559137075623e-01
1.219000000000000128e+01 1.938155892091604215e-01 -4.791084141319179590e-03 1.986066733504796011e-01
1.219999999999999929e+01 2.510412047970469462e-01 -4.870012393435318998e-03 2.559112171904822652e-01
1.221000000000000085e+01 2.971226829577082729e-01 -4.924422747999313010e-03 3.020471057057075859e-01
1.221999999999999886e+01 3.297123229835614566e-01 -4.955641735816584958e-03 3.346679647193780416e-01
1.223000000000000043e+01 3.472719255392042736e-01 -4.965034290726810795e-03 3.522369598299310844e-01
1.224000000000000199e+01 3.492409193272012491e-01 -4.953999933795916188e-03 3.541949192609971653e-01
1.225000000000000000e+01 3.359542337297514170e-01 -4.923968862806660240e-03 3.408782025925580772e-01
1.226000000000000156e+01 3.085582814210148239e-01 -4.876397957635836278e-03 3.134346793786506602e-01
1.226999999999999957e+01 2.689080831375751934e-01 -4.812766712408766967e-03 2.737208498499839604e-01
1.228000000000000114e+01 2.194230709678430813e-01 -4.734573105594330755e-03 2.241576440734374120e-01
1.228999999999999915e+01 1.628231320431281492e-01 -4.643329419449004902e-03 1.674664614625771542e-01
1.230000000000000071e+01 1.019897187086353796e-01 -4.540558020426174735e-03 1.065302767290615543e-01
1.230999999999999872e+01 3.980912424550364648e-02 -4.427787112347758569e-03 4.423691135785140505e-02
1.232000000000000028e+01 -2.110385508717604885e-02 -4.306546474278902248e-03 -1.679730861289714661e-02
1.233000000000000185e+01 -7.842375901909170999e-02 -4.178363195156742371e-03 -7.424539582393496762e-02
1.233999999999999986e+01 -1.302770196108604672e-01 -4.044757417299704727e-03 -1.262322621935607625e-01
1.235000000000000142e+01 -1.752649058403523696e-01 -3.907238100963383864e-03 -1.713576677393889858e-01
1.235999999999999943e+01 -2.124859323041758952e-01 -3.767298822112907786e-03 -2.087186334820629874e-01
1.237000000000000099e+01 -2.414509219457794398e-01 -3.626413615548162994e-03 -2.378245083302312768e-01
1.237999999999999901e+01 -2.621184456588632194e-01 -3.486032875449684987e-03 -2.586324127834135345e-01
1.239000000000000057e+01 -2.747429959184373160e-01 -3.347579325305882758e-03 -2.713954165931314333e-01
1.239999999999999858e+01 -2.798026654694387716e-01 -3.212444069040309991e-03 -2.765902214003984616e-01
1.241000000000000014e+01 -2.778769927290738462e-01 -3.081982734976396188e-03 -2.747950099940974500e-01
1.242000000000000171e+01 -2.696587406517489960e-01 -2.957511724063388581e-03 -2.667012289276856074e-01
1.242999999999999972e+01 -2.557654919852425657e-01 -2.840304573532403953e-03 -2.529251874117101617e-01
1.244000000000000128e+01 -2.368379404244718156e-01 -2.731588446866856090e-03 -2.341063519776049595e-01
1.244999999999999929e+01 -2.133815844360986702e-01 -2.632540760646312483e-03 -2.107490436754523577e-01
1.246000000000000085e+01 -1.858972219896164457e-01 -2.544285958468089914e-03 -1.833529360311483558e-01
1.246999999999999886e+01 -1.548733129469170855e-01 -2.467892441759794719e-03 -1.524054205051572908e-01
1.248000000000000043e+01 -1.208001040774708823e-01 -2.404369666874267564e-03 -1.183957344105966147e-01
1.249000000000000199e+01 -8.423163755164675415e-02 -2.354665417404339101e-03 -8.187697213424241505e-02
1.250000000000000000e+01 -4.586766245581808121e-02 -2.319663260171050956e-03 -4.354799919564703026e-02
1.251000000000000156e+01 -6.553332207363649076e-03 -2.300180192826947745e-03 -4.253152014536701331e-03
1.251999999999999957e+01 3.271931391849558501e-02 -2.296964490475533749e-03 3.501627840897111876e-02
1.253000000000000114e+01 7.077745707193816571e-02 -2.310693758142925991e-03 7.308815083008109170e-02
1.253999999999999915e+01 1.063432007381874822e-01 -2.341973195347429870e-03 1.086851739335349121e-01
1.255000000000000071e+01 1.380626153103163833e-01 -2.391334078400558782e-03 1.404539493887169421e-01
1.255999999999999872e+01 1.645696196146426704e-01 -2.459232465439831206e-03 1.670288520800825016e-01
1.257000000000000028e+01 1.847049255998882700e-01 -2.546048128541894551e-03 1.872509737284301645e-01
1.258000000000000185e+01 1.974290369806624978e-01 -2.652083716595671214e-03 2.000811206972581691e-01
1.258999999999999986e+01 2.020702035768782712e-01 -2.777564151931477543e-03 2.048477677288097487e-01
1.260000000000000142e+01 1.983340596626819718e-01 -2.922636263006123114e-03 2.012566959256880950e-01
1.260999999999999943e+01 1.864036278574809913e-01 -3.087368654736577511e-03 1.894909965122175688e-01
1.262000000000000099e+01 1.669586864902233014e-01 -3.271751817360002423e-03 1.702304383075833039e-01
1.262999999999999901e+01 1.411534225380712826e-01 -3.475698473976024383e-03 1.446291210120473070e-01
1.264000000000000057e+01 1.105790594936440496e-01 -3.699044166202244965e-03 1.142781036598462946e-01
1.264999999999999858e+01 7.722776990340507464e-02 -3.941548076646719800e-03 8.116931798005179444e-02
1.266000000000000014e+01 4.328482712976633451e-02 -4.202894086175509858e-03 4.748772121594184437e-02
1.267000000000000171e+01 1.106574245196445538e-02 -4.482692063229942042e-03 1.554843451519439743e-02
1.267999999999999972e+01 -1.717686096928283668e-02 -4.780479381731112670e-03 -1.239638158755172401e-02
1.269000000000000128e+01 -3.943965673442351161e-02 -5.095722663399193664e-03 -3.434393407102431794e-02
1.269999999999999929e+01 -5.405931893894733165e-02 -5.427819739615487304e-03 -4.863149919933184434e-02
1.271000000000000085e+01 -5.985984373108355072e-02 -5.776101827268093070e-03 -5.408374190381545765e-02
1.271999999999999886e+01 -5.631857486058367002e-02 -6.139835912349372871e-03 -5.017873894823429715e-02
1.273000000000000043e+01 -4.346540147694488709e-02 -6.518227334417807384e-03 -3.694717414252707971e-02
1.274000000000000199e+01 -2.207677957952469683e-02 -6.910422564400550000e-03 -1.516635701512414683e-02
1.275000000000000000e+01 6.546600976676586470e-03 -7.315512167597293391e-03 1.386211314427387986e-02
1.276000000000000156e+01 4.055234641725302680e-02 -7.732533943154755451e-03 4.828488036040778225e-02
1.276999999999999957e+01 7.775526966065449130e-02 -8.160476230713878398e-03 8.591574589136836970e-02
1.278000000000000114e+01 1.157107540538451218e-01 -8.598281374393043630e-03 1.243090354282381654e-01
1.278999999999999915e+01 1.519619847030684312e-01 -9.044849333760068832e-03 1.610068340368285000e-01
1.280000000000000071e+01 1.842212019366407105e-01 -9.499041430966637112e-03 1.937202433676073476e-01
1.280999999999999872e+01 2.105052539775034148e-01 -9.959684222772047235e-03 2.204649382002754621e-01
1.282000000000000028e+01 2.292852532639386709e-01 -1.042557348577030640e-02 2.397108267497089773e-01
1.283000000000000185e+01 2.396591291200635965e-01 -1.089547830275799933e-02 2.505546074228215958e-01
1.283999999999999986e+01 2.412844025354781152e-01 -1.136814523783952202e-02 2.526525477733176372e-01
1.285000000000000142e+01 2.345366911508275365e-01 -1.184230258756521770e-02 2.463789937383927542e-01
1.285999999999999943e+01 2.202774014455517460e-01 -1.231666469513398310e-02 2.325940661406857290e-01
1.287000000000000099e+01 1.999619028023928990e-01 -1.278993631447047918e-02 2.127518391168633782e-01
1.287999999999999901e+01 1.753273244094923911e-01 -1.326081701080497610e-02 1.885881414202973672e-01
1.289000000000000057e+01 1.484370818711902018e-01 -1.372800558424433492e-02 1.621650874554345367e-01
1.289999999999999858e+01 1.212074229958846061e-01 -1.419020450272515110e-02 1.353976274986097572e-01
1.291000000000000014e+01 9.549976085093980771e-02 -1.464612433068582242e-02 1.101458851816256301e-01
1.292000000000000171e+01 7.282139617875582616e-02 -1.509448813978248038e-02 8.791588431853830654e-02
1.292999999999999972e+01 5.430645909875764232e-02 -1.553403588800549018e-02 6.984049498676313250e-02
1.294000000000000128e+01 4.041853955441165880e-02 -1.596352875362846979e-02 5.638206830804012859e-02
1.294999999999999929e+01 3.113652577648817754e-02 -1.638175341053951795e-02 4.751827918702769549e-02
1.296000000000000085e+01 2.591561141218168274e-02 -1.678752623166540614e-02 4.270313764384708888e-02
1.296999999999999886e+01 2.366623136317169696e-02 -1.717969740740263318e-02 4.084592877057433014e-02
1.298000000000000043e+01 2.292479800177282812e-02 -1.755715496621441246e-02 4.048195296798724058e-02
1.299000000000000199e+01 2.209147794997434744e-02 -1.791882868483895414e-02 4.001030663481330157e-02
1.300000000000000000e+01 1.945181255805650267e-02 -1.826369387588045595e-02 3.771550643393695862e-02
1.301000000000000156e+01 1.351067536188566010e-02 -1.859077504092057631e-02 3.210145040280623641e-02
1.301999999999999957e+01 3.018807125765299304e-03 -1.889914937769159031e-02 2.191795650345688962e-02
1.303000000000000114e+01 -1.274609726952835587e-02 -1.918795013029336513e-02 6.441852860765009264e-03
1.303999999999999915e+01 -3.392012579647651904e-02 -1.945636977191300340e-02 -1.446375602456351564e-02
1.305000000000000071e+01 -6.004058664994893491e-02 -1.970366301001589410e-02 -4.033692363993304081e-02
1.305999999999999872e+01 -8.999373700723678482e-02 -1.992914960452030204e-02 -7.006458740271648278e-02
1.307000000000000028e+01 -1.220853785176680972e-01 -2.013221699004101584e-02 -1.019531615276270814e-01
1.308000000000000185e+01 -1.541361968573542462e-01 -2.031232269389007805e-02 -1.338238741634641682e-01
1.308999999999999986e+01 -1.837433794248521934e-01 -2.046899654215231235e-02 -1.632743828826998811e-01
1.310000000000000142e+01 -2.083300810365980027e-01 -2.060184264680769983e-02 -1.877282383897903029e-01
1.310999999999999943e+01 -2.255347318692741965e-01 -2.071054116754997287e-02 -2.048241907017242236e-01
1.312000000000000099e+01 -2.332629881055792165e-01 -2.079484984264898251e-02 -2.124681382629302340e-01
1.312999999999999901e+01 -2.300162895796351581e-01 -2.085460528392071855e-02 -2.091616842957144395e-01
1.314000000000000057e+01 -2.149834682887094006e-01 -2.088972403160116453e-02 -1.940937442571082361e-01
1.314999999999999858e+01 -1.882425879016273451e-01 -2.090020336566739134e-02 -1.673423845359599538e-01
1.316000000000000014e+01 -1.506921128089582507e-01 -2.088612187090516104e-02 -1.298059909380530896e-01
1.317000000000000171e+01 -1.041315184266644600e-01 -2.084763975379086420e-02 -8.328387867287359581e-02
1.317999999999999972e+01 -5.111146584257553194e-02 -2.078499891002631023e-02 -3.032646693254922171e-02
1.319000000000000128e+01 5.139427636248417031e-03 -2.069852274234315614e-02 2.583795037859157318e-02
1.319999999999999929e+01 6.101778534340931981e-02 -2.058861572897038861e-02 8.160640107237970842e-02
1.321000000000000085e+01 1.127253911374613837e-01 -2.045576274393573479e-02 1.331811538813971185e-01
1.321999999999999886e+01 1.565719598005316238e-01 -2.030052813114413546e-02 1.768724879316757592e-01
1.323000000000000043e+01 1.892355016977053106e-01 -2.012355453494296675e-02 2.093590562326482774e-01
1.324000000000000199e+01 2.080199290405022605e-01 -1.992556149064186877e-02 2.279454905311441293e-01
1.325000000000000000e+01 2.110421596462617178e-01 -1.970734377920038694e-02 2.307495034254621047e-01
1.326000000000000156e+01 1.974402777828059286e-01 -1.946976955102999729e-02 2.169100473338359258e-01
1.326999999999999957e+01 1.673902728464726763e-01 -1.921377822457279172e-02 1.866040510710454681e-01
1.328000000000000114e+01 1.221879309276980852e-01 -1.894037816601770730e-02 1.411283090937157925e-01
1.328999999999999915e+01 6.414651378785207747e-02 -1.865064415719111524e-02 8.279715794504319271e-02
1.330000000000000071e+01 -3.631882702062050328e-03 -1.834571465931339115e-02 1.471383195725134083e-02
1.330999999999999872e+01 -7.726006339894597730e-02 -1.802678888094173815e-02 -5.923327451800423915e-02
1.332000000000000028e+01 -1.525210486202239757e-01 -1.769512365902037310e-02 -1.348259249612036026e-01
1.333000000000000185e+01 -2.250893441614403301e-01 -1.735203016253278330e-02 -2.077373139989075468e-01
1.333999999999999986e+01 -2.908007229663547299e-01 -1.699887042879039134e-02 -2.738018525375643386e-01
1.335000000000000142e+01 -3.459716497813558611e-01 -1.663705374290197492e-02 -3.293345960384538862e-01
1.335999999999999943e+01 -3.875885290982232778e-01 -1.626803287144068522e-02 -3.713204962267825926e-01
1.337000000000000099e+01 -4.135565330154915564e-01 -1.589330016176460081e-02 -3.976632328537269556e-01
1.337999999999999901e+01 -4.228878926994030785e-01 -1.551438351884543154e-02 -4.073735091805576469e-01
1.339000000000000057e+01 -4.156102067723332905e-01 -1.513284227182398745e-02 -4.004773645005093030e-01
1.339999999999999858e+01 -3.927854930673703171e-01 -1.475026294283032779e-02 -3.780352301245399893e-01
1.341000000000000014e+01 -3.565413188914985931e-01 -1.436825493088844663e-02 -3.421730639606101465e-01
1.342000000000000171e+01 -3.097182967684751764e-01 -1.398844612396521470e-02 -2.957298506445099617e-01
1.342999999999999972e+01 -2.557884159944353031e-01 -1.361247845241672638e-02 -2.421759375420185767e-01
1.344000000000000128e+01 -1.984699712332640975e-01 -1.324200339724260211e-02 -1.852279678360214954e-01
1.344999999999999929e+01 -1.415741186795424489e-01 -1.287867746666412905e-02 -1.286954412128783198e-01
1.346000000000000085e+01 -8.868821136825549845e-02 -1.252415765461104002e-02 -7.616405371364445842e-02
1.346999999999999886e+01 -4.291292113301661826e-02 -1.218009689472195414e-02 -3.073282423829466412e-02
1.348000000000000043e+01 -6.691545022428108114e-03 -1.184813952344094916e-02 5.156594501012841045e-03
1.349000000000000199e+01 1.833745982001890734e-02 -1.152991676572719809e-02 2.986737658574610543e-02
1.350000000000000000e+01 3.140531907896618180e-02 -1.122704225678401724e-02 4.263236133575019904e-02
1.351000000000000156e+01 3.268073859071757292e-02 -1.094110761306096857e-02 4.362184620377854150e-02
1.351999999999999957e+01 2.309051701534209355e-02 -1.067367806558684046e-02 3.376419508092893401e-02
1.353000000000000114e+01 4.356198304728553516e-03 -1.042628816845410714e-02 1.478248647318266065e-02
1.353999999999999915e+01 -2.131303018470687149e-02 -1.020043759499690561e-02 -1.111259258970996588e-02
1.355000000000000071e+01 -5.132447256011823944e-02 -9.997587033886617958e-03 -4.132688552623162148e-02
1.355999999999999872e+01 -8.297792246270452310e-02 -9.819154197012069929e-03 -7.315876826569245317e-02
1.357000000000000028e+01 -1.136390861298315347e-01 -9.666509950617158120e-03 -1.039725761792143766e-01
1.358000000000000185e+01 -1.409459217945749354e-01 -9.540974580738215138e-03 -1.314049472138367203e-01
1.358999999999999986e+01 -1.629624309807851112e-01 -9.443814203519168560e-03 -1.535186167772659427e-01
1.360000000000000142e+01 -1.783087050595583145e-01 -9.376237330484649135e-03 -1.689324677290736654e-01
1.360999999999999943e+01 -1.862236172637739551e-01 -9.339391598322838162e-03 -1.768842256654511169e-01
1.362000000000000099e+01 -1.865371331195676829e-01 -9.334360672173080964e-03 -1.772027724473946020e-01
1.362999999999999901e+01 -1.796568453988263703e-01 -9.362161330827289962e-03 -1.702946840679990803e-01
1.364000000000000057e+01 -1.664610525354440207e-01 -9.423740741646424723e-03 -1.570373117937975960e-01
1.364999999999999858e+01 -1.482064947473222816e-01 -9.519973932359482305e-03 -1.386865208149627993e-01
1.366000000000000014e+01 -1.263527161502747687e-01 -9.651661466259967015e-03 -1.167010546840148016e-01
1.367000000000000171e+01 -1.024346850794295438e-01 -9.819527326644081344e-03 -9.261515775278546247e-02
1.367999999999999972e+01 -7.783470734810404856e-02 -1.002421701564661094e-02 -6.781049033245743762e-02
1.369000000000000128e+01 -5.386171830718344822e-02 -1.026629587193104293e-02 -4.359542243525240529e-02
1.369999999999999929e+01 -3.143363548419841891e-02 -1.054624761097767288e-02 -2.088738787322074603e-02
1.371000000000000085e+01 -1.115148206021121524e-02 -1.086447309099421166e-02 -2.870089692170035844e-04
1.371999999999999886e+01 6.718062150699477542e-03 -1.122128930674642922e-02 1.793935145744590676e-02
1.373000000000000043e+01 2.221327209600110208e-02 -1.161692861287719203e-02 3.383020070887829411e-02
1.374000000000000199e+01 3.568428172462034809e-02 -1.205153817755150181e-02 4.773581990217184989e-02
1.375000000000000000e+01 4.756833187048137290e-02 -1.252517966653588638e-02 6.009351153701725928e-02
1.376000000000000156e+01 5.841477800829597555e-02 -1.303782915709623957e-02 7.145260716539221513e-02
1.376999999999999957e+01 6.863112575367846802e-02 -1.358937728037924730e-02 8.222050303405771532e-02
1.378000000000000114e+01 7.854171399234388673e-02 -1.417962959023386094e-02 9.272134358257774767e-02
1.378999999999999915e+01 8.819150379474471890e-02 -1.480830715573185075e-02 1.029998109504765696e-01
1.380000000000000071e+01 9.732871364907857981e-02 -1.547504737396193653e-02 1.128037610230405163e-01
1.380999999999999872e+01 1.054016996353643876e-01 -1.617940499900587248e-02 1.215811046343702601e-01
1.382000000000000028e+01 1.115774216785503370e-01 -1.692085338235435610e-02 1.284982750609046931e-01
1.383000000000000185e+01 1.148609545372138996e-01 -1.769878591939375023e-02 1.325597404566076498e-01
1.383999999999999986e+01 1.141276731336668959e-01 -1.851251769598769026e-02 1.326401908296545862e-01
1.385000000000000142e+01 1.082118393618518581e-01 -1.936128732859826451e-02 1.275731266904501227e-01
1.385999999999999943e+01 9.622721694034908069e-02 -2.024425899083545644e-02 1.164714759311845371e-01
1.387000000000000099e+01 7.754692724719269847e-02 -2.116052461879971980e-02 9.870745186599241827e-02
1.387999999999999901e+01 5.190093434082676538e-02 -2.210910628708520620e-02 7.401004062791197158e-02
1.389000000000000057e+01 1.954023686982875319e-02 -2.308895874684828431e-02 4.262919561667703749e-02
1.389999999999999858e+01 -1.862299786476828700e-02 -2.409897211691458194e-02 5.475974252146294935e-03
1.391000000000000014e+01 -6.128051086305852380e-02 -2.513797471850139076e-02 -3.614253614455713304e-02
1.392000000000000171e+01 -1.065303073649683796e-01 -2.620473604377152044e-02 -8.032557132119685916e-02
1.392999999999999972e+01 -1.521097480297699533e-01 -2.729796984811017069e-02 -1.248117781816597827e-01
1.394000000000000128e+01 -1.954846099406397641e-01 -2.841633735572968167e-02 -1.670682725849100825e-01
1.394999999999999929e+01 -2.340414110684738702e-01 -2.955845056795866621e-02 -2.044829605005152040e-01
1.396000000000000085e+01 -2.653025029965028203e-01 -3.072287566336190379e-02 -2.345796273331409165e-01
1.396999999999999886e+01 -2.871056601330055358e-01 -3.190813647866719283e-02 -2.551975236543383430e-01
1.398000000000000043e+01 -2.978519872114873124e-01 -3.311271805934440371e-02 -2.647392691521429087e-01
1.399000000000000199e+01 -2.965977956583150110e-01 -3.433507026859089484e-02 -2.622627253897241162e-01
1.400000000000000000e+01 -2.831575447696004222e-01 -3.557361144342563453e-02 -2.475839333261747877e-01
1.401000000000000156e+01 -2.582859115601248146e-01 -3.682673208658290842e-02 -2.214591794735419061e-01
1.401999999999999957e+01 -2.235364809696253063e-01 -3.809279858292335952e-02 -1.854436823867019468e-01
1.403000000000000114e+01 -1.812114093090348987e-01 -3.937015692914627718e-02 -1.418412523798886216e-01
1.403999999999999915e+01 -1.342817203446016183e-01 -4.065713646569145412e-02 -9.362458387891016420e-02
1.405000000000000071e+01 -8.617169534604235404e-02 -4.195205359986015764e-02 -4.421964174618219640e-02
1.405999999999999872e+01 -4.047020101426190841e-02 -4.325321550936326448e-02 2.783014495101356067e-03
1.407000000000000028e+01 -7.169772740553415069e-04 -4.455892381571768118e-02 4.384194654166233968e-02
1.408000000000000185e+01 2.989198290782571488e-02 -4.586747821716119500e-02 7.575946112498690987e-02
1.408999999999999986e+01 4.870913830686013357e-02 -4.717718007103569033e-02 9.588631837789582391e-02
1.410000000000000142e+01 5.392294248714618599e-02 -4.848633591590192915e-02 1.024092784030481151e-01
1.410999999999999943e+01 4.465068238298752767e-02 -4.979326092399308235e-02 9.444394330698061002e-02
1.412000000000000099e+01 2.109497760432521574e-02 -5.109628227498302921e-02 7.219125987930824495e-02
1.412999999999999901e+01 -1.548267593939223197e-02 -5.239374244244715539e-02 3.691106650305492343e-02
1.414000000000000057e+01 -6.281286385309026166e-02 -5.368400238481346037e-02 -9.128861468276801283e-03
1.414999999999999858e+01 -1.177780534632854037e-01 -5.496544463305103045e-02 -6.281260883023437325e-02
1.416000000000000014e+01 -1.765682147109800537e-01 -5.623647626780875486e-02 -1.203317384431712989e-01
1.417000000000000171e+01 -2.349987553883983171e-01 -5.749553177920560532e-02 -1.775032236091927118e-01
1.417999999999999972e+01 -2.887765577442796272e-01 -5.874107580297610598e-02 -2.300354819413035212e-01
1.419000000000000128e+01 -3.338308460731310712e-01 -5.997160572719573146e-02 -2.738592403459353397e-01
1.419999999999999929e+01 -3.665892586422949684e-01 -6.118565416434113002e-02 -3.054036044779538384e-01
1.421000000000000085e+01 -3.842786857876624440e-01 -6.238179128398296802e-02 -3.218968945036794760e-01
1.421999999999999886e+01 -3.850470161931228708e-01 -6.355862700196074355e-02 -3.214883891911621272e-01
1.423000000000000043e+01 -3.682407671901359869e-01 -6.471481302244475042e-02 -3.035259541676912365e-01
1.424000000000000199e+01 -3.343485497704750120e-01 -6.584904472985231294e-02 -2.684995050406226991e-01
1.425000000000000000e+01 -2.850107564774602142e-01 -6.696006292814746241e-02 -2.180506935493127518e-01
1.426000000000000156e+01 -2.229107223214393807e-01 -6.804665542561530445e-02 -1.548640668958240763e-01
1.426999999999999957e+01 -1.515819007067050750e-01 -6.910765846376337729e-02 -8.247424224294169770e-02
1.428000000000000114e+01 -7.513836669352702557e-02 -7.014195798955386030e-02 -4.996408703973165277e-03
1.428999999999999915e+01 1.966702790499375020e-03 -7.114849077072231409e-02 7.311519356122168911e-02
1.430000000000000071e+01 7.534589618198983541e-02 -7.212624535447376140e-02 1.474721415364635968e-01
1.430999999999999872e+01 1.409052457076551690e-01 -7.307426287037804835e-02 2.139795085780332173e-01
1.432000000000000028e+01 1.951853263220367785e-01 -7.399163767879923803e-02 2.691769640008360165e-01
1.433000000000000185e+01 2.355753759211128839e-01 -7.487751786669610832e-02 3.104528937878089923e-01
1.433999999999999986e+01 2.605217255708431878e-01 -7.573110559311346801e-02 3.362528311639566558e-01
1.435000000000000142e+01 2.695740859289009750e-01 -7.655165728715129791e-02 3.461257432160522729e-01
1.435999999999999943e+01 2.634229677891994359e-01 -7.733848370164492225e-02 3.407614514908443581e-01
1.437000000000000099e+01 2.438256646588059517e-01 -7.809094982621372916e-02 3.219166144850196809e-01
1.437999999999999901e+01 2.134649806360277569e-01 -7.880847466374196753e-02 2.922734552997697244e-01
1.439000000000000057e+01 1.757022787921629081e-01 -7.949053087472982004e-02 2.551928096668927282e-01
1.439999999999999858e+01 1.343065264665251057e-01 -8.013664429431330283e-02 2.144431707608384086e-01
1.441000000000000014e+01 9.320603280219008635e-02 -8.074639332707528316e-02 1.739524261292653695e-01
1.442000000000000171e+01 5.616264623221850494e-02 -8.131940822507588429e-02 1.374820544572943892e-01
1.442999999999999972e+01 2.648355801561436129e-02 -8.185537025480434103e-02 1.083389282704187023e-01
1.444000000000000128e+01 6.774699988241761339e-03 -8.235401075899990986e-02 8.912871074724167120e-02
1.444999999999999929e+01 -1.208818770967179379e-03 -8.281511011951174506e-02 8.160629134854456568e-02
1.446000000000000085e+01 3.296211977292184958e-03 -8.323849662755308798e-02 8.653470860484527294e-02
1.446999999999999886e+01 2.005361859290877291e-02 -8.362404526787019232e-02 1.036776638607789652e-01
1.448000000000000043e+01 4.779662997943145974e-02 -8.397167642347455607e-02 1.317683064029060158e-01
1.449000000000000199e+01 8.446364313692678039e-02 -8.428135450769294601e-02 1.687449976446197264e-01
1.450000000000000000e+01 1.272601415215783849e-01 -8.455308653036097688e-02 2.118132280519393618e-01
1.451000000000000156e+01 1.729528934297228648e-01 -8.478692060503267847e-02 2.577398140347555433e-01
1.451999999999999957e+01 2.180969130281116275e-01 -8.498294440409664974e-02 3.030798574322082772e-01
1.453000000000000114e+01 2.593383114169598436e-01 -8.514128356867500802e-02 3.444795949856348516e-01
1.453999999999999915e+01 2.935909694247458290e-01 -8.526210008014933894e-02 3.788530695048951680e-01
1.455000000000000071e+01 3.183247912841669081e-01 -8.534559060008883868e-02 4.036703818842557467e-01
1.455999999999999872e+01 3.316750168556543699e-01 -8.539198478527054714e-02 4.170670016409249170e-01
1.457000000000000028e+01 3.326555622566500503e-01 -8.540154358436563564e-02 4.180571058410156859e-01
1.458000000000000185e+01 3.210405307146708687e-01 -8.537455752272998799e-02 4.064150882374008567e-01
1.458999999999999986e+01 2.974988234627671257e-01 -8.531134498157766366e-02 3.828101684443447894e-01
1.460000000000000142e+01 2.634271549259226131e-01 -8.521225047763558713e-02 3.486394054035582002e-01
1.460999999999999943e+01 2.208147428521900490e-01 -8.507764294917774528e-02 3.058923858013677943e-01
1.462000000000000099e+01 1.720785411377221408e-01 -8.490791405411890480e-02 2.569864551918410456e-01
1.462999999999999901e+01 1.198545780351850942e-01 -8.470347648561282750e-02 2.045580545207979217e-01
1.464000000000000057e+01 6.674484383874551563e-02 -8.446476231034766302e-02 1.512096061490931787e-01
1.464999999999999858e+01 1.523634139046073366e-02 -8.419222133446824241e-02 9.942856272492897607e-02
1.466000000000000014e+01 -3.262222543301306066e-02 -8.388631950177591334e-02 5.126409406876285269e-02
1.467000000000000171e+01 -7.525399724418888048e-02 -8.354753732856808057e-02 8.293540084379200095e-03
1.467999999999999972e+01 -1.116853831745411307e-01 -8.317636837918394865e-02 -2.850901479535718208e-02
1.469000000000000128e+01 -1.414671441861405921e-01 -8.277331778601389189e-02 -5.869382640012670016e-02
1.469999999999999929e+01 -1.648113818394809638e-01 -8.233890081742163691e-02 -8.247248102205932685e-02
1.471000000000000085e+01 -1.823940678621100986e-01 -8.187364149670911528e-02 -1.005204263654009833e-01
1.471999999999999886e+01 -1.952360863775690625e-01 -8.137807127493702775e-02 -1.138580151026320347e-01
1.473000000000000043e+01 -2.045646939321856816e-01 -8.085272776009046203e-02 -1.237119661720952196e-01
1.474000000000000199e+01 -2.116864023790545613e-01 -8.029815350476043889e-02 -1.313882488742941224e-01
1.475000000000000000e+01 -2.177816392995710615e-01 -7.971489485419153143e-02 -1.380667444453795301e-01
1.476000000000000156e+01 -2.237839278125210996e-01 -7.910350085622885885e-02 -1.446804269562922407e-01
1.476999999999999957e+01 -2.302318361682447190e-01 -7.846452223438749041e-02 -1.517673139338572286e-01
1.478000000000000114e+01 -2.372016489213146784e-01 -7.779851042495705693e-02 -1.594031384963576214e-01
1.478999999999999915e+01 -2.443786576518545139e-01 -7.710601667876001986e-02 -1.672726409730944941e-01
1.480000000000000071e+01 -2.508951872637439351e-01 -7.638759122788485456e-02 -1.745075960358590805e-01
1.480999999999999872e+01 -2.556339631044504124e-01 -7.564378251743764103e-02 -1.799901805870127713e-01
1.482000000000000028e+01 -2.571161556473651189e-01 -7.487513650208083016e-02 -1.822410191452842887e-01
1.483000000000000185e+01 -2.538243584768711258e-01 -7.408219600686882789e-02 -1.797421624700022980e-01
1.483999999999999986e+01 -2.442317859250642265e-01 -7.326550015164035035e-02 -1.709662857734238761e-01
1.485000000000000142e+01 -2.271500286435452765e-01 -7.242558383799307942e-02 -1.547244448055521970e-01
1.485999999999999943e+01 -2.016586822031385395e-01 -7.156297729764304894e-02 -1.300957049054954906e-01
1.487000000000000099e+01 -1.673709717321849588e-01 -7.067820570076503717e-02 -9.669276603141992166e-02
1.487999999999999901e+01 -1.245700522893136153e-01 -6.977178882271606319e-02 -5.479826346659755210e-02
1.489000000000000057e+01 -7.402090708380804074e-02 -6.884424076736750386e-02 -5.176666316440536875e-03
1.489999999999999858e+01 -1.728265622009717006e-02 -6.789606974510911663e-02 5.061341352501194657e-02
1.491000000000000014e+01 4.364438070263298997e-02 -6.692777790344278666e-02 1.105721586060757766e-01
1.492000000000000171e+01 1.062533312375382177e-01 -6.593986120795258810e-02 1.721931924454908058e-01
1.492999999999999972e+01 1.677946801533212184e-01 -6.493280937132545061e-02 2.327274895246466691e-01
1.494000000000000128e+01 2.253872947231898571e-01 -6.390710582799696837e-02 2.892944005511868255e-01
1.494999999999999929e+01 2.762538238221578513e-01 -6.286322775191710566e-02 3.391170515740749569e-01
1.496000000000000085e+01 3.179081366014237520e-01 -6.180164611486183013e-02 3.797097827162855821e-01
1.496999999999999886e+01 3.483567632546885062e-01 -6.072282578266852138e-02 4.090795890373570276e-01
1.498000000000000043e+01 3.661973831467904006e-01 -5.962722564673444969e-02 4.258246087935248503e-01
1.499000000000000199e+01 3.708121870337515169e-01 -5.851529878809935692e-02 4.293274858218508738e-01
1.500000000000000000e+01 3.623333567687976320e-01 -5.738749267142473354e-02 4.197208494402223655e-01
1.501000000000000156e+01 3.417139237057508772e-01 -5.624424936618788173e-02 3.979581730719387589e-01
1.501999999999999957e+01 3.106248844525806296e-01 -5.508600579243222439e-02 3.657108902450128540e-01
1.503000000000000114e+01 2.713667710390512688e-01 -5.391319398844190980e-02 3.252799650274931786e-01
1.503999999999999915e+01 2.267022536651246423e-01 -5.272624139775727858e-02 2.794284950628819209e-01
1.505000000000000071e+01 1.796610349688896047e-01 -5.152557117299794154e-02 2.311866061418875462e-01
1.505999999999999872e+01 1.333619801484650091e-01 -5.031160249402558127e-02 1.836735826424905904e-01
1.507000000000000028e+01 9.075793134934873052e-02 -4.908475089805311442e-02 1.398426822474018449e-01
1.508000000000000185e+01 5.444045101847272417e-02 -4.784542861938440028e-02 1.022858796378571244e-01
1.508999999999999986e+01 2.651063081688675993e-02 -4.659404493656102431e-02 7.310467575344778424e-02
1.510000000000000142e+01 8.360774704237128319e-03 -4.533100652478475739e-02 5.369178122902188571e-02
1.510999999999999943e+01 6.744255338098081864e-04 -4.405671781158578687e-02 4.473114334539559506e-02
1.512000000000000099e+01 3.303181720595183002e-03 -4.277158133381089855e-02 4.607476305440608155e-02
1.512999999999999901e+01 1.532810910479442956e-02 -4.147599809411515320e-02 5.680410719890958277e-02
1.514000000000000057e+01 3.516525563317829395e-02 -4.017036791524988826e-02 7.533562354842818221e-02
1.514999999999999858e+01 6.067675675585504358e-02 -3.885508979055393719e-02 9.953184654640898077e-02
1.516000000000000014e+01 8.924818856776028930e-02 -3.753056222916911766e-02 1.267787507969294070e-01
1.517000000000000171e+01 1.180900799343691521e-01 -3.619718359461213120e-02 1.542872635289812833e-01
1.517999999999999972e+01 1.442937247235522857e-01 -3.485535243545193063e-02 1.791490771590042164e-01
1.519000000000000128e+01 1.652555353738252020e-01 -3.350546780694885207e-02 1.987610031807740540e-01
1.519999999999999929e+01 1.785930571340352824e-01 -3.214792958262482903e-02 2.107409867166601114e-01
1.521000000000000085e+01 1.824763473750206089e-01 -3.078313875483690287e-02 2.132594861298575117e-01
1.521999999999999886e+01 1.756586726190598746e-01 -2.941149772353127134e-02 2.050701703425911460e-01
1.523000000000000043e+01 1.576293744654141404e-01 -2.803341057245231638e-02 1.856627850378664568e-01
1.524000000000000199e+01 1.285383231766846768e-01 -2.664928333217442269e-02 1.551876065088590995e-01
1.525000000000000000e+01 8.925266278237309336e-02 -2.525952422941429854e-02 1.145121870117873919e-01
1.526000000000000156e+01 4.125792754769291859e-02 -2.386454392216191822e-02 6.512247146985483681e-02
1.526999999999999957e+01 -1.340683200310605061e-02 -2.246475572024796141e-02 9.057923717141910802e-03
1.528000000000000114e+01 -7.234693369632708149e-02 -2.106057579103300798e-02 -5.128635790529407351e-02
1.528999999999999915e+01 -1.328877531909755105e-01 -1.965242334997030493e-02 -1.132353298410052056e-01
1.530000000000000071e+01 -1.922808105207014506e-01 -1.824072083584959980e-02 -1.740400896848518508e-01
1.530999999999999872e+01 -2.478298937453061179e-01 -1.682589407058049380e-02 -2.310039996747256241e-01
1.532000000000000028e+01 -2.970751082253625941e-01 -1.540837240341802472e-02 -2.816667358219445694e-01
1.533000000000000185e+01 -3.378856690898094373e-01 -1.398858883956849430e-02 -3.238970802502409430e-01
1.533999999999999986e+01 -3.685433753242746135e-01 -1.256698015314605676e-02 -3.559763951711285568e-01
1.535000000000000142e+01 -3.878970580418313885e-01 -1.114398698447105485e-02 -3.767530710573603336e-01
1.535999999999999943e+01 -3.953062508670232011e-01 -9.720053921721705237e-03 -3.855861969453014959e-01
1.537000000000000099e+01 -3.906849751502838863e-01 -8.295629566959006329e-03 -3.823893455833248800e-01
1.537999999999999901e+01 -3.745119671313825727e-01 -6.871166586551125111e-03 -3.676408005448314475e-01
1.539000000000000057e+01 -3.477395009983774710e-01 -5.447121746024075062e-03 -3.422923792523533959e-01
1.539999999999999858e+01 -3.117312766968338700e-01 -4.023955929358447037e-03 -3.077073207674754229e-01
1.541000000000000014e+01 -2.682344236023859185e-01 -2.602134142744516598e-03 -2.656322894596414019e-01
1.542000000000000171e+01 -2.192055758042517066e-01 -1.182125502791425697e-03 -2.180234503014602809e-01
1.542999999999999972e+01 -1.667782268084470054e-01 2.355967908284906098e-04 -1.670138235992754960e-01
1.544000000000000128e+01 -1.131391629546760758e-01 1.650555498342268224e-03 -1.147897184530183440e-01
1.544999999999999929e+01 -6.045266461266352032e-02 3.062269398508912777e-03 -6.351493401117243309e-02
1.546000000000000085e+01 -1.077228096024418491e-02 4.470253363011067807e-03 -1.524253432325525272e-02
1.546999999999999886e+01 3.405876788451278614e-02 5.874018446720717657e-03 2.818474943779206848e-02
1.548000000000000043e+01 7.237624041501788952e-02 7.273071993980431693e-03 6.510316842103745782e-02
1.549000000000000199e+01 1.028990861179013283e-01 8.666917761068940185e-03 9.423216835683238812e-02
1.550000000000000000e+01 1.246047776601906243e-01 1.005505605504575239e-02 1.145497216051448719e-01
1.551000000000000156e+01 1.368906792674009498e-01 1.143698388919472952e-02 1.254536953782062203e-01
1.551999999999999957e+01 1.395061165458926222e-01 1.281219515530987452e-02 1.266939213905827477e-01
1.553000000000000114e+01 1.325699957206900592e-01 1.418018081308754230e-02 1.183898149076025169e-01
1.553999999999999915e+01 1.165994448467697620e-01 1.554042909690676877e-02 1.010590157498629932e-01
1.555000000000000071e+01 9.248598584884626383e-02 1.689242574029484190e-02 7.559356010855142194e-02
1.555999999999999872e+01 6.139712743582848020e-02 1.823565421838464068e-02 4.316147321744383952e-02
1.557000000000000028e+01 2.483289628414686590e-02 1.956959600867697741e-02 5.263300275469888490e-03
1.558000000000000185e+01 -1.555142563030753600e-02 2.089373087042211558e-02 -3.644515650072965157e-02
1.558999999999999986e+01 -5.784335346321922700e-02 2.220753714293016712e-02 -8.005089060614939411e-02
1.560000000000000142e+01 -1.001474561319104506e-01 2.351049206311042750e-02 -1.236579481950208781e-01
1.560999999999999943e+01 -1.404999365056289751e-01 2.480207210252360905e-02 -1.653020086081525841e-01
1.562000000000000099e+01 -1.770567574034656033e-01 2.608175332420908932e-02 -2.031385107276746926e-01
1.562999999999999901e+01 -2.081681181367367461e-01 2.734901175952017538e-02 -2.355171298962569215e-01
1.564000000000000057e+01 -2.324321927135497567e-01 2.860332380516594775e-02 -2.610355165187157045e-01
1.564999999999999858e+01 -2.487916736237487658e-01 2.984416664061567692e-02 -2.786358402643644427e-01
1.566000000000000014e+01 -2.565987841856127716e-01 3.107101866597328232e-02 -2.876698028515860539e-01
1.567000000000000171e+01 -2.556309475636198147e-01 3.228335996037534628e-02 -2.879143075239951610e-01
1.567999999999999972e+01 -2.461251175958319992e-01 3.348067276090127553e-02 -2.796057903567332747e-01
1.569000000000000128e+01 -2.288007463649627260e-01 3.466244196191969884e-02 -2.634631883268824248e-01
1.569999999999999929e+01 -2.047495331202326407e-01 3.582815563471691833e-02 -2.405776887549495591e-01
1.571000000000000085e+01 -1.754346745540178443e-01 3.697730556717471195e-02 -2.124119801211925562e-01
1.571999999999999886e+01 -1.425865748661696852e-01 3.810938782317793705e-02 -1.806959626893476223e-01
1.573000000000000043e+01 -1.080789561774599394e-01 3.922390332133954272e-02 -1.473028594987994822e-01
1.574000000000000199e+01 -7.381474973381385585e-02 4.032035843253542473e-02 -1.141351081663492806e-01
1.575000000000000000e+01 -4.162820074334605547e-02 4.139826559563919428e-02 -8.302646633898524975e-02
1.576000000000000156e+01 -1.309956403891976429e-02 4.245714395074228625e-02 -5.555670798966205054e-02
1.576999999999999957e+01 1.047475159869670769e-02 4.349651998903615591e-02 -3.302176839033944822e-02
1.578000000000000114e+01 2.824182997224400360e-02 4.451592821842245695e-02 -1.627409824617845335e-02
1.578999999999999915e+01 3.982027964949308441e-02 4.551491184380263011e-02 -5.694632194309545703e-03
1.580000000000000071e+01 4.535311533131691775e-02 4.649302346088509535e-02 -1.139908129568177608e-03
1.580999999999999872e+01 4.545881733659395962e-02 4.744982576223073095e-02 -1.991008425636771328e-03
1.582000000000000028e+01 4.123960415844063476e-02 4.838489225414329548e-02 -7.145288095702660713e-03
1.583000000000000185e+01 3.416935761649231296e-02 4.929780798289544463e-02 -1.512845036640313168e-02
1.583999999999999986e+01 2.599362708502650499e-02 5.018817026866843195e-02 -2.419454318364192696e-02
1.585000000000000142e+01 1.857762825403885820e-02 5.105558944547149841e-02 -3.247796119143264021e-02
1.585999999999999943e+01 1.379810516268054066e-02 5.189968960519977803e-02 -3.810158444251923737e-02
1.587000000000000099e+01 1.337435004020592899e-02 5.272010934388510206e-02 -3.934575930367917307e-02
1.587999999999999901e+01 1.873262731286184923e-02 5.351650250809361631e-02 -3.478387519523176707e-02
1.589000000000000057e+01 3.083682033326762273e-02 5.428853893933206082e-02 -2.345171860606443809e-02
1.589999999999999858e+01 5.019643918691252260e-02 5.503590521423335630e-02 -4.839466027320833696e-03
1.591000000000000014e+01 7.672134463117941117e-02 5.575830537821458571e-02 2.096303925296482545e-02
1.592000000000000171e+01 1.097508154856274842e-01 5.645546167022360423e-02 5.329535381540388000e-02
1.592999999999999972e+01 1.480930690538495575e-01 5.712711523612812314e-02 9.096595381772143440e-02
1.594000000000000128e+01 1.900501733363584300e-01 5.777302682824253521e-02 1.322771465081158948e-01
1.594999999999999929e+01 2.335825734295755574e-01 5.839297748844193836e-02 1.751895959411336190e-01
1.596000000000000085e+01 2.764372613298635706e-01 5.898676921227685721e-02 2.174504921175867134e-01
1.596999999999999886e+01 3.162239721125079672e-01 5.955422559147444117e-02 2.566697465210335261e-01
1.598000000000000043e+01 3.507546665187024626e-01 6.009519243219846318e-02 2.906594740865039994e-01
1.599000000000000199e+01 3.780228910017278121e-01 6.060953834643573179e-02 3.174133526552920803e-01
1.600000000000000000e+01 3.964712817291871083e-01 6.109715531388620890e-02 3.353741264153008994e-01
1.601000000000000156e+01 4.050073581840103465e-01 6.155795921175333252e-02 3.434493989722570140e-01
1.601999999999999957e+01 4.031796746694333855e-01 6.199189030986496096e-02 3.411877843595684245e-01
1.603000000000000114e+01 3.911181980066820163e-01 6.239891372859951435e-02 3.287192842780825019e-01
1.603999999999999915e+01 3.696102988951308621e-01 6.277901985715184097e-02 3.068312790379790211e-01
1.605000000000000071e+01 3.399888462547157042e-01 6.313222472974133748e-02 2.768566215249743667e-01
1.605999999999999872e+01 3.039904752511125574e-01 6.345857035745094965e-02 2.405319048936616078e-01
1.607000000000000028e+01 2.637240999795237295e-01 6.375812501347913330e-02 1.999659749660445962e-01
1.608000000000000185e+01 2.214208484109390085e-01 6.403098346969521293e-02 1.573898649412437956e-01
1.608999999999999986e+01 1.793578473790585215e-01 6.427726718251050575e-02 1.150805801965480157e-01
1.610000000000000142e+01 1.396342634908616098e-01 6.449712442620633701e-02 7.513713906465527281e-02
1.610999999999999943e+01 1.040288369929972812e-01 6.469073037200520626e-02 3.933810662099207489e-02
1.612000000000000099e+01 7.393108572041010018e-02 6.485828711132451962e-02 9.072798609085580557e-03
1.612999999999999901e+01 5.021027941740230371e-02 6.500002362181585280e-02 -1.478974420441354909e-02
1.614000000000000057e+01 3.319286912519076038e-02 6.511619567496780558e-02 -3.192332654977704520e-02
1.614999999999999858e+01 2.269496955553085282e-02 6.520708568423121132e-02 -4.251211612870035850e-02
1.616000000000000014e+01 1.802037754426039085e-02 6.527300249281960121e-02 -4.725262494855921036e-02
1.617000000000000171e+01 1.811437350491779119e-02 6.531428110053290326e-02 -4.719990759561511207e-02
1.617999999999999972e+01 2.161775649546365807e-02 6.533128232916095290e-02 -4.371352583369729483e-02
1.619000000000000128e+01 2.705621737890495648e-02 6.532439242623289122e-02 -3.826817504732793473e-02
1.619999999999999929e+01 3.297071670524920339e-02 6.529402260709435413e-02 -3.232330590184515073e-02
1.621000000000000085e+01 3.806541319342426899e-02 6.524060853551659489e-02 -2.717519534209232590e-02
1.621999999999999886e+01 4.131385153389666165e-02 6.516460974326224176e-02 -2.385075820936558011e-02
1.623000000000000043e+01 4.206849919924537939e-02 6.506650898925953053e-02 -2.299800979001415113e-02
1.624000000000000199e+01 4.011313662776261335e-02 6.494681155926221305e-02 -2.483367493149959970e-02
1.625000000000000000e+01 3.569386474733171610e-02 6.480604450709841202e-02 -2.911217975976669592e-02
1.626000000000000156e+01 2.947142013949144435e-02 6.464475583883688703e-02 -3.517333569934544268e-02
1.626999999999999957e+01 2.245792776208899166e-02 6.446351364142166585e-02 -4.200558587933267418e-02
1.628000000000000114e+01 1.590405755977331026e-02 6.426290515754576327e-02 -4.835884759777245301e-02
1.628999999999999915e+01 1.114771424151750345e-02 6.404353580874959373e-02 -5.289582156723209028e-02
1.630000000000000071e+01 9.554860590327951542e-03 6.380602816893982121e-02 -5.425116757861186967e-02
1.630999999999999872e+01 1.226188886759427277e-02 6.355102089072700577e-02 -5.128913202313273301e-02
1.632000000000000028e+01 2.009919784004798871e-02 6.327916758717798407e-02 -4.317996974712999536e-02
1.633000000000000185e+01 3.351243437477213760e-02 6.299113567176410633e-02 -2.947870129699196873e-02
1.633999999999999986e+01 5.236838201962701334e-02 6.268760515946743272e-02 -1.031922313984041939e-02
1.635000000000000142e+01 7.609090935155038427e-02 6.236926743217290070e-02 1.372164191937748356e-02
1.635999999999999943e+01 1.035489198994653526e-01 6.203682397163235579e-02 4.151209592783299679e-02
1.637000000000000099e+01 1.331340570896118458e-01 6.169098506343162480e-02 7.144307202618022101e-02
1.637999999999999901e+01 1.629301740487651695e-01 6.133246847552299708e-02 1.015977055732421724e-01
1.639000000000000057e+01 1.908138072903466653e-01 6.096199811500635501e-02 1.298518091753403103e-01
1.639999999999999858e+01 2.146181798261091178e-01 6.058030266694491850e-02 1.540378771591641993e-01
1.641000000000000014e+01 2.323057380423490248e-01 6.018811421909403547e-02 1.721176238232549893e-01
1.642000000000000171e+01 2.421588809988170499e-01 5.978616687649554451e-02 1.823727141223215054e-01
1.642999999999999972e+01 2.429278040155186391e-01 5.937519536994997904e-02 1.835526086455686601e-01
1.644000000000000128e+01 2.339373396506728153e-01 5.895593366242415923e-02 1.749814059882486561e-01
1.644999999999999929e+01 2.151751922647450188e-01 5.852911355747719702e-02 1.566460787072678218e-01
1.646000000000000085e+01 1.873386573019538703e-01 5.809546331380163742e-02 1.292431939881522329e-01
1.646999999999999886e+01 1.518006124222279762e-01 5.765570626996954773e-02 9.414490615225842851e-02
1.648000000000000043e+01 1.105180867825265034e-01 5.721055948345286218e-02 5.330752729907364124e-02
1.649000000000000199e+01 6.590779521546319408e-02 5.676073238794838993e-02 9.147062827514804151e-03
1.650000000000000000e+01 2.072253156804759744e-02 5.630692547298324357e-02 -3.558439390493564614e-02
1.651000000000000156e+01 -2.216774721975744988e-02 5.584982898970670961e-02 -7.801757620946415950e-02
1.651999999999999957e+01 -6.003600163808109347e-02 5.539012168668613900e-02 -1.154261233247672325e-01
1.653000000000000114e+01 -9.038952918084186550e-02 5.492846957942371100e-02 -1.453179987602655765e-01
1.653999999999999915e+01 -1.112288112452610722e-01 5.446552475719218522e-02 -1.656943360024532574e-01
1.655000000000000071e+01 -1.211693053401969866e-01 5.400192423065686143e-02 -1.751712295708538480e-01
1.655999999999999872e+01 -1.195435329810741187e-01 5.353828882360306407e-02 -1.730818218046771828e-01
1.657000000000000028e+01 -1.064509105155049262e-01 5.307522211193121953e-02 -1.595261326274361458e-01
1.658000000000000185e+01 -8.276497910181634943e-02 5.261330941290634500e-02 -1.353782885147226944e-01
1.658999999999999986e+01 -5.003985616338779696e-02 5.215311682746659461e-02 -1.021929729908543916e-01
1.660000000000000142e+01 -1.044970752524099211e-02 5.169519033819964388e-02 -6.214489786344063599e-02
1.660999999999999943e+01 3.344330042338039544e-02 5.124005496538838050e-02 -1.779675454200798507e-02
1.662000000000000099e+01 7.884586618137368053e-02 5.078821398331485187e-02 2.805765219805882865e-02
1.662999999999999901e+01 1.229007751972299722e-01 5.034014819878515623e-02 7.256062699844481600e-02
1.664000000000000057e+01 1.629217741488794280e-01 4.989631529360991080e-02 1.130254588552695172e-01
1.664999999999999858e+01 1.965796590370311181e-01 4.945714923253544115e-02 1.471225098044956769e-01
1.666000000000000014e+01 2.220418736918270408e-01 4.902305973787998705e-02 1.730188139539470538e-01
1.667000000000000171e+01 2.381110491912439842e-01 4.859443183188238979e-02 1.895166173593615944e-01
1.667999999999999972e+01 2.442393542109544957e-01 4.817162544752093267e-02 1.960677287634335630e-01
1.669000000000000128e+01 2.405931629211283396e-01 4.775497510830914449e-02 1.928381878128191951e-01
1.669999999999999929e+01 2.279412654239840463e-01 4.734478967732286270e-02 1.805964757466611836e-01
1.671000000000000085e+01 2.076453322525296241e-01 4.694135217546113736e-02 1.607039800770684868e-01
1.671999999999999886e+01 1.814354948820179336e-01 4.654491966869386821e-02 1.348905752133240654e-01
1.673000000000000043e+01 1.512966301438323502e-01 4.615572322380046000e-02 1.051409069200318902e-01
1.674000000000000199e+01 1.193011701488036480e-01 4.577396793186108703e-02 7.352720221694256097e-02
1.675000000000000000e+01 8.739095670277441386e-02 4.539983299852180798e-02 4.199112370425260587e-02
1.676000000000000156e+01 5.728320070138087639e-02 4.503347189982288140e-02 1.224972880155799498e-02
1.676999999999999957e+01 3.030099682609960210e-02 4.467501260215160641e-02 -1.437401577605200431e-02
1.678000000000000114e+01 7.292107485926235810e-03 4.432455784466447085e-02 -3.703245035873823504e-02
1.678999999999999915e+01 -1.139808966899297227e-02 4.398218548231146163e-02 -5.538027515130443390e-02
1.680000000000000071e+01 -2.590944327149347082e-02 4.364794888739736978e-02 -6.955739215889084059e-02
1.680999999999999872e+01 -3.684262176067398808e-02 4.332187740742317328e-02 -8.016449916809716136e-02
1.682000000000000028e+01 -4.512352865725305362e-02 4.300397687677448566e-02 -8.812750553402753928e-02
1.683000000000000185e+01 -5.189874701235200338e-02 4.269423017965590095e-02 -9.459297719200790433e-02
1.683999999999999986e+01 -5.836732859625670677e-02 4.239259786151698683e-02 -1.007599264577736936e-01
1.685000000000000142e+01 -6.565326960593237393e-02 4.209901878607613668e-02 -1.077522883920085106e-01
1.685999999999999943e+01 -7.460391633982282888e-02 4.181341083491990629e-02 -1.164173271747427352e-01
1.687000000000000099e+01 -8.579628943936884466e-02 4.153567164654514698e-02 -1.273319610859139916e-01
1.687999999999999901e+01 -9.929988252432872531e-02 4.126567939161179810e-02 -1.405655619159405234e-01
1.689000000000000057e+01 -1.147493688051288846e-01 4.100329358109218447e-02 -1.557526623862210691e-01
1.689999999999999858e+01 -1.312894346441602078e-01 4.074835590393466322e-02 -1.720377905480948710e-01
1.691000000000000014e+01 -1.476909564274134778e-01 4.050069109080661756e-02 -1.881916475182200954e-01
1.692000000000000171e+01 -1.623990567201727131e-01 4.026010780044586568e-02 -2.026591645206185788e-01
1.692999999999999972e+01 -1.737314324037933233e-01 4.002639952512601629e-02 -2.137578319289193396e-01
1.694000000000000128e+01 -1.799721599388329485e-01 3.979934551173724966e-02 -2.197715054505701981e-01
1.694999999999999929e+01 -1.796092028742953817e-01 3.957871169499049824e-02 -2.191879145692858799e-01
1.696000000000000085e+01 -1.715085589165292745e-01 3.936425163927886883e-02 -2.108728105558081434e-01
1.696999999999999886e+01 -1.549969658331586397e-01 3.915570748576713278e-02 -1.941526733189257725e-01
1.698000000000000043e+01 -1.300175675939709841e-01 3.895281090133334567e-02 -1.689703784953043297e-01
1.699000000000000199e+01 -9.719785758839288858e-02 3.875528402605421530e-02 -1.359531416144471039e-01
1.700000000000000000e+01 -5.784044002708813026e-02 3.856284041600424595e-02 -9.640328044309237621e-02
1.701000000000000156e+01 -1.388180083285800448e-02 3.837518597823327826e-02 -5.225698681109128274e-02
1.701999999999999957e+01 3.221740714423582119e-02 3.819201989489118959e-02 -5.974612750655368398e-03
1.703000000000000114e+01 7.761279698854645082e-02 3.801303553358617582e-02 3.959976145496027500e-02
1.703999999999999915e+01 1.193222868825044719e-01 3.783792134118972583e-02 8.148436554131474607e-02
1.705000000000000071e+01 1.543988522960893783e-01 3.766636171844053860e-02 1.167324905776488397e-01
1.705999999999999872e+01 1.801749020479072594e-01 3.749803787284566869e-02 1.426768641750615907e-01
1.707000000000000028e+01 1.945033730610541689e-01 3.733262864753342236e-02 1.571707444135207465e-01
1.708000000000000185e+01 1.959268099081554748e-01 3.716981132387622844e-02 1.587569985842792464e-01
1.708999999999999986e+01 1.838279756247295227e-01 3.700926239587076783e-02 1.468187132288587549e-01
1.710000000000000142e+01 1.585255361077514968e-01 3.685065831443995465e-02 1.216748777933115422e-01
1.710999999999999943e+01 1.212961215562838591e-01 3.669367620000046903e-02 8.460244535628339002e-02
1.712000000000000099e+01 7.432900592883004420e-02 3.653799452182639185e-02 3.779101140700365236e-02
1.712999999999999901e+01 2.056292811825927158e-02 3.638329374292537111e-02 -1.582036562466609952e-02
1.714000000000000057e+01 -3.642842143543761901e-02 3.622925692933448572e-02 -7.265767836477210473e-02
1.714999999999999858e+01 -9.273907757277888297e-02 3.607557032293448596e-02 -1.288146478957133689e-01
1.716000000000000014e+01 -1.443547122781471126e-01 3.592192387707004997e-02 -1.802766361552171626e-01
1.717000000000000171e+01 -1.874547365912155317e-01 3.576801175445709635e-02 -2.232227483456726280e-01
1.717999999999999972e+01 -2.187155902500608207e-01 3.561353278704326719e-02 -2.543291230371040879e-01
1.719000000000000128e+01 -2.355149090140297163e-01 3.545819089767676680e-02 -2.709730999117064831e-01
1.719999999999999929e+01 -2.361885459128778564e-01 3.530169548361894449e-02 -2.714902413964968009e-01
1.721000000000000085e+01 -2.201384420393823760e-01 3.514376176211531089e-02 -2.552822038014976869e-01
1.721999999999999886e+01 -1.879391570822374069e-01 3.498411107841231660e-02 -2.229232681606497235e-01
1.723000000000000043e+01 -1.412865613058617020e-01 3.482247117677461645e-02 -1.761090324826363185e-01
1.724000000000000199e+01 -8.295485506525335229e-02 3.465857643521760845e-02 -1.176134315004709607e-01
1.725000000000000000e+01 -1.660182247524444321e-02 3.449216806482320596e-02 -5.109399054006764918e-02
1.726000000000000156e+01 5.349985475611107599e-02 3.432299427465277525e-02 1.917686048145830074e-02
1.726999999999999957e+01 1.226572052619980813e-01 3.415081040340667284e-02 8.850639485859140843e-02
1.728000000000000114e+01 1.861829380852499938e-01 3.397537901910843705e-02 1.522075590661415567e-01
1.728999999999999915e+01 2.396162713990104276e-01 3.379646998820901027e-02 2.058198014108014173e-01
1.730000000000000071e+01 2.791037470762476325e-01 3.361386051561482402e-02 2.454898865606328084e-01
1.730999999999999872e+01 3.016413732184555219e-01 3.342733515724100046e-02 2.682140380612145214e-01
1.732000000000000028e+01 3.052852793167384338e-01 3.323668580677829887e-02 2.720485935099601349e-01
1.733000000000000185e+01 2.892956140875340143e-01 3.304171165843816649e-02 2.562539024290958478e-01
1.733999999999999986e+01 2.542437664420598153e-01 3.284221914750509730e-02 2.214015472945547180e-01
1.735000000000000142e+01 2.019112677280676671e-01 3.263802187058045812e-02 1.692732458574872090e-01
1.735999999999999943e+01 1.353070714511979133e-01 3.242894048744228430e-02 1.028781309637556290e-01
1.737000000000000099e+01 5.824643880429525300e-02 3.221480260647936050e-02 2.603163619781589250e-02
1.737999999999999901e+01 -2.461249210117844033e-02 3.199544265567504098e-02 -5.660793475685348131e-02
1.739000000000000057e+01 -1.082651057480432666e-01 3.177070174112708867e-02 -1.400358074891703553e-01
1.740000000000000213e+01 -1.876085673686190836e-01 3.154042749508656485e-02 -2.191489948637056484e-01
1.741000000000000014e+01 -2.578025383379322633e-01 3.130447391548563107e-02 -2.891070122534178943e-01
1.742000000000000171e+01 -3.145651326688799765e-01 3.106270119890092163e-02 -3.456278338677808981e-01
1.742999999999999972e+01 -3.544358079074183543e-01 3.081497556886514388e-02 -3.852507834762834982e-01
1.744000000000000128e+01 -3.750146048201294380e-01 3.056116910139594633e-02 -4.055757739215253843e-01
1.744999999999999929e+01 -3.750968046814427415e-01 3.030115954955736601e-02 -4.053979642310001075e-01
1.746000000000000085e+01 -3.547498078531364230e-01 3.003483016880864609e-02 -3.847846380219450690e-01
1.746999999999999886e+01 -3.152250142194438220e-01 2.976206954482263356e-02 -3.449870837642664556e-01
1.748000000000000043e+01 -2.589614681770173732e-01 2.948277142537902851e-02 -2.884442396023964017e-01
1.749000000000000199e+01 -1.893091701395703819e-01 2.919683455785082593e-02 -2.185060046974212078e-01
1.750000000000000000e+01 -1.104003806911983965e-01 2.890416253371008715e-02 -1.393045432249084836e-01
1.751000000000000156e+01 -2.677904524802665609e-02 2.860466364137982664e-02 -5.538370888940648273e-02
1.751999999999999957e+01 5.684430468947826443e-02 2.829825072865443589e-02 2.854605396082382854e-02
1.753000000000000114e+01 1.359069628895757664e-01 2.798484107580162528e-02 1.079221218137741412e-01
1.753999999999999915e+01 2.062941306596082769e-01 2.766435628034502603e-02 1.786297743792632509e-01
1.755000000000000071e+01 2.645549193566713586e-01 2.733672215440940967e-02 2.372181972022619489e-01
1.755999999999999872e+01 3.081000645505131974e-01 2.700186863539050242e-02 2.810981959151226950e-01
1.757000000000000028e+01 3.353657066535059572e-01 2.665972971058888641e-02 3.087059769429170708e-01
1.758000000000000185e+01 3.458219159673437404e-01 2.631024335632331512e-02 3.195116726110204253e-01
1.758999999999999986e+01 3.400096149269515311e-01 2.595335149191541069e-02 3.140562634350361204e-01
1.760000000000000142e+01 3.194156570418165697e-01 2.558899994881136397e-02 2.938266570930052057e-01
1.760999999999999943e+01 2.863453343717808908e-01 2.521713845498330109e-02 2.611281959167975897e-01
1.762000000000000099e+01 2.437483176579481325e-01 2.483772063462977298e-02 2.189105970233183596e-01
1.762999999999999901e+01 1.949442503481149114e-01 2.445070402307308877e-02 1.704935463250418226e-01
1.764000000000000057e+01 1.433974788737656381e-01 2.405605009663414062e-02 1.193414287771314974e-01
1.765000000000000213e+01 9.248305812739437970e-02 2.365372431714764245e-02 6.882933381024673725e-02
1.766000000000000014e+01 4.525130957880968419e-02 2.324369619067116755e-02 2.200761338813851664e-02
1.767000000000000171e+01 4.221778307912871231e-03 2.282593933983187440e-02 -1.860416103191900317e-02
1.767999999999999972e+01 -2.877175405009624320e-02 2.240043158915276666e-02 -5.117218563924900987e-02
1.769000000000000128e+01 -5.262170204169856758e-02 2.196715506260267514e-02 -7.458885710430124272e-02
1.769999999999999929e+01 -6.709190197966816149e-02 2.152609629252105750e-02 -8.861799827218921899e-02
1.771000000000000085e+01 -7.263671719085812439e-02 2.107724633898401534e-02 -9.371396352984213973e-02
1.771999999999999886e+01 -7.046342356113929895e-02 2.062060091859720112e-02 -9.108402447973650007e-02
1.773000000000000043e+01 -6.234110251009454540e-02 2.015616054162887305e-02 -8.249726305172341845e-02
1.774000000000000199e+01 -5.042009319458468086e-02 1.968393065633081140e-02 -7.010402385091549227e-02
1.775000000000000000e+01 -3.707240363449118559e-02 1.920392179923573195e-02 -5.627632543372691754e-02
1.776000000000000156e+01 -2.465981352088895961e-02 1.871614975016970550e-02 -4.337596327105866512e-02
1.776999999999999957e+01 -1.534412079865030143e-02 1.822063569067430833e-02 -3.356475648932460976e-02
1.778000000000000114e+01 -1.091033707573488276e-02 1.771740636449807213e-02 -2.862774344023295489e-02
1.778999999999999915e+01 -1.262862857529234439e-02 1.720649423878987602e-02 -2.983512281408222042e-02
1.780000000000000071e+01 -2.113670737370904051e-02 1.668793766460673761e-02 -3.782464503831577812e-02
1.780999999999999872e+01 -3.640296948620491690e-02 1.616178103533805199e-02 -5.256475052154296890e-02
1.782000000000000028e+01 -5.769672725991714657e-02 1.562807494164406008e-02 -7.332480220156120665e-02
1.782999999999999829e+01 -8.364449425184272702e-02 1.508687632151192726e-02 -9.873137057335465427e-02
1.783999999999999986e+01 -1.123581931705278647e-01 1.453824860404390185e-02 -1.268964417745717665e-01
1.784999999999999787e+01 -1.415557670069191865e-01 1.398226184561368601e-02 -1.555380288525328725e-01
1.785999999999999943e+01 -1.686574375283526050e-01 1.341899285705305811e-02 -1.820764303854056632e-01
1.787000000000000099e+01 -1.911777964955225784e-01 1.284852532056701691e-02 -2.040263218160895953e-01
1.787999999999999901e+01 -2.066891194468596371e-01 1.227094989511656742e-02 -2.189600693419762045e-01
1.789000000000000057e+01 -2.130989025362697298e-01 1.168636430905781176e-02 -2.247852668453275415e-01
1.789999999999999858e+01 -2.088868279484732415e-01 1.109487343888040933e-02 -2.199817013873536509e-01
1.791000000000000014e+01 -1.931433815341256910e-01 1.049658937295011585e-02 -2.036399709070758068e-01
1.791999999999999815e+01 -1.657034092769742450e-01 9.891631459227251399e-03 -1.755950407362014964e-01
1.792999999999999972e+01 -1.271612335338960786e-01 9.280126336005001253e-03 -1.364413598699010799e-01
1.793999999999999773e+01 -7.891975898003078527e-02 8.662207944789487857e-03 -8.758196692482027312e-02
1.794999999999999929e+01 -2.306444595483370108e-02 8.038017524525042923e-03 -3.110246347935874400e-02
1.796000000000000085e+01 3.771777249039165447e-02 7.407703586454931349e-03 3.031006890393672312e-02
1.796999999999999886e+01 1.002345526724219837e-01 6.771421868997262727e-03 9.346313080342472102e-02
1.798000000000000043e+01 1.610583140990577977e-01 6.129335272109376342e-03 1.549289788269484214e-01
1.798999999999999844e+01 2.166981538860126566e-01 5.481613770709992117e-03 2.112165401153026645e-01
1.800000000000000000e+01 2.637840454086866071e-01 4.828434306826667743e-03 2.589556111018599394e-01
1.800999999999999801e+01 2.992843755388180371e-01 4.169980660236494163e-03 2.951143948785815430e-01
1.801999999999999957e+01 3.207081894146791567e-01 3.506443297469574727e-03 3.172017461172095820e-01
1.803000000000000114e+01 3.262808516920833179e-01 2.838019199147390204e-03 3.234428324929359277e-01
1.803999999999999915e+01 3.150244156385556549e-01 2.164911665730684387e-03 3.128595039728249705e-01
1.805000000000000071e+01 2.868470111937591049e-01 1.487330101855977027e-03 2.853596810919031279e-01
1.805999999999999872e+01 2.425571774165379280e-01 8.054897795392035320e-04 2.417516876369987244e-01
1.807000000000000028e+01 1.838873805216397761e-01 1.196115806304243190e-04 1.837677689410093518e-01
1.807999999999999829e+01 1.133100243847274813e-01 -5.700782809999888068e-04 1.138801026657274701e-01
1.808999999999999986e+01 3.397606235398131780e-02 -1.263348556963000968e-03 3.523941091094431877e-02
1.809999999999999787e+01 -5.047621653897049754e-02 -1.959963280864271407e-03 -4.851625325810622613e-02
1.810999999999999943e+01 -1.360996551402162691e-01 -2.659682103060195812e-03 -1.334399730371560733e-01
1.812000000000000099e+01 -2.189200151503568059e-01 -3.362260642796877086e-03 -2.155577545075599288e-01
1.812999999999999901e+01 -2.950876220469455524e-01 -4.067450856786281044e-03 -2.910201711901592714e-01
1.814000000000000057e+01 -3.611269258629832279e-01 -4.775001423189539906e-03 -3.563519244397936880e-01
1.814999999999999858e+01 -4.141088071059248477e-01 -5.484658139900844276e-03 -4.086241489660240034e-01
1.816000000000000014e+01 -4.518026634771931116e-01 -6.196164335948217694e-03 -4.456064991412448939e-01
1.816999999999999815e+01 -4.728461000431262162e-01 -6.909261294760382643e-03 -4.659368387483658336e-01
1.817999999999999972e+01 -4.767361096155288136e-01 -7.623688687983076750e-03 -4.691124209275457368e-01
1.818999999999999773e+01 -4.638814111303718457e-01 -8.339185018469030819e-03 -4.555422261119028149e-01
1.819999999999999929e+01 -4.355660920590890273e-01 -9.055488071012252060e-03 -4.265106039880767752e-01
1.821000000000000085e+01 -3.938110992307378155e-01 -9.772335369349294254e-03 -3.840387638613885213e-01
1.821999999999999886e+01 -3.413223132186948838e-01 -1.048946463790806360e-02 -3.308328485807868202e-01
1.823000000000000043e+01 -2.812560574219140075e-01 -1.120661426674746108e-02 -2.700494431551665464e-01
1.823999999999999844e+01 -2.170419415433721966e-01 -1.192352377810351749e-02 -2.051184177652686791e-01
1.825000000000000000e+01 -1.521797185413102937e-01 -1.263993429293097659e-02 -1.395397842483793172e-01
1.825999999999999801e+01 -9.006355013966316214e-02 -1.335558899581490433e-02 -7.670796114384825781e-02
1.826999999999999957e+01 -3.372455815560382320e-02 -1.407023359661330533e-02 -1.965432455899051786e-02
1.828000000000000114e+01 1.421874558961766510e-02 -1.478361678718905295e-02 2.900236237680671805e-02
1.828999999999999915e+01 5.183279363209902790e-02 -1.549549069159036896e-02 6.732828432368939686e-02
1.830000000000000071e+01 7.783092060361274100e-02 -1.620561130804765160e-02 9.403653191166039260e-02
1.830999999999999872e+01 9.164767290931918886e-02 -1.691373894116920962e-02 1.085614118504883985e-01
1.832000000000000028e+01 9.347064003300853408e-02 -1.761963862273915882e-02 1.110902786557476929e-01
1.832999999999999829e+01 8.410886160954511581e-02 -1.832308051954842365e-02 1.024319421290935395e-01
1.833999999999999986e+01 6.497002820063779716e-02 -1.902384032672238545e-02 8.399386852736018261e-02
1.834999999999999787e+01 3.790095130618009733e-02 -1.972169964504885686e-02 5.762265095122895420e-02
1.835999999999999943e+01 5.003938197380319863e-03 -2.041644634085436685e-02 2.542038453823468672e-02
1.837000000000000099e+01 -3.146641132110339356e-02 -2.110787488702802958e-02 -1.035853643407536398e-02
1.837999999999999901e+01 -6.929002161087693956e-02 -2.179578668384869744e-02 -4.749423492702824212e-02
1.839000000000000057e+01 -1.064449103344682346e-01 -2.247999035833161963e-02 -8.396491997613661495e-02
1.839999999999999858e+01 -1.411703727209310255e-01 -2.316030204087893285e-02 -1.180100706800520927e-01
1.841000000000000014e+01 -1.721630030710425974e-01 -2.383654561808795647e-02 -1.483264574529546409e-01
1.841999999999999815e+01 -1.984697318045398617e-01 -2.450855296064871625e-02 -1.739611788438911455e-01
1.842999999999999972e+01 -2.197235195926623419e-01 -2.517616412534118275e-02 -1.945473554673211591e-01
1.843999999999999773e+01 -2.358791877466268616e-01 -2.583922753022738217e-02 -2.100399602163994794e-01
1.844999999999999929e+01 -2.473589119278505333e-01 -2.649760010222132478e-02 -2.208613118256292085e-01
1.846000000000000085e+01 -2.548189828968261406e-01 -2.715114739631083185e-02 -2.276678355005153087e-01
1.846999999999999886e+01 -2.591213599851878158e-01 -2.779974368579987698e-02 -2.313216162993879388e-01
1.848000000000000043e+01 -2.612151404500242524e-01 -2.844327202303661983e-02 -2.327718684269876326e-01
1.848999999999999844e+01 -2.619341990321055746e-01 -2.908162427019256313e-02 -2.328525747619130115e-01
1.850000000000000000e+01 -2.620178150045693322e-01 -2.971470109975876683e-02 -2.323031139048105653e-01
1.850999999999999801e+01 -2.619530453842957574e-01 -3.034241196452930334e-02 -2.316106334197664540e-01
1.851999999999999957e+01 -2.618889223570860514e-01 -3.096467503694566581e-02 -2.309242473201403856e-01
1.853000000000000114e+01 -2.616793029077682520e-01 -3.158141711778267302e-02 -2.300978857899855790e-01
1.853999999999999915e+01 -2.608514802784546727e-01 -3.219257351426130231e-02 -2.286589067641933704e-01
1.855000000000000071e+01 -2.586896214660036053e-01 -3.279808788778121320e-02 -2.258915335782223921e-01
1.855999999999999872e+01 -2.542851921243021729e-01 -3.339791207157194464e-02 -2.208872800527302283e-01
1.857000000000000028e+01 -2.466459538234428428e-01 -3.399200585866751778e-02 -2.126539479647753250e-01
1.857999999999999829e+01 -2.348175515131962210e-01 -3.458033676071448070e-02 -2.002372147524817403e-01
1.858999999999999986e+01 -2.179903179986117101e-01 -3.516287973822701529e-02 -1.828274382603846948e-01
1.859999999999999787e+01 -1.956458441606883369e-01 -3.573961690300567207e-02 -1.599062272576826649e-01
1.860999999999999943e+01 -1.676139943234764562e-01 -3.631053719353624643e-02 -1.313034571299402098e-01
1.862000000000000099e+01 -1.341686924190180763e-01 -3.687563602428325926e-02 -9.729305639473481704e-02
1.862999999999999901e+01 -9.603506052662735826e-02 -3.743491490988960779e-02 -5.860014561673775046e-02
1.864000000000000057e+01 -5.442249885436073464e-02 -3.798838106538448417e-02 -1.643411778897625047e-02
1.864999999999999858e+01 -1.092024975764432915e-02 -3.853604698359316960e-02 2.761579722594884045e-02
1.866000000000000014e+01 3.253615637157541984e-02 -3.907792999102636944e-02 7.161408636260178928e-02
1.866999999999999815e+01 7.382510997201641167e-02 -3.961405178361063206e-02 1.134391617556270437e-01
1.867999999999999972e+01 1.107620313742624929e-01 -4.014443794369745855e-02 1.509064693179599514e-01
1.868999999999999773e+01 1.412664917637994066e-01 -4.066911743986315053e-02 1.819356092036625572e-01
1.869999999999999929e+01 1.635459484821282228e-01 -4.118812211108030530e-02 2.047340705932085281e-01
1.871000000000000085e+01 1.761786500684826562e-01 -4.170148613690410899e-02 2.178801362053867652e-01
1.871999999999999886e+01 1.783385195656293498e-01 -4.220924549537707904e-02 2.205477650610064289e-01
1.873000000000000043e+01 1.698087286188085521e-01 -4.271143741040731023e-02 2.125201660292158623e-01
1.873999999999999844e+01 1.510657298929941605e-01 -4.320809979042361526e-02 1.942738296834177758e-01
1.875000000000000000e+01 1.232751714440077362e-01 -4.369927066015166783e-02 1.669744421041594040e-01
1.875999999999999801e+01 8.821397871561392767e-02 -4.418498758739231036e-02 1.323989663030062380e-01
1.876999999999999957e+01 4.819812548114016382e-02 -4.466528710671074931e-02 9.286341258785091313e-02
1.878000000000000114e+01 5.936565945837635194e-03 -4.514020414196981412e-02 5.107677008780744932e-02
1.878999999999999915e+01 -3.568680511431962521e-02 -4.560977142965737252e-02 9.922966315337747312e-03
1.880000000000000071e+01 -7.373572969742925309e-02 -4.607401894496650219e-02 -2.766171075246275091e-02
1.880999999999999872e+01 -1.055170830967088469e-01 -4.653297333259378415e-02 -5.898410976411506274e-02
1.882000000000000028e+01 -1.286724017977970702e-01 -4.698665734421475504e-02 -8.168574445358231517e-02
1.882999999999999829e+01 -1.414328945016404826e-01 -4.743508928458954610e-02 -9.399780521705093650e-02
1.883999999999999986e+01 -1.427281888721659286e-01 -4.787828246823268297e-02 -9.484990640393324568e-02
1.884999999999999787e+01 -1.322486355400291358e-01 -4.831624468856098031e-02 -8.393239085146815548e-02
1.885999999999999943e+01 -1.105265899349620051e-01 -4.874897770140230319e-02 -6.177761223355970194e-02
1.887000000000000099e+01 -7.878774326406001727e-02 -4.917647672471353593e-02 -2.961126653934648134e-02
1.887999999999999901e+01 -3.906746505983604845e-02 -4.959872995631431358e-02 1.053126489647826514e-02
1.889000000000000057e+01 6.116283107721720569e-03 -5.001571811139310375e-02 5.613200121911482432e-02
1.889999999999999858e+01 5.379364558852672840e-02 -5.042741398149086507e-02 1.042210595700175935e-01
1.891000000000000014e+01 1.008930919622141875e-01 -5.083378201660382345e-02 1.517268739788180110e-01
1.891999999999999815e+01 1.443036108192006228e-01 -5.123477793198411012e-02 1.955383887511847329e-01
1.892999999999999972e+01 1.812162002469992483e-01 -5.163034834114271776e-02 2.328465485881419661e-01
1.894000000000000128e+01 2.092312497861792409e-01 -5.202043041648396482e-02 2.612516802026632057e-01
1.894999999999999929e+01 2.266351255694181166e-01 -5.240495157891866818e-02 2.790400771483367848e-01
1.896000000000000085e+01 2.323874337285718461e-01 -5.278382921771473946e-02 2.851712629462865856e-01
1.896999999999999886e+01 2.262540110703157303e-01 -5.315697044175493602e-02 2.794109815120706664e-01
1.898000000000000043e+01 2.088426069049797995e-01 -5.352427186327401998e-02 2.623668787682538195e-01
1.898999999999999844e+01 1.814793794106586144e-01 -5.388561941504904640e-02 2.353649988257076608e-01
1.900000000000000000e+01 1.461456198385184813e-01 -5.424088820191372284e-02 2.003865080404322041e-01
1.900999999999999801e+01 1.053054163956606004e-01 -5.458994238736003535e-02 1.598953587830206358e-01
1.901999999999999957e+01 6.174615788627368929e-02 -5.493263511588369896e-02 1.166787930021573882e-01
1.903000000000000114e+01 1.834474920468398551e-02 -5.526880847161613763e-02 7.361355767630012314e-02
1.903999999999999915e+01 -2.217691778391994717e-02 -5.559829347367359342e-02 3.342137568975364625e-02
1.905000000000000071e+01 -5.738337968998052929e-02 -5.592091010853764144e-02 -1.462469581442887856e-03
1.905999999999999872e+01 -8.531011089086515398e-02 -5.623646739966651348e-02 -2.907364349119864050e-02
1.907000000000000028e+01 -1.046477709039470572e-01 -5.654476351441622972e-02 -4.810300738953082744e-02
1.907999999999999829e+01 -1.147836002074564821e-01 -5.684558590823721169e-02 -5.793801429921927038e-02
1.908999999999999986e+01 -1.158084013126894352e-01 -5.713871150598908571e-02 -5.866968980670034944e-02
1.909999999999999787e+01 -1.085987383885462787e-01 -5.742390692010309466e-02 -5.117483146844318403e-02
1.910999999999999943e+01 -9.452525200238737213e-02 -5.770092870520322770e-02 -3.682432329718414443e-02
1.912000000000000099e+01 -7.558520815177471874e-02 -5.796952364868145774e-02 -1.761568450309326100e-02
1.912999999999999901e+01 -5.401948025084268856e-02 -5.822942909661014271e-02 4.209948845767454151e-03
1.914000000000000057e+01 -3.221500995886716900e-02 -5.848037331426154950e-02 2.626536335539438050e-02
1.914999999999999858e+01 -1.253933892574063402e-02 -5.872207588039751042e-02 4.618273695465687639e-02
1.916000000000000014e+01 2.891094570290519972e-03 -5.895424811438284424e-02 6.184534268467336421e-02
1.916999999999999815e+01 1.236955736066674971e-02 -5.917659353507725983e-02 7.154615089574400955e-02
1.917999999999999972e+01 1.469548716122576204e-02 -5.938880835035752204e-02 7.408429551158328408e-02
1.919000000000000128e+01 9.318194708208021870e-03 -5.959058197602853935e-02 6.890877668423656122e-02
1.919999999999999929e+01 -3.719378178615340147e-03 -5.978159758279051605e-02 5.606221940417517591e-02
1.921000000000000085e+01 -2.367981789234574475e-02 -5.996153266984292213e-02 3.628171477749717738e-02
1.921999999999999886e+01 -4.927541259784379291e-02 -6.013005966362490462e-02 1.085464706578111171e-02
1.923000000000000043e+01 -7.875198446486497694e-02 -6.028684654011483290e-02 -1.846513792475014404e-02
1.923999999999999844e+01 -1.100449845537506688e-01 -6.043155746904353004e-02 -4.961342708470713875e-02
1.925000000000000000e+01 -1.409009024663319121e-01 -6.056385347830731125e-02 -8.033704898802460082e-02
1.925999999999999801e+01 -1.691029389924920689e-01 -6.068339313681136993e-02 -1.084195458556806990e-01
1.926999999999999957e+01 -1.925802726415921651e-01 -6.078983325392017800e-02 -1.317904393876719871e-01
1.928000000000000114e+01 -2.096091359584693059e-01 -6.088282959364421654e-02 -1.487263063648250894e-01
1.928999999999999915e+01 -2.188740980523669055e-01 -6.096203760165486152e-02 -1.579120604507120440e-01
1.930000000000000071e+01 -2.196383982582155170e-01 -6.102711314318326474e-02 -1.586112851150322522e-01
1.930999999999999872e+01 -2.117108475566125136e-01 -6.107771324983521377e-02 -1.506331343067772999e-01
1.932000000000000028e+01 -1.954666520603010049e-01 -6.111349687333189618e-02 -1.343531551869691087e-01
1.932999999999999829e+01 -1.718104522101957521e-01 -6.113412564417428086e-02 -1.106763265660214712e-01
1.933999999999999986e+01 -1.421408465062747872e-01 -6.113926463322374993e-02 -8.100158187305103730e-02
1.934999999999999787e+01 -1.081266176085757813e-01 -6.112858311418910978e-02 -4.699803449438667152e-02
1.935999999999999943e+01 -7.177574774622463849e-02 -6.110175532502055973e-02 -1.067399242120407876e-02
1.937000000000000099e+01 -3.503905749027325101e-02 -6.105846122622243799e-02 2.601940373594918698e-02
1.937999999999999901e+01 5.910133377629023244e-05 -6.099838725411837331e-02 6.105748858789466355e-02
1.939000000000000057e+01 3.172023566601467337e-02 -6.092122706712768676e-02 9.264146273314236013e-02
1.939999999999999858e+01 5.839805440456746766e-02 -6.082668228314648540e-02 1.192247366877139531e-01
1.941000000000000014e+01 7.884852282985121974e-02 -6.071446320616358250e-02 1.395629860360148022e-01
1.941999999999999815e+01 9.226040960972659022e-02 -6.058428954028785562e-02 1.528446991500144458e-01
1.942999999999999972e+01 9.817324222253054344e-02 -6.043589108941271881e-02 1.586091333119432623e-01
1.944000000000000128e+01 9.653980648180215951e-02 -6.026900844079913222e-02 1.568088149226012917e-01
1.944999999999999929e+01 8.766060690150778711e-02 -6.008339363091974583e-02 1.477440005324275329e-01
1.946000000000000085e+01 7.203802703243500360e-02 -5.987881079197052148e-02 1.319168378244055251e-01
1.946999999999999886e+01 5.047827874615462562e-02 -5.965503677752798106e-02 1.101333155236826067e-01
1.948000000000000043e+01 2.385959947929761071e-02 -5.941186176590204648e-02 8.327146124519965720e-02
1.948999999999999844e+01 -6.824454418377978726e-03 -5.914908983981339435e-02 5.232463542143541563e-02
1.950000000000000000e+01 -4.056735824054902295e-02 -5.886653954110451087e-02 1.829918130055548792e-02
1.950999999999999801e+01 -7.643791273379108020e-02 -5.856404439927744010e-02 -1.787386833451364010e-02
1.951999999999999957e+01 -1.134743051766688993e-01 -5.824145343273934294e-02 -5.523285174392955632e-02
1.953000000000000114e+01 -1.508732489902246954e-01 -5.789863162172335931e-02 -9.297461736850133607e-02
1.953999999999999915e+01 -1.877929658882204755e-01 -5.753546035194606612e-02 -1.302575055362744094e-01
1.955000000000000071e+01 -2.234782034247415616e-01 -5.715183782815236313e-02 -1.663263655965891985e-01
1.955999999999999872e+01 -2.571849050820333993e-01 -5.674767945679423664e-02 -2.004372256252391626e-01
1.957000000000000028e+01 -2.881615977702036702e-01 -5.632291819718321380e-02 -2.318386795730204564e-01
1.957999999999999829e+01 -3.156240682189264124e-01 -5.587750488054971099e-02 -2.597465633383767014e-01
1.958999999999999986e+01 -3.387595056390313442e-01 -5.541140849653997114e-02 -2.833480971424913730e-01
1.959999999999999787e+01 -3.567760352255000544e-01 -5.492461644677087973e-02 -3.018514187787291747e-01
1.960999999999999943e+01 -3.688224950131134272e-01 -5.441713476516157888e-02 -3.144053602479518483e-01
1.962000000000000099e+01 -3.741514497888199786e-01 -5.388898830484711855e-02 -3.202624614839728601e-01
1.962999999999999901e+01 -3.721158114607405754e-01 -5.334022089157547386e-02 -3.187755905691651015e-01
1.964000000000000057e+01 -3.622450517817473736e-01 -5.277089544357421724e-02 -3.094741563381731564e-01
1.964999999999999858e+01 -3.443648392905813704e-01 -5.218109405796095279e-02 -2.921837452326204176e-01
1.966000000000000014e+01 -3.185609774731718580e-01 -5.157091806385782906e-02 -2.669900594093140289e-01
1.966999999999999815e+01 -2.853485165255671419e-01 -5.094048804244785678e-02 -2.344080284831192851e-01
1.967999999999999972e+01 -2.456167911368729029e-01 -5.028994381429383043e-02 -1.953268473225790725e-01
1.969000000000000128e+01 -2.007308228879107204e-01 -4.961944439431281717e-02 -1.511113784935979032e-01
1.969999999999999929e+01 -1.523849318339665082e-01 -4.892916791487292305e-02 -1.034557639190935852e-01
1.971000000000000085e+01 -1.026334396950407957e-01 -4.821931151754604156e-02 -5.441412817749475411e-02
1.971999999999999886e+01 -5.380833416715602446e-02 -4.749009121411643108e-02 -6.318242953039593379e-03
1.973000000000000043e+01 -8.317629741295240464e-03 -4.674174171750379581e-02 3.842411197620855534e-02
1.973999999999999844e+01 3.140014680975888872e-02 -4.597451624331702624e-02 7.737466305307591496e-02
1.975000000000000000e+01 6.311542647451351407e-02 -4.518868628280778288e-02 1.083041127573212969e-01
1.975999999999999801e+01 8.490881378918380129e-02 -4.438454134803865303e-02 1.292933551372224543e-01
1.976999999999999957e+01 9.534792161807126298e-02 -4.356238869012796222e-02 1.389103103081992252e-01
1.978000000000000114e+01 9.359809703594157426e-02 -4.272255299146901497e-02 1.363206500274105892e-01
1.978999999999999915e+01 7.953594221992821289e-02 -4.186537603285984954e-02 1.214013182527880624e-01
1.980000000000000071e+01 5.372629550703278412e-02 -4.099121633650767982e-02 9.471751184354046393e-02
1.980999999999999872e+01 1.756511126601667527e-02 -4.010044878590095924e-02 5.766556005191763451e-02
1.982000000000000028e+01 -2.692765969471455634e-02 -3.919346422356205506e-02 1.226580452884749872e-02
1.982999999999999829e+01 -7.715965391745660540e-02 -3.827066902771335960e-02 -3.888898488974324580e-02
1.983999999999999986e+01 -1.299955105360219854e-01 -3.733248466890304318e-02 -9.266302586711894218e-02
1.984999999999999787e+01 -1.821468093557823131e-01 -3.637934724764624317e-02 -1.457674621081360700e-01
1.985999999999999943e+01 -2.301650265319286071e-01 -3.541170701414494970e-02 -1.947533195177836574e-01
1.987000000000000099e+01 -2.709003097930211545e-01 -3.443002787115154173e-02 -2.364702819218696128e-01
1.987999999999999901e+01 -3.014496751092559101e-01 -3.343478686104134345e-02 -2.680148882482145667e-01
1.989000000000000057e+01 -3.195094727283955827e-01 -3.242647363815426287e-02 -2.870829990902413198e-01
1.989999999999999858e+01 -3.234885830379026217e-01 -3.140558992746006473e-02 -2.920829931104425570e-01
1.991000000000000014e+01 -3.125906746429722993e-01 -3.037264897059083202e-02 -2.822180256723814673e-01
1.991999999999999815e+01 -2.869258612025027411e-01 -2.932817496027240178e-02 -2.575976862422303393e-01
1.992999999999999972e+01 -2.474440918860876248e-01 -2.827270246417168398e-02 -2.191713894219159409e-01
1.994000000000000128e+01 -1.958244639241892848e-01 -2.720677583915892539e-02 -1.686176880850303594e-01
1.994999999999999929e+01 -1.345662252356301103e-01 -2.613094863696717451e-02 -1.084352765986629358e-01
1.996000000000000085e+01 -6.654843023906775734e-02 -2.504578300220780540e-02 -4.150264723685995194e-02
1.996999999999999886e+01 5.048060220399941400e-03 -2.395184906368133526e-02 2.899990928408127666e-02
1.998000000000000043e+01 7.686633268829778931e-02 -2.284972431989865105e-02 9.971605700819644036e-02
1.998999999999999844e+01 1.457313439552786472e-01 -2.173999301970333531e-02 1.674713369749819825e-01
2.000000000000000000e+01 2.087942482072694672e-01 -2.062324553886182854e-02 2.294174937461312958e-01
2.000999999999999801e+01 2.637185240161662447e-01 -1.950007775346179750e-02 2.832186017696280422e-01
2.001999999999999957e+01 3.087567038141516562e-01 -1.837109041093465400e-02 3.271277942250863102e-01
2.003000000000000114e+01 3.428835447777331402e-01 -1.723688849949173152e-02 3.601204332772248717e-01
2.003999999999999915e+01 3.658390127485632859e-01 -1.609808061673800861e-02 3.819370933653012945e-01
2.005000000000000071e+01 3.780143421280957039e-01 -1.495527833820398111e-02 3.929696204662996850e-01
2.005999999999999872e+01 3.804337521560228197e-01 -1.380909558650822433e-02 3.942428477425310440e-01
2.007000000000000028e+01 3.745870264278803319e-01 -1.266014800184411815e-02 3.872471744297244500e-01
2.007999999999999829e+01 3.622790046135113684e-01 -1.150905231445603638e-02 3.737880569279674048e-01
2.008999999999999986e+01 3.454655303471076411e-01 -1.035642571975303738e-02 3.558219560668606785e-01
2.009999999999999787e+01 3.260655191761765437e-01 -9.202885256683668302e-03 3.352684044328602120e-01
2.010999999999999943e+01 3.057474635152527820e-01 -8.049047189977953654e-03 3.137965107052307356e-01
2.012000000000000099e+01 2.859289208089697554e-01 -6.895526396843376649e-03 2.928244472058131320e-01
2.012999999999999901e+01 2.675254103597250466e-01 -5.742935758685119296e-03 2.732683461184101659e-01
2.014000000000000057e+01 2.509722715995384434e-01 -4.591885558405117695e-03 2.555641571579435611e-01
2.014999999999999858e+01 2.362382261125467731e-01 -3.442982883820167039e-03 2.396812089963669401e-01
2.016000000000000014e+01 2.228332582756262781e-01 -2.296831037727875557e-03 2.251300893133541536e-01
2.016999999999999815e+01 2.099456028013538256e-01 -1.154028955136360279e-03 2.110996317564901859e-01
2.017999999999999972e+01 1.965322073151025695e-01 -1.517062816586145502e-05 1.965473779432684309e-01
2.019000000000000128e+01 1.814491095985022451e-01 1.119155460879206476e-03 1.803299541376230386e-01
2.019999999999999929e+01 1.637223909228946450e-01 2.248366897774828344e-03 1.614740240251198167e-01
2.021000000000000085e+01 1.425357670368343488e-01 3.371887885492252934e-03 1.391638791513420959e-01
2.021999999999999886e+01 1.174329529662380134e-01 4.489149783680285166e-03 1.129438031825577282e-01
2.023000000000000043e+01 8.841115223192680395e-02 5.599591638035528174e-03 8.281156059389127577e-02
2.023999999999999844e+01 5.599581382896645643e-02 6.702660699083165530e-03 4.929315312988329090e-02
2.025000000000000000e+01 2.111728872548271352e-02 7.797812929892313644e-03 1.331947579559039987e-02
2.025999999999999801e+01 -1.478126445350583240e-02 8.884513502249932748e-03 -2.366577795575576515e-02
2.026999999999999957e+01 -4.997092874552849784e-02 9.962237280817638763e-03 -5.993316602634613660e-02
2.028000000000000114e+01 -8.250071060676716916e-02 1.103046929479468974e-02 -9.353117990156185890e-02
2.028999999999999915e+01 -1.103922099404452406e-01 1.208870519660967813e-02 -1.224809151370549187e-01
2.030000000000000071e+01 -1.318157846436900926e-01 1.313645170716259969e-02 -1.449522363508526923e-01
2.030999999999999872e+01 -1.452471409581494455e-01 1.417322704713705472e-02 -1.594203680052865002e-01
2.032000000000000028e+01 -1.496034958075141419e-01 1.519856135390273977e-02 -1.648020571614168817e-01
2.032999999999999829e+01 -1.443997491416065260e-01 1.621199708352683011e-02 -1.606117462251333561e-01
2.033999999999999986e+01 -1.297748836636838932e-01 1.721308939741331145e-02 -1.469879730610972046e-01
2.034999999999999787e+01 -1.065588141749967965e-01 1.820140653309029743e-02 -1.247602207080870940e-01
2.035999999999999943e+01 -7.617793028342306760e-02 1.917653015866684074e-02 -9.535446044208990835e-02
2.037000000000000099e+01 -4.059612585888233705e-02 2.013805571048339627e-02 -6.073418156936573331e-02
2.037999999999999901e+01 -2.200996033295266052e-03 2.108559271348429270e-02 -2.328658874677955876e-02
2.039000000000000057e+01 3.645237647973575967e-02 2.201876508384597447e-02 1.443361139588978520e-02
2.039999999999999858e+01 7.276810020531651602e-02 2.293721141340114567e-02 4.983088879191537035e-02
2.041000000000000014e+01 1.043425180148483400e-01 2.384058523540837082e-02 8.050193277943996917e-02
2.041999999999999815e+01 1.291695241626687751e-01 2.472855527122580499e-02 1.044409688914429701e-01
2.042999999999999972e+01 1.457889423977942467e-01 2.560080565746136738e-02 1.201881367403328793e-01
2.044000000000000128e+01 1.534479218475315043e-01 2.645703615318426016e-02 1.269908856943472442e-01
2.044999999999999929e+01 1.520933200657515472e-01 2.729696232680092760e-02 1.247963577389506196e-01
2.046000000000000085e+01 1.424607258845135005e-01 2.812031572221478093e-02 1.143404101622987196e-01
2.046999999999999886e+01 1.259838461123475306e-01 2.892684400391196120e-02 9.705700210843556941e-02
2.048000000000000043e+01 1.046882705186778367e-01 2.971631108063658988e-02 7.497195943804124685e-02
2.048999999999999844e+01 8.100053054754849380e-02 3.048849720734487373e-02 5.051203334020362007e-02
2.050000000000000000e+01 5.758870865015736085e-02 3.124319906515529016e-02 2.634550958500207068e-02
2.050999999999999801e+01 3.708917978055933928e-02 3.198022981904084100e-02 5.108949961518498284e-03
2.051999999999999957e+01 2.194395956201676545e-02 3.269941915304256513e-02 -1.075545959102579968e-02
2.053000000000000114e+01 1.409405402632693538e-02 3.340061328281686975e-02 -1.930655925648993437e-02
2.053999999999999915e+01 1.487507844904328858e-02 3.408367494536584941e-02 -1.920859649632256083e-02
2.055000000000000071e+01 2.486818963773568258e-02 3.474848336583905017e-02 -9.880293728103367590e-03
2.055999999999999872e+01 4.385788569318099794e-02 3.539493420133375812e-02 8.462951491847239827e-03
2.057000000000000028e+01 7.074343059933824174e-02 3.602293946166600785e-02 3.472049113767223388e-02
2.057999999999999829e+01 1.037160012219467131e-01 3.663242740712520373e-02 6.708357381482150938e-02
2.058999999999999986e+01 1.403253401884695939e-01 3.722334242327464404e-02 1.031019977651949499e-01
2.059999999999999787e+01 1.776662528469551972e-01 3.779564487290423824e-02 1.398706079740509589e-01
2.060999999999999943e+01 2.126436086475530507e-01 3.834931092529209051e-02 1.742942977222609602e-01
2.062000000000000099e+01 2.422031207039073708e-01 3.888433236298113882e-02 2.033187883409262320e-01
2.062999999999999901e+01 2.635358162104706192e-01 3.940071636632613838e-02 2.241350998441444808e-01
2.064000000000000057e+01 2.744077762310510593e-01 3.989848527612005480e-02 2.345092909549310045e-01
2.064999999999999858e+01 2.732399954433470946e-01 4.037767633465780270e-02 2.328623191086892918e-01
2.066000000000000014e+01 2.593177645996000980e-01 4.083834140565026360e-02 2.184794231939498343e-01
2.066999999999999815e+01 2.328597637634413076e-01 4.128054667345143480e-02 1.915792170899898728e-01
2.067999999999999972e+01 1.949840091697336852e-01 4.170437232211546275e-02 1.532796368476182225e-01
2.069000000000000128e+01 1.476728459965903628e-01 4.210991219485062109e-02 1.055629338017397417e-01
2.069999999999999929e+01 9.363124364996422422e-02 4.249727343448926609e-02 5.113397021547495813e-02
2.071000000000000085e+01 3.606965108503268347e-02 4.286657610564326842e-02 -6.796925020610584955e-03
2.071999999999999886e+01 -2.150646331832195557e-02 4.321795279926277100e-02 -6.472441611758472657e-02
2.073000000000000043e+01 -7.558758718880564942e-02 4.355154822036537421e-02 -1.191391354091710236e-01
2.073999999999999844e+01 -1.228984107154822425e-01 4.386751875974784221e-02 -1.667659294752300847e-01
2.075000000000000000e+01 -1.606399079741276381e-01 4.416603205053876158e-02 -2.048059400246663997e-01
2.075999999999999801e+01 -1.866918760166328406e-01 4.444726651049182853e-02 -2.311391425271246691e-01
2.076999999999999957e+01 -1.997928452295720803e-01 4.471141087096147659e-02 -2.445042561005335569e-01
2.078000000000000114e+01 -1.996297584693800253e-01 4.495866369353951342e-02 -2.445884221629195387e-01
2.078999999999999915e+01 -1.867414427213756611e-01 4.518923287536788513e-02 -2.319306755967435463e-01
2.080000000000000071e+01 -1.625986055746928005e-01 4.540333514417649319e-02 -2.080019407188692937e-01
2.080999999999999872e+01 -1.294325164564075203e-01 4.560119554412211951e-02 -1.750337120005296399e-01
2.082000000000000028e+01 -9.001461835462865047e-02 4.578304691353590750e-02 -1.357976652681645580e-01
2.082999999999999829e+01 -4.746450604588237088e-02 4.594912935570666379e-02 -9.341363540158903467e-02
2.083999999999999986e+01 -4.992959603751012665e-03 4.609968970385022041e-02 -5.109264930760123308e-02
2.084999999999999787e+01 3.436699009559751605e-02 4.623498098143153517e-02 -1.186799088583401912e-02
2.085999999999999943e+01 6.792007490428089711e-02 4.635526185901915619e-02 2.156481304526174092e-02
2.087000000000000099e+01 9.366345068470088853e-02 4.646079610886320183e-02 4.720265457583768670e-02
2.087999999999999901e+01 1.102323815740746116e-01 4.655185205839230955e-02 6.368052951568230202e-02
2.089000000000000057e+01 1.171109640064581514e-01 4.662870204382996153e-02 7.048226196262818988e-02
2.089999999999999858e+01 1.146041409851259463e-01 4.669162186512687551e-02 6.791251911999907076e-02
2.091000000000000014e+01 1.038062354695403200e-01 4.674089024340435938e-02 5.706534522613596061e-02
2.091999999999999815e+01 8.646050724212728245e-02 4.677678828209197448e-02 3.968371896003530797e-02
2.092999999999999972e+01 6.478696724292165587e-02 4.679959893293254847e-02 1.798736830998910741e-02
2.094000000000000128e+01 4.132579259147595163e-02 4.680960646801174407e-02 -5.483813876535792442e-03
2.094999999999999929e+01 1.859435141475718201e-02 4.680709595894774755e-02 -2.821274454419056554e-02
2.096000000000000085e+01 -9.843402762594877231e-04 4.679235276435722568e-02 -4.777669304061671340e-02
2.096999999999999886e+01 -1.537604240771783815e-02 4.676566202668277356e-02 -6.214170443440061170e-02
2.098000000000000043e+01 -2.314817317187456425e-02 4.672730817944227566e-02 -6.987548135131683991e-02
2.098999999999999844e+01 -2.340207338560063022e-02 4.667757446592279980e-02 -7.007964785152343001e-02
2.100000000000000000e+01 -1.606796498090412584e-02 4.661674247030966889e-02 -6.268470745121379473e-02
2.100999999999999801e+01 -1.744304845486377431e-03 4.654509166219970157e-02 -4.828939650768607900e-02
2.101999999999999957e+01 1.832941781658248281e-02 4.646289895540720721e-02 -2.813348113882472440e-02
2.103000000000000114e+01 4.240012650723268273e-02 4.637043828192694700e-02 -3.970311774694264273e-03
2.103999999999999915e+01 6.832737705145253138e-02 4.626798018187152500e-02 2.205939686958100637e-02
2.105000000000000071e+01 9.386686303660329855e-02 4.615579141015152542e-02 4.771107162645177313e-02
2.105999999999999872e+01 1.167898376925158299e-01 4.603413456061641873e-02 7.075570313189941118e-02
2.107000000000000028e+01 1.351373365895689460e-01 4.590326770832141301e-02 8.923406888124753300e-02
2.107999999999999829e+01 1.473684543924151935e-01 4.576344407053094254e-02 1.016050103218842510e-01
2.108999999999999986e+01 1.525723819981372742e-01 4.561491168701450882e-02 1.069574703111227654e-01
2.109999999999999787e+01 1.504044079818647184e-01 4.545791312013333640e-02 1.049464948617313820e-01
2.110999999999999943e+01 1.413165853827185181e-01 4.529268517515847026e-02 9.602390020756004785e-02
2.112000000000000099e+01 1.263032153432464000e-01 4.511945864120389671e-02 8.118375670204250327e-02
2.112999999999999901e+01 1.070086599443681452e-01 4.493845805309742980e-02 6.207020189127071541e-02
2.114000000000000057e+01 8.548723186349471703e-02 4.474990147445481042e-02 4.073733038903990661e-02
2.114999999999999858e+01 6.401599291131199188e-02 4.455400030216217361e-02 1.946199260914981827e-02
2.116000000000000014e+01 4.497921484212097365e-02 4.435095909241378725e-02 6.282557497071863950e-04
2.116999999999999815e+01 3.056201631627553095e-02 4.414097540839274914e-02 -1.357895909211721819e-02
2.117999999999999972e+01 2.264150631480155162e-02 4.392423968962466674e-02 -2.128273337482311511e-02
2.119000000000000128e+01 2.256816682367207560e-02 4.370093514297741094e-02 -2.113276831930533534e-02
2.119999999999999929e+01 3.103323734022567226e-02 4.347123765522278166e-02 -1.243800031499710940e-02
2.121000000000000085e+01 4.812206938977817150e-02 4.323531572702188353e-02 4.886753662756287975e-03
2.121999999999999886e+01 7.312985289725887350e-02 4.299333042814118544e-02 3.013652246911768806e-02
2.123000000000000043e+01 1.047414290109739965e-01 4.274543537365517454e-02 6.199599363731882196e-02
2.123999999999999844e+01 1.410541413807867017e-01 4.249177672083889745e-02 9.856236465994780427e-02
2.125000000000000000e+01 1.797648759293739573e-01 4.223249318640653893e-02 1.375323827429674184e-01
2.125999999999999801e+01 2.183516209152018273e-01 4.196771608370439277e-02 1.763839048314974345e-01
2.126999999999999957e+01 2.542105525183303016e-01 4.169756937942076247e-02 2.125129831389095392e-01
2.128000000000000114e+01 2.849260080837681675e-01 4.142216976933399408e-02 2.435038383144341734e-01
2.128999999999999915e+01 3.084463255262615555e-01 4.114162677257715561e-02 2.673046987536843999e-01
2.130000000000000071e+01 3.231543651011662410e-01 4.085604284386129548e-02 2.822983222573049455e-01
2.130999999999999872e+01 3.280730394114254045e-01 4.056551350306142334e-02 2.875075259083639811e-01
2.132000000000000028e+01 3.228573024121070834e-01 4.027012748153668831e-02 2.825871749305703950e-01
2.132999999999999829e+01 3.078407287254057989e-01 3.996996688452442159e-02 2.678707618408813773e-01
2.133999999999999986e+01 2.839687932304997275e-01 3.966510736891898370e-02 2.443036858615807438e-01
2.134999999999999787e+01 2.527171868351945072e-01 3.935561833572059909e-02 2.133615684994739081e-01
2.135999999999999943e+01 2.159379377667358657e-01 3.904156313641365950e-02 1.768963746303222062e-01
2.137000000000000099e+01 1.757142232696449202e-01 3.872299929251582506e-02 1.369912239771290952e-01
2.137999999999999901e+01 1.342015456280216679e-01 3.839997872751663155e-02 9.580156690050503632e-02
2.139000000000000057e+01 9.343551802905469827e-02 3.807254801041137782e-02 5.536297001864332046e-02
2.139999999999999858e+01 5.519388634724897713e-02 3.774074861001944919e-02 1.745313773722952794e-02
2.141000000000000014e+01 2.088364437445600075e-02 3.740461715926639286e-02 -1.652097278481039211e-02
2.141999999999999815e+01 -8.529763248263044773e-03 3.706418572859872251e-02 -4.559394897686176729e-02
2.142999999999999972e+01 -3.257205127618778562e-02 3.671948210769411525e-02 -6.929153338388190086e-02
2.144000000000000128e+01 -5.130027860902863779e-02 3.637053009462468123e-02 -8.767080870365331902e-02
2.144999999999999929e+01 -6.509612942178555350e-02 3.601734979162801720e-02 -1.011134792134135707e-01
2.146000000000000085e+01 -7.476541436517747385e-02 3.565995790664140686e-02 -1.104253722718188807e-01
2.146999999999999886e+01 -8.126731060454961408e-02 3.529836805975397618e-02 -1.165656786643035903e-01
2.148000000000000043e+01 -8.569701444858068839e-02 3.493259109373716975e-02 -1.206296055423178581e-01
2.148999999999999844e+01 -8.904537906024323490e-02 3.456263538781778610e-02 -1.236080144480610210e-01
2.150000000000000000e+01 -9.218875466219511594e-02 3.418850717386462401e-02 -1.263772618360597400e-01
2.150999999999999801e+01 -9.570166066488938750e-02 3.381021085416974215e-02 -1.295118715190591296e-01
2.151999999999999957e+01 -9.983913622072149163e-02 3.342774932001371657e-02 -1.332668855407352082e-01
2.153000000000000114e+01 -1.045086901247189726e-01 3.304112427021738130e-02 -1.375498143949363539e-01
2.153999999999999915e+01 -1.092327655611392001e-01 3.265033652889445803e-02 -1.418831020900336581e-01
2.155000000000000071e+01 -1.133176187374771438e-01 3.225538636163499673e-02 -1.455730050991121405e-01
2.155999999999999872e+01 -1.158125527600683130e-01 3.185627378936366216e-02 -1.476688265494319752e-01
2.157000000000000028e+01 -1.157185149754446640e-01 3.145299889913474867e-02 -1.471715138745794127e-01
2.157999999999999829e+01 -1.120482144949731251e-01 3.104556215114315232e-02 -1.430937766461162775e-01
2.158999999999999986e+01 -1.039826910522660408e-01 3.063396468124882088e-02 -1.346166557335148617e-01
2.159999999999999787e+01 -9.100269520615739127e-02 3.021820859833264372e-02 -1.212209038044900350e-01
2.160999999999999943e+01 -7.290833397146623263e-02 2.979829727582124221e-02 -1.027066312472874748e-01
2.162000000000000099e+01 -4.996738768908590145e-02 2.937423563674038118e-02 -7.934162332582628263e-02
2.162999999999999901e+01 -2.285498819508116619e-02 2.894603043167735812e-02 -5.180101862675852431e-02
2.164000000000000057e+01 7.306875653304609197e-03 2.851369050905695757e-02 -2.120681485575234837e-02
2.164999999999999858e+01 3.909594462548363070e-02 2.807722707715704785e-02 1.101871754832658284e-02
2.166000000000000014e+01 7.082819664804979043e-02 2.763665395731466912e-02 4.319154269073512131e-02
2.166999999999999815e+01 1.007027029122952999e-01 2.719198782779806700e-02 7.351071508449723291e-02
2.167999999999999972e+01 1.269461148076700130e-01 2.674324845784305238e-02 1.002028663498269606e-01
2.169000000000000128e+01 1.479916348110365820e-01 2.629045893138000356e-02 1.217011758796565785e-01
2.169999999999999929e+01 1.625324633155295073e-01 2.583364586000050367e-02 1.366988174555290037e-01
2.171000000000000085e+01 1.697373593622602816e-01 2.537283958474106926e-02 1.443645197775192124e-01
2.171999999999999886e+01 1.692611305737936611e-01 2.490807436628605931e-02 1.443530562075076018e-01
2.173000000000000043e+01 1.613290842491781341e-01 2.443938856321964392e-02 1.368896956859584901e-01
2.173999999999999844e+01 1.466448191092443176e-01 2.396682479798299681e-02 1.226779943112613208e-01
2.175000000000000000e+01 1.264234916701269529e-01 2.349043011022070027e-02 1.029330615599062526e-01
2.175999999999999801e+01 1.022652153425374633e-01 2.301025609722817666e-02 7.925495924530928660e-02
2.176999999999999957e+01 7.598339625860289770e-02 2.252635904123910515e-02 5.345703721736379255e-02
2.178000000000000114e+01 4.952302271552624924e-02 2.203880002332105070e-02 2.748422269220519853e-02
2.178999999999999915e+01 2.472154718522803774e-02 2.154764502367535056e-02 3.173902161552687173e-03
2.180000000000000071e+01 3.207574305350402444e-03 2.105296500816667554e-02 -1.784539070281627310e-02
2.180999999999999872e+01 -1.373615671240385749e-02 2.055483600093610530e-02 -3.429099271333996279e-02
2.182000000000000028e+01 -2.529987474455452912e-02 2.005333914298161602e-02 -4.535321388753614513e-02
2.182999999999999829e+01 -3.122188722097340996e-02 1.954856073661920268e-02 -5.077044795759261264e-02
2.183999999999999986e+01 -3.175655899716056663e-02 1.904059227576727908e-02 -5.079715127292784571e-02
2.184999999999999787e+01 -2.770165797246115780e-02 1.852953046202802934e-02 -4.623118843448918713e-02
2.185999999999999943e+01 -2.023479452441501181e-02 1.801547720656833385e-02 -3.825027173098334565e-02
2.187000000000000099e+01 -1.086507951817794471e-02 1.749853961783493991e-02 -2.836361913601288462e-02
2.187999999999999901e+01 -1.265658868552677063e-03 1.697882997516753437e-02 -1.824448884372021143e-02
2.189000000000000057e+01 6.908590924190161076e-03 1.645646568840529803e-02 -9.547874764215136950e-03
2.189999999999999858e+01 1.217525031759558729e-02 1.593156924361307028e-02 -3.756318926017482990e-03
2.191000000000000014e+01 1.338080541009278868e-02 1.540426813508362532e-02 -2.023462724990836639e-03
2.191999999999999815e+01 9.818125001701538679e-03 1.487469478380456546e-02 -5.056569782103026781e-03
2.192999999999999972e+01 1.296222949682013237e-03 1.434298644260801822e-02 -1.304676349292600498e-02
2.194000000000000128e+01 -1.178980902961246358e-02 1.380928508825343681e-02 -2.559909411786590039e-02
2.194999999999999929e+01 -2.853101785482348163e-02 1.327373730072328034e-02 -4.180475515554676197e-02
2.196000000000000085e+01 -4.753129583320991891e-02 1.273649413004306757e-02 -6.026778996325298648e-02
2.196999999999999886e+01 -6.705075192649601057e-02 1.219771095096656988e-02 -7.924846287746258044e-02
2.198000000000000043e+01 -8.517357562258354164e-02 1.165754730589747823e-02 -9.683112292848101987e-02
2.198999999999999844e+01 -9.996071652627114279e-02 1.111616673644832964e-02 -1.110768832627194724e-01
2.200000000000000000e+01 -1.096520703877140734e-01 1.057373660406604743e-02 -1.202258069917801209e-01
2.200999999999999801e+01 -1.128181426449804681e-01 1.003042790018292274e-02 -1.228485705451633908e-01
2.201999999999999957e+01 -1.085374000395731564e-01 9.486415046378399163e-03 -1.180238150859515556e-01
2.203000000000000114e+01 -9.650146913002022320e-02 8.941875685065353574e-03 -1.054433448150855768e-01
2.203999999999999915e+01 -7.702304741493337659e-02 8.396990461239747794e-03 -8.542003787617312438e-02
2.205000000000000071e+01 -5.112040518433463854e-02 7.851942795858671276e-03 -5.897234798019330981e-02
2.205999999999999872e+01 -2.037971518283004935e-02 7.306918651435182627e-03 -2.768663383426523197e-02
2.207000000000000028e+01 1.312481471610935091e-02 6.762106290462034132e-03 6.362708425647316778e-03
2.207999999999999829e+01 4.699418128256542537e-02 6.217696027297978101e-03 4.077648525526744727e-02
2.208999999999999986e+01 7.871150292997888820e-02 5.673879974170584206e-03 7.303762295580830399e-02
2.209999999999999787e+01 1.058870793188016468e-01 5.130851781968842618e-03 1.007562275368328042e-01
2.210999999999999943e+01 1.264099661240734584e-01 4.588806376515736085e-03 1.218211597475577224e-01
2.212000000000000099e+01 1.386800185571076538e-01 4.047939691027291342e-03 1.346320788660803625e-01
2.212999999999999901e+01 1.417996698382233411e-01 3.508448395477925530e-03 1.382912214427454156e-01
2.214000000000000057e+01 1.355847010846088496e-01 2.970529623604389879e-03 1.326141714610044597e-01
2.214999999999999858e+01 1.207001788195319891e-01 2.434380698290661282e-03 1.182657981212413278e-01
2.216000000000000014e+01 9.858069006376435350e-02 1.900198856083959442e-03 9.668049120768039406e-02
2.216999999999999815e+01 7.136614680003450228e-02 1.368180971598215168e-03 6.999796582843628712e-02
2.217999999999999972e+01 4.171270187297915211e-02 8.385232825649513444e-04 4.087417859041420076e-02
2.219000000000000128e+01 1.263476072463384781e-02 3.114211162928617188e-04 1.232333960834098609e-02
2.219999999999999929e+01 -1.286537804238815919e-02 -2.129313817034652473e-04 -1.265244666068469394e-02
2.221000000000000085e+01 -3.186804285158748029e-02 -7.343415161486267773e-04 -3.113370133543885351e-02
2.221999999999999886e+01 -4.189934393528832457e-02 -1.252618306773978230e-03 -4.064672562851434634e-02
2.223000000000000043e+01 -4.116548692854596347e-02 -1.767572748664694715e-03 -3.939791417988126876e-02
2.223999999999999844e+01 -2.864090415352316121e-02 -2.279018067454133267e-03 -2.636188608606902795e-02
2.225000000000000000e+01 -4.280712505502527743e-03 -2.786769968646487811e-03 -1.493942536856039931e-03
2.225999999999999801e+01 3.100888550760114160e-02 -3.290646880364810067e-03 3.429953238796595166e-02
2.226999999999999957e+01 7.535622478462561391e-02 -3.790470188839614729e-03 7.914669497346522864e-02
2.228000000000000114e+01 1.261205103583427078e-01 -4.286064465974320781e-03 1.304065748243170286e-01
2.228999999999999915e+01 1.800277395132107161e-01 -4.777257688347108511e-03 1.848049972015578246e-01
2.230000000000000071e+01 2.333832047897926865e-01 -5.263881447034796102e-03 2.386470862368274826e-01
2.230999999999999872e+01 2.823925459877338895e-01 -5.745771147671940859e-03 2.881383171354058303e-01
2.232000000000000028e+01 3.234736158853582788e-01 -6.222766200189966401e-03 3.296963820855482452e-01
2.232999999999999829e+01 3.534870072098885707e-01 -6.694710197712783195e-03 3.601817174076013539e-01
2.233999999999999986e+01 3.700122368684441998e-01 -7.161451084121306376e-03 3.771736879525655062e-01
2.234999999999999787e+01 3.715864916555470243e-01 -7.622841309835426404e-03 3.792093329653824507e-01
2.235999999999999943e+01 3.577275167421790636e-01 -8.078737975401928395e-03 3.658062547175809920e-01
2.237000000000000099e+01 3.291646979591321687e-01 -8.529002962516851749e-03 3.376937009216490204e-01
2.237999999999999901e+01 2.875716880776849615e-01 -8.973503052153553039e-03 2.965451911298385146e-01
2.239000000000000057e+01 2.356231036151180125e-01 -9.412110029512255061e-03 2.450352136446302675e-01
2.239999999999999858e+01 1.767094275426687733e-01 -9.844700775551690208e-03 1.865541283182204635e-01
2.241000000000000014e+01 1.147183541523581485e-01 -1.027115734491036714e-02 1.249895114972685156e-01
2.241999999999999815e+01 5.369696496107423389e-02 -1.069136703007310396e-02 6.438833199114733785e-02
2.242999999999999972e+01 -2.432615156514328358e-03 -1.110522241168658032e-02 8.672607255172251964e-03
2.244000000000000128e+01 -5.017417597597512158e-02 -1.151262139497760684e-02 -3.866155458099751474e-02
2.244999999999999929e+01 -8.674019823050943545e-02 -1.191346723227713900e-02 -7.482673099823229645e-02
2.246000000000000085e+01 -1.103023041099021606e-01 -1.230766853170356390e-02 -9.799463557819859671e-02
2.246999999999999886e+01 -1.200962222751049413e-01 -1.269513925210924432e-02 -1.074010830229956970e-01
2.248000000000000043e+01 -1.164755313084216981e-01 -1.307579868444387616e-02 -1.033997326239778219e-01
2.248999999999999844e+01 -1.008970100396940905e-01 -1.344957141973898707e-02 -8.744743861995510348e-02
2.250000000000000000e+01 -7.581326423030465556e-02 -1.381638730396630294e-02 -6.199687692633835262e-02
2.250999999999999801e+01 -4.442426365914808883e-02 -1.417618138007237238e-02 -3.024808227907571645e-02
2.251999999999999957e+01 -1.048376690590036020e-02 -1.452889381753863160e-02 4.045126911638271400e-03
2.253000000000000114e+01 2.210420741772711750e-02 -1.487446982986326272e-02 3.697867724759038022e-02
2.253999999999999915e+01 4.952346486523184765e-02 -1.521285958040625996e-02 6.473632444563810762e-02
2.255000000000000071e+01 6.835652362837096874e-02 -1.554401807708262473e-02 8.390054170545359347e-02
2.255999999999999872e+01 7.600804161746110843e-02 -1.586790505643077831e-02 9.187594667389188674e-02
2.257000000000000028e+01 7.073980392568501863e-02 -1.618448485762301325e-02 8.692428878330803188e-02
2.257999999999999829e+01 5.195935920447336542e-02 -1.649372628702300281e-02 6.845308549149636823e-02
2.258999999999999986e+01 2.024623240129796997e-02 -1.679560247393042938e-02 3.704183487522839935e-02
2.259999999999999787e+01 -2.267173864294225183e-02 -1.709009071818647779e-02 -5.581647924755774037e-03
2.260999999999999943e+01 -7.402996962975150197e-02 -1.737717233034388048e-02 -5.665279729940762149e-02
2.262000000000000099e+01 -1.302953567260023426e-01 -1.765683246513326254e-02 -1.126385242608690801e-01
2.262999999999999901e+01 -1.873407587325068846e-01 -1.792905994898219557e-02 -1.694116987835246890e-01
2.264000000000000057e+01 -2.407662161433545833e-01 -1.819384710236476854e-02 -2.225723690409898148e-01
2.264999999999999858e+01 -2.862782643272381300e-01 -1.845118955777902414e-02 -2.678270747694591059e-01
2.266000000000000014e+01 -3.200295019709931132e-01 -1.870108607416387514e-02 -3.013284158968292381e-01
2.266999999999999815e+01 -3.388612525233241080e-01 -1.894353834857981367e-02 -3.199177141747442943e-01
2.267999999999999972e+01 -3.405826586327393990e-01 -1.917855082598612926e-02 -3.214041078067532697e-01
2.269000000000000128e+01 -3.241698423276866414e-01 -1.940613050795331196e-02 -3.047637118197333295e-01
2.269999999999999929e+01 -2.897988260708879160e-01 -1.962628676114924753e-02 -2.701725393097386685e-01
2.271000000000000085e+01 -2.388957366498818402e-01 -1.983903112643836675e-02 -2.190567055234434735e-01
2.271999999999999886e+01 -1.740174159667005060e-01 -2.004437712942577776e-02 -1.539730388372747283e-01
2.273000000000000043e+01 -9.861496614375431236e-02 -2.024234009327055550e-02 -7.837262605048375685e-02
2.273999999999999844e+01 -1.688300025982369945e-02 -2.043293695457998674e-02 3.549936694756287286e-03
2.275000000000000000e+01 6.657849573963869894e-02 -2.061618608318038781e-02 8.719468182281908675e-02
2.275999999999999801e+01 1.470947030471260186e-01 -2.079210710654211258e-02 1.678868101536681312e-01
2.276999999999999957e+01 2.202578366342988758e-01 -2.096072073961269266e-02 2.412185573739115685e-01
2.278000000000000114e+01 2.822051090721057198e-01 -2.112204862078753687e-02 3.033271576928932567e-01
2.278999999999999915e+01 3.298692883124434982e-01 -2.127611315471833464e-02 3.511454014671618329e-01
2.280000000000000071e+01 3.612239077306814705e-01 -2.142293736262812498e-02 3.826468450933095955e-01
2.280999999999999872e+01 3.753195499325566731e-01 -2.156254474076663152e-02 3.968820946733233046e-01
2.282000000000000028e+01 3.723697707644207933e-01 -2.169495912760371903e-02 3.940647298920245123e-01
2.282999999999999829e+01 3.536881514077099276e-01 -2.182020458031680432e-02 3.755083559880267319e-01
2.283999999999999986e+01 3.215144739507145299e-01 -2.193830526108825341e-02 3.434527792118027834e-01
2.284999999999999787e+01 2.789056328013752584e-01 -2.204928533368299970e-02 3.009549181350582581e-01
2.285999999999999943e+01 2.293739760501557756e-01 -2.215316887073001673e-02 2.515271449208857923e-01
2.287000000000000099e+01 1.766802619840442401e-01 -2.224997977208403865e-02 1.989302417561282788e-01
2.287999999999999901e+01 1.245267669776234654e-01 -2.233974169459393422e-02 1.468665086722173996e-01
2.289000000000000057e+01 7.627934498330934954e-02 -2.242247799355139015e-02 9.870182297686073969e-02
2.289999999999999858e+01 3.477166766698566724e-02 -2.249821167604397487e-02 5.726987934302964212e-02
2.291000000000000014e+01 2.088875133468809375e-03 -2.256696536638031977e-02 2.465584049984912915e-02
2.291999999999999815e+01 -2.055552021589043821e-02 -2.262876128370347462e-02 2.073241067813036409e-03
2.292999999999999972e+01 -3.282328022128072620e-02 -2.268362123185272555e-02 -1.013965898942800065e-02
2.294000000000000128e+01 -3.525812812917511474e-02 -2.273156660147946859e-02 -1.252656152769564615e-02
2.294999999999999929e+01 -2.914438825411785894e-02 -2.277261838436898597e-02 -6.371769869748872966e-03
2.296000000000000085e+01 -1.641233309048434341e-02 -2.280679719986388257e-02 6.394464109379539157e-03
2.296999999999999886e+01 5.983249117810784945e-04 -2.283412333323256438e-02 2.343244824501364287e-02
2.298000000000000043e+01 1.935181098867411187e-02 -2.285461678577131728e-02 4.220642777444542915e-02
2.298999999999999844e+01 3.733909954366484985e-02 -2.286829733637749107e-02 6.020739688004234091e-02
2.300000000000000000e+01 5.228533419485120737e-02 -2.287518461427881511e-02 7.516051880913002248e-02
2.300999999999999801e+01 6.231576057147367176e-02 -2.287529818255515379e-02 8.519105875402882555e-02
2.301999999999999957e+01 6.614658495275405059e-02 -2.286865763203990709e-02 8.901524258479395768e-02
2.303000000000000114e+01 6.313142418988915150e-02 -2.285528268514203099e-02 8.598670687503118248e-02
2.303999999999999915e+01 5.326377800857418077e-02 -2.283519330908581613e-02 7.609897131765999689e-02
2.305000000000000071e+01 3.719841114395722181e-02 -2.280840983802184807e-02 6.000682098197906988e-02
2.305999999999999872e+01 1.608896575551416186e-02 -2.277495310342426277e-02 3.886391885893842463e-02
2.307000000000000028e+01 -8.466370962091240848e-03 -2.273484457215084117e-02 1.426847361005960033e-02
2.307999999999999829e+01 -3.463273967379171259e-02 -2.268810649150831971e-02 -1.194463318228339288e-02
2.308999999999999986e+01 -6.052805255386928263e-02 -2.263476204063289560e-02 -3.789329051323638703e-02
2.309999999999999787e+01 -8.437286890942782835e-02 -2.257483548746742896e-02 -6.179803342196039939e-02
2.310999999999999943e+01 -1.046723692463679550e-01 -2.250835235059078787e-02 -8.216401689577716716e-02
2.312000000000000099e+01 -1.203336489213344546e-01 -2.243533956513146799e-02 -9.789830935620298658e-02
2.312999999999999901e+01 -1.308037310082246774e-01 -2.235582565197893889e-02 -1.084479053562457385e-01
2.314000000000000057e+01 -1.360493757853630248e-01 -2.226984088948917584e-02 -1.137795348958738489e-01
2.314999999999999858e+01 -1.366215194996170390e-01 -2.217741748686870296e-02 -1.144441020127483361e-01
2.316000000000000014e+01 -1.335698899372289306e-01 -2.207858975841126004e-02 -1.114913001788176705e-01
2.316999999999999815e+01 -1.283149077910009372e-01 -2.197339429775560515e-02 -1.063415134932453321e-01
2.317999999999999972e+01 -1.225783830410937525e-01 -2.186187015133105038e-02 -1.007165128897627021e-01
2.319000000000000128e+01 -1.181665519192127423e-01 -2.174405899015642574e-02 -9.642249292905631652e-02
2.319999999999999929e+01 -1.168735745955914174e-01 -2.162000527916475845e-02 -9.525356931642665892e-02
2.321000000000000085e+01 -1.202373325691812739e-01 -2.148975644323157519e-02 -9.874757612594969869e-02
2.321999999999999886e+01 -1.294694368586191413e-01 -2.135336302909748851e-02 -1.081160738295216528e-01
2.323000000000000043e+01 -1.452840942939390978e-01 -2.121087886238862130e-02 -1.240732154315504765e-01
2.323999999999999844e+01 -1.678711909383893142e-01 -2.106236119895710246e-02 -1.468088297394322117e-01
2.325000000000000000e+01 -1.968234499047136765e-01 -2.090787086978382336e-02 -1.759155790349298532e-01
2.325999999999999801e+01 -2.311927151558422489e-01 -2.074747241870944503e-02 -2.104452427371328038e-01
2.326999999999999957e+01 -2.694616207894000026e-01 -2.058123423228666593e-02 -2.488803865571133367e-01
2.328000000000000114e+01 -3.097980317765229308e-01 -2.040922866107514055e-02 -2.893888031154477902e-01
2.328999999999999915e+01 -3.499884394930675713e-01 -2.023153213173389808e-02 -3.297569073613336732e-01
2.330000000000000071e+01 -3.877222634770087772e-01 -2.004822524929827932e-02 -3.676740382277104979e-01
2.330999999999999872e+01 -4.206956474075613239e-01 -1.985939288906879430e-02 -4.008362545184925296e-01
2.332000000000000028e+01 -4.467715185411277878e-01 -1.966512427757377557e-02 -4.271063942635540123e-01
2.332999999999999829e+01 -4.641296011656173559e-01 -1.946551306211324883e-02 -4.446640881035041071e-01
2.333999999999999986e+01 -4.713693313999491319e-01 -1.926065736843052267e-02 -4.521086740315186092e-01
2.334999999999999787e+01 -4.676268588956915551e-01 -1.905065984610498919e-02 -4.485761990495865659e-01
2.335999999999999943e+01 -4.525866380217751228e-01 -1.883562770130459141e-02 -4.337510103204705314e-01
2.337000000000000099e+01 -4.265108160373738411e-01 -1.861567271658298717e-02 -4.078951433207908539e-01
2.337999999999999901e+01 -3.902366197478366328e-01 -1.839091125745639932e-02 -3.718457084903802334e-01
2.339000000000000057e+01 -3.451158284770282081e-01 -1.816146426554193782e-02 -3.269543642114862703e-01
2.339999999999999858e+01 -2.928929051261480732e-01 -1.792745723809174851e-02 -2.749654478880563246e-01
2.341000000000000014e+01 -2.356622454736148065e-01 -1.768902019380430568e-02 -2.179732252798105008e-01
2.341999999999999815e+01 -1.756919066307203181e-01 -1.744628762484790041e-02 -1.582456190058724177e-01
2.342999999999999972e+01 -1.153535970557162949e-01 -1.719939843507967137e-02 -9.815419862063662348e-02
2.344000000000000128e+01 -5.697406080930683681e-02 -1.694849586449465040e-02 -4.002556494481218641e-02
2.344999999999999929e+01 -2.696374860498507164e-03 -1.669372739998982100e-02 1.399735253949131383e-02
2.346000000000000085e+01 4.553309439667735381e-02 -1.643524467257677368e-02 6.196833906925412749e-02
2.346999999999999886e+01 8.611365753954502988e-02 -1.617320334122651637e-02 1.022868608807715463e-01
2.348000000000000043e+01 1.178418569745094402e-01 -1.590776296357684916e-02 1.337496199380862894e-01
2.348999999999999844e+01 1.398744167490045820e-01 -1.563908685378018193e-02 1.555135036027847639e-01
2.350000000000000000e+01 1.518690975546563016e-01 -1.536734192781535890e-02 1.672364394824716605e-01
2.350999999999999801e+01 1.538562617052130488e-01 -1.509269853663072758e-02 1.689489602418437764e-01
2.351999999999999957e+01 1.462631485786137220e-01 -1.481533028752890502e-02 1.610784788661426270e-01
2.353000000000000114e+01 1.299364700512091464e-01 -1.453541385424414467e-02 1.444718839054532911e-01
2.353999999999999915e+01 1.059938711424998209e-01 -1.425312877620278640e-02 1.202469999187026073e-01
2.355000000000000071e+01 7.583767713217492989e-02 -1.396865724749346560e-02 8.980633437966839550e-02
2.355999999999999872e+01 4.106333808608821079e-02 -1.368218389611011720e-02 5.474552198219832799e-02
2.357000000000000028e+01 3.426777086352694734e-03 -1.339389555406204566e-02 1.682067264041474039e-02
2.357999999999999829e+01 -3.525534041798023682e-02 -1.310398101897677220e-02 -2.215135939900346462e-02
2.358999999999999986e+01 -7.318606438635258393e-02 -1.281263080784932756e-02 -6.037343357850325637e-02
2.359999999999999787e+01 -1.086011314725048582e-01 -1.252003690361641608e-02 -9.608109456888844213e-02
2.360999999999999943e+01 -1.398986260020824990e-01 -1.222639249525811489e-02 -1.276722335068243841e-01
2.362000000000000099e+01 -1.656978111266623754e-01 -1.193189171214878441e-02 -1.537659194145135910e-01
2.362999999999999901e+01 -1.848862359242670061e-01 -1.163672935339746251e-02 -1.732495065708695436e-01
2.364000000000000057e+01 -1.966648803593706862e-01 -1.134110061293308602e-02 -1.853237797464376002e-01
2.364999999999999858e+01 -2.006238998688254505e-01 -1.104520080110094060e-02 -1.895786990677245099e-01
2.366000000000000014e+01 -1.967701901405489728e-01 -1.074922506354791807e-02 -1.860209650770010548e-01
2.366999999999999815e+01 -1.855302472787078161e-01 -1.045336809817951074e-02 -1.750768791805283053e-01
2.367999999999999972e+01 -1.677324666729719249e-01 -1.015782387097621808e-02 -1.575746428019957068e-01
2.369000000000000128e+01 -1.446227230488631443e-01 -9.862785331458068239e-03 -1.347599377174050761e-01
2.369999999999999929e+01 -1.177068208286754514e-01 -9.568444128584485675e-03 -1.081383767000909657e-01
2.371000000000000085e+01 -8.884321253482907466e-02 -9.274990327872642548e-03 -7.956822220695643211e-02
2.371999999999999886e+01 -5.995226512018536624e-02 -8.982612130510721216e-03 -5.096965298967464503e-02
2.373000000000000043e+01 -3.305431784048584731e-02 -8.691495595232936328e-03 -2.436282224525291099e-02
2.373999999999999844e+01 -1.001282448434082095e-02 -8.401824363711727847e-03 -1.611000120629093105e-03
2.375000000000000000e+01 7.467993140352291448e-03 -8.113779390207806821e-03 1.558177253056009827e-02
2.375999999999999801e+01 1.811233977372272985e-02 -7.827538676202228096e-03 2.593987844992495795e-02
2.376999999999999957e+01 2.108996475242730373e-02 -7.543277010715797315e-03 2.863324176314310104e-02
2.378000000000000114e+01 1.610193863865028163e-02 -7.261165716999692238e-03 2.336310435564997387e-02
2.378999999999999915e+01 3.505443770468019693e-03 -6.981372406258325169e-03 1.048681617672634486e-02
2.380000000000000071e+01 -1.573246561558905299e-02 -6.704060739039761213e-03 -9.028404876549291774e-03
2.380999999999999872e+01 -4.003257674834137525e-02 -6.429390194902226408e-03 -3.360318655343914884e-02
2.382000000000000028e+01 -6.732352482696146723e-02 -6.157515850936372270e-03 -6.116600897602509496e-02
2.382999999999999829e+01 -9.508524670599927120e-02 -5.888588169692066110e-03 -8.919665853630720509e-02
2.383999999999999986e+01 -1.205873101369745459e-01 -5.622752797026939198e-03 -1.149645573399476067e-01
2.384999999999999787e+01 -1.410237467983954662e-01 -5.360150370360083905e-03 -1.356635964280353823e-01
2.385999999999999943e+01 -1.537261326337293621e-01 -5.100916337779842769e-03 -1.486252162959495193e-01
2.387000000000000099e+01 -1.564266847028759067e-01 -4.845180788418612661e-03 -1.515815039144572940e-01
2.387999999999999901e+01 -1.473830802488591551e-01 -4.593068294471036594e-03 -1.427900119543881186e-01
2.389000000000000057e+01 -1.255265568774408536e-01 -4.344697765193972216e-03 -1.211818591122468813e-01
2.389999999999999858e+01 -9.071463369382226638e-02 -4.100182313188635574e-03 -8.661445138063363081e-02
2.391000000000000014e+01 -4.363951744326866056e-02 -3.859629133225711550e-03 -3.977988831004294901e-02
2.391999999999999815e+01 1.405705588462002886e-02 -3.623139393835742711e-03 1.768019527845577157e-02
2.392999999999999972e+01 7.986212379846802101e-02 -3.390808141846488044e-03 8.325293194031450905e-02
2.394000000000000128e+01 1.505428493673699464e-01 -3.162724220009655030e-03 1.537055735873796014e-01
2.394999999999999929e+01 2.223611267151990312e-01 -2.938970197819301688e-03 2.253000969130183329e-01
2.396000000000000085e+01 2.912218986607597593e-01 -2.719622315584369066e-03 2.939415209763441283e-01
2.396999999999999886e+01 3.529958405572548585e-01 -2.504750441778280656e-03 3.555005909990331392e-01
2.398000000000000043e+01 4.038271906517243437e-01 -2.294418043649715244e-03 4.061216086953740589e-01
2.398999999999999844e+01 4.403475603679720685e-01 -2.088682171038691582e-03 4.424362425390107600e-01
2.400000000000000000e+01 4.600165397525537436e-01 -1.887593453306024571e-03 4.619041332058597682e-01
2.400999999999999801e+01 4.611898317878273534e-01 -1.691196109245174384e-03 4.628810278970725278e-01
2.401999999999999957e+01 4.434055175914801694e-01 -1.499527969809177907e-03 4.449050455612893473e-01
2.403000000000000114e+01 4.074188902191964168e-01 -1.312620513451212556e-03 4.087315107326476293e-01
2.403999999999999915e+01 3.550761182879482725e-01 -1.130498913840316533e-03 3.562066172017885890e-01
2.405000000000000071e+01 2.893368335422337179e-01 -9.531820996838691329e-04 2.902900156419175870e-01
2.405999999999999872e+01 2.140555997252604481e-01 -7.806828263522413991e-04 2.148362825516126895e-01
2.407000000000000028e+01 1.336521320650536637e-01 -6.130077589745208666e-04 1.342651398240281846e-01
2.407999999999999829e+01 5.297011143815799628e-02 -4.501575666416290922e-04 5.342026900479962537e-02
2.408999999999999986e+01 -2.323551680031510358e-02 -2.921270273271679707e-04 -2.294338977298793561e-02
2.409999999999999787e+01 -9.048375061048297141e-02 -1.389051431097965139e-04 -9.034484546737317490e-02
2.410999999999999943e+01 -1.449800510839270862e-01 9.524734743915352908e-06 -1.449895758186710015e-01
2.412000000000000099e+01 -1.838647393977083100e-01 1.531847712995526578e-04 -1.840179241690078626e-01
2.412999999999999901e+01 -2.053905605778512666e-01 2.921025045624914274e-04 -2.056826630824137581e-01
2.414000000000000057e+01 -2.090764175388939439e-01 4.263106936769345268e-04 -2.095027282325708784e-01
2.414999999999999858e+01 -1.957455096769849523e-01 5.558471592371494463e-04 -1.963013568362221017e-01
2.416000000000000014e+01 -1.674158871023814776e-01 6.807546162478361751e-04 -1.680966417186293138e-01
2.416999999999999815e+01 -1.272072821906616302e-01 8.010805002831855592e-04 -1.280083626909448158e-01
2.417999999999999972e+01 -7.905102866380236959e-02 9.168767874062067058e-04 -7.996790545120857630e-02
2.419000000000000128e+01 -2.738264311730453926e-02 1.028199808419366645e-03 -2.841084292572390591e-02
2.419999999999999929e+01 2.313676483339971446e-02 1.135110058025200902e-03 2.200165477537451356e-02
2.421000000000000085e+01 6.809916869578902521e-02 1.237671999480785545e-03 6.686149669630823966e-02
2.421999999999999886e+01 1.035800647790948714e-01 1.335953865334069124e-03 1.022441109137608023e-01
2.423000000000000043e+01 1.265463151916293993e-01 1.430027454831173106e-03 1.251162877367982262e-01
2.423999999999999844e+01 1.349916248490578008e-01 1.519967928583970673e-03 1.334716569204738301e-01
2.425000000000000000e+01 1.282286383223939508e-01 1.605853601084394899e-03 1.266227847213095559e-01
2.425999999999999801e+01 1.068666030068717854e-01 1.687765731648221967e-03 1.051788372752235634e-01
2.426999999999999957e+01 7.278225521031367329e-02 1.765788314365024370e-03 7.101646689594864892e-02
2.428000000000000114e+01 2.895908882897857417e-02 1.840007867622471538e-03 2.711908096135610263e-02
2.428999999999999915e+01 -2.066219792587087323e-02 1.910513223764651741e-03 -2.257271114963552497e-02
2.430000000000000071e+01 -7.156048081346855216e-02 1.977395319431515808e-03 -7.353787613290006797e-02
2.430999999999999872e+01 -1.189496254136745979e-01 2.040746987114316902e-03 -1.209903724007889148e-01
2.432000000000000028e+01 -1.582127619248639427e-01 2.100662748446974204e-03 -1.603134246733109169e-01
2.432999999999999829e+01 -1.852002499809084490e-01 2.157238609736988888e-03 -1.873574885906454379e-01
2.433999999999999986e+01 -1.966165902231780671e-01 2.210571860221915985e-03 -1.988271620833999831e-01
2.434999999999999787e+01 -1.902658092276084401e-01 2.260760873518757874e-03 -1.925265701011271979e-01
2.435999999999999943e+01 -1.652689983010962038e-01 2.307904912712349654e-03 -1.675769032138085535e-01
2.437000000000000099e+01 -1.221247737351762175e-01 2.352103939508257135e-03 -1.244768776746844746e-01
2.437999999999999901e+01 -6.268850159580624526e-02 2.393458427852254711e-03 -6.508196002365849997e-02
2.439000000000000057e+01 9.891748205780592773e-03 2.432069182394802631e-03 7.459679023385790142e-03
2.439999999999999858e+01 9.147232963581869436e-02 2.468037162154615438e-03 8.900429247366407892e-02
2.441000000000000014e+01 1.771446634391410369e-01 2.501463309709212046e-03 1.746432001294318248e-01
2.441999999999999815e+01 2.616392553764772533e-01 2.532448386214469771e-03 2.591068069902627835e-01
2.442999999999999972e+01 3.396531511993595709e-01 2.561092812528309448e-03 3.370920583868312614e-01
2.444000000000000128e+01 4.062878497860009652e-01 2.587496516685217074e-03 4.037003532693157482e-01
2.444999999999999929e+01 4.574054145662678206e-01 2.611758787941897975e-03 4.547936557783259226e-01
2.446000000000000085e+01 4.898670164480246614e-01 2.633978137584591650e-03 4.872330383104400697e-01
2.446999999999999886e+01 5.017884395237076633e-01 2.654252166660930889e-03 4.991341873570467325e-01
2.448000000000000043e+01 4.926482274086376734e-01 2.672677440770265811e-03 4.899755499678674076e-01
2.448999999999999844e+01 4.633211967174982182e-01 2.689349372018035034e-03 4.606318473454801832e-01
2.450000000000000000e+01 4.159560549313385813e-01 2.704362108210567328e-03 4.132516928231280140e-01
2.450999999999999801e+01 3.538438951210339800e-01 2.717808429339441112e-03 3.511260866916945389e-01
2.451999999999999957e+01 2.810834601801943111e-01 2.729779651375663363e-03 2.783536805288186478e-01
2.453000000000000114e+01 2.023343289191716909e-01 2.740365537366451498e-03 1.995939633818052394e-01
2.453999999999999915e+01 1.223646204923021230e-01 2.749654215800798052e-03 1.196149662765013250e-01
2.455000000000000071e+01 4.579447449911150381e-02 2.757732106183047316e-03 4.303674239292845649e-02
2.455999999999999872e+01 -2.333454058770340067e-02 2.764683851728191866e-03 -2.609922443943159254e-02
2.457000000000000028e+01 -8.176180618037676151e-02 2.770592259067852781e-03 -8.453239843944461429e-02
2.457999999999999829e+01 -1.273051800889807295e-01 2.775538244831426971e-03 -1.300807183338121564e-01
2.458999999999999986e+01 -1.588724809829722973e-01 2.779600788944375234e-03 -1.616520817719166725e-01
2.459999999999999787e+01 -1.766140349231448692e-01 2.782856894463170416e-03 -1.793968918176080396e-01
2.460999999999999943e+01 -1.817625750806252105e-01 2.785381553746107963e-03 -1.845479566343713185e-01
2.462000000000000099e+01 -1.764769200182048081e-01 2.787247720739266521e-03 -1.792641677389440746e-01
2.462999999999999901e+01 -1.636459931672907819e-01 2.788526289138476555e-03 -1.664345194564292585e-01
2.464000000000000057e+01 -1.465609397736702402e-01 2.789286076171959561e-03 -1.493502258498421997e-01
2.464999999999999858e+01 -1.286563950309551618e-01 2.789593811731716499e-03 -1.314459888426868783e-01
2.466000000000000014e+01 -1.130873967914992617e-01 2.789514132568518545e-03 -1.158769109240677803e-01
2.466999999999999815e+01 -1.025760452715666071e-01 2.789109581252599557e-03 -1.053651548528192067e-01
2.467999999999999972e+01 -9.906380503036293916e-02 2.788440609590908670e-03 -1.018522456399538478e-01
2.469000000000000128e+01 -1.035513226586358693e-01 2.787565586182733091e-03 -1.063388882448186024e-01
2.469999999999999929e+01 -1.160787861109299213e-01 2.786540807787521445e-03 -1.188653269187174427e-01
2.471000000000000085e+01 -1.357131566186857707e-01 2.785420514172576301e-03 -1.384985771328583470e-01
2.471999999999999886e+01 -1.605810311702581261e-01 2.784256906104010110e-03 -1.633652880763621362e-01
2.473000000000000043e+01 -1.881274063738916924e-01 2.783100166141194709e-03 -1.909105065400328871e-01
2.473999999999999844e+01 -2.153091741614329147e-01 2.781998481894115693e-03 -2.180911726433270303e-01
2.475000000000000000e+01 -2.389187477106663460e-01 2.780998071403001370e-03 -2.416997457820693473e-01
2.475999999999999801e+01 -2.558607569743682753e-01 2.780143210302565837e-03 -2.586409001846708411e-01
2.476999999999999957e+01 -2.634432379178950345e-01 2.779476260435564949e-03 -2.662227141783305995e-01
2.478000000000000114e+01 -2.597071462108890838e-01 2.779037699587760812e-03 -2.624861839104768446e-01
2.478999999999999915e+01 -2.435303415863491749e-01 2.778866152020165181e-03 -2.463092077383693401e-01
2.480000000000000071e+01 -2.148224091490069654e-01 2.778998419486811144e-03 -2.176014075684937765e-01
2.480999999999999872e+01 -1.745833126903328925e-01 2.779469512431992362e-03 -1.773627822027648848e-01
2.482000000000000028e+01 -1.247923236736242225e-01 2.780312681075591819e-03 -1.275726363546998143e-01
2.482999999999999829e+01 -6.834045429749249778e-02 2.781559446105447142e-03 -7.112201374359794492e-02
2.483999999999999986e+01 -8.759763185921698447e-03 2.783239628710786409e-03 -1.154300281463248486e-02
2.484999999999999787e+01 5.002158237299558774e-02 2.785381379705693938e-03 4.723620099328989380e-02
2.485999999999999943e+01 1.040106949749667331e-01 2.788011207507268274e-03 1.012226837674594648e-01
2.487000000000000099e+01 1.494144972114792025e-01 2.791154004751328355e-03 1.466233432067278741e-01
2.487999999999999901e+01 1.830546504816627784e-01 2.794833073345992513e-03 1.802598174083167859e-01
2.489000000000000057e+01 2.025366856970943208e-01 2.799070147783272455e-03 1.997376155493110483e-01
2.489999999999999858e+01 2.065081678159438883e-01 2.803885416548246301e-03 2.037042823993956420e-01
2.491000000000000014e+01 1.948037462276574483e-01 2.809297541486649452e-03 1.919944486861707988e-01
2.491999999999999815e+01 1.684165675496573367e-01 2.815323675012193494e-03 1.656012438746451432e-01
2.492999999999999972e+01 1.294723722422209677e-01 2.821979475057384557e-03 1.266503927671635832e-01
2.494000000000000128e+01 8.108687809275338942e-02 2.829279117693150880e-03 7.825759897506023854e-02
2.494999999999999929e+01 2.710778697460647368e-02 2.837235307365584824e-03 2.427055166724088886e-02
2.496000000000000085e+01 -2.816855248152139168e-02 2.845859284719795546e-03 -3.101441176624118723e-02
2.496999999999999886e+01 -8.030512898547581546e-02 2.855160832004294269e-03 -8.316028981748010973e-02
2.498000000000000043e+01 -1.251098703960018543e-01 2.865148276071399769e-03 -1.279750186720732541e-01
2.498999999999999844e+01 -1.589074444398275165e-01 2.875828489011633682e-03 -1.617832729288391502e-01
2.500000000000000000e+01 -1.788854084993880544e-01 2.887206886482224233e-03 -1.817726153858702787e-01
2.500999999999999801e+01 -1.832564098173135037e-01 2.899287423811375275e-03 -1.861556972411248789e-01
2.501999999999999957e+01 -1.714716997244605245e-01 2.912072589981301585e-03 -1.743837723144418261e-01
2.503000000000000114e+01 -1.441468308118445396e-01 2.925563399613834159e-03 -1.470723942114583738e-01
2.503999999999999915e+01 -1.031390868707495745e-01 2.939759383101647749e-03 -1.060788462538512222e-01
2.505000000000000071e+01 -5.136398218795856785e-02 2.954658575048126068e-03 -5.431864076300669392e-02
2.505999999999999872e+01 7.471915423226116459e-03 2.970257501196567340e-03 4.501657922029549119e-03
2.507000000000000028e+01 6.907451709431566833e-02 2.986551164046599705e-03 6.608796593026906863e-02
2.507999999999999829e+01 1.289655572629324620e-01 3.003533027372218278e-03 1.259620242355602437e-01
2.508999999999999986e+01 1.827748301055638347e-01 3.021194999870607800e-03 1.797536351056932269e-01
2.509999999999999787e+01 2.265648832629445497e-01 3.039527418184556629e-03 2.235253558447599931e-01
2.510999999999999943e+01 2.571221060112007795e-01 3.058519029554118696e-03 2.540635869816466608e-01
2.512000000000000099e+01 2.722731431800121671e-01 3.078156974363754905e-03 2.691949862056484122e-01
2.512999999999999901e+01 2.708422252783345696e-01 3.098426768861128888e-03 2.677437985094734407e-01
2.514000000000000057e+01 2.529378767985517307e-01 3.119312288332343197e-03 2.498185645102193875e-01
2.514999999999999858e+01 2.197455970528612301e-01 3.140795751023550686e-03 2.166048013018376794e-01
2.516000000000000014e+01 1.735405472111465341e-01 3.162857703105925733e-03 1.703776895080406084e-01
2.516999999999999815e+01 1.174416635353514593e-01 3.185477004982811833e-03 1.142561865303686475e-01
2.517999999999999972e+01 5.512998102301278069e-02 3.208630819240498866e-03 5.192135020377228183e-02
2.519000000000000128e+01 -9.357387105973780095e-03 3.232294600544034779e-03 -1.258968170651781487e-02
2.519999999999999929e+01 -7.204070482445670831e-02 3.256442087777963734e-03 -7.529714691223467204e-02
2.521000000000000085e+01 -1.291998366103045415e-01 3.281045298728801907e-03 -1.324808819090333434e-01
2.521999999999999886e+01 -1.777508425816515802e-01 3.306074527601149393e-03 -1.810569171092527296e-01
2.523000000000000043e+01 -2.153658841424177517e-01 3.331498345653161053e-03 -2.186973824880709127e-01
2.523999999999999844e+01 -2.406674227277582068e-01 3.357283605228467138e-03 -2.440247063329866739e-01
2.525000000000000000e+01 -2.533104995559478656e-01 3.383395447452808291e-03 -2.566938950034006739e-01
2.525999999999999801e+01 -2.539215064882887063e-01 3.409797313851548051e-03 -2.573313038021402543e-01
2.526999999999999957e+01 -2.440838517586467749e-01 3.436450962132103770e-03 -2.475203027207788786e-01
2.528000000000000114e+01 -2.260883391202226367e-01 3.463316486360973334e-03 -2.295516556065836100e-01
2.528999999999999915e+01 -2.027336558874792694e-01 3.490352341749186627e-03 -2.062240082292284560e-01
2.530000000000000071e+01 -1.771301337066482073e-01 3.517515374243468385e-03 -1.806476490808916757e-01
2.530999999999999872e+01 -1.523449209838807494e-01 3.544760855101886099e-03 -1.558896818389826355e-01
2.532000000000000028e+01 -1.311828879014775850e-01 3.572042520613216698e-03 -1.347549304220908017e-01
2.532999999999999829e+01 -1.159509588338898389e-01 3.599312617099406642e-03 -1.195502714509892456e-01
2.533999999999999986e+01 -1.082441036293460002e-01 3.626521951317782100e-03 -1.118706255806637823e-01
2.534999999999999787e+01 -1.088018776413690603e-01 3.653619946358335757e-03 -1.124554975877273960e-01
2.535999999999999943e+01 -1.175251307528069056e-01 3.680554703107324910e-03 -1.212056854559142305e-01
2.537000000000000099e+01 -1.334332530486492807e-01 3.707273067324573512e-03 -1.371405261159738542e-01
2.537999999999999901e+01 -1.547930334584215473e-01 3.733720702357140597e-03 -1.585267541607786879e-01
2.539000000000000057e+01 -1.792008250763394983e-01 3.759842167486732167e-03 -1.829606672438262305e-01
2.539999999999999858e+01 -2.038701916798584257e-01 3.785581001882754038e-03 -2.076557726817411798e-01
2.541000000000000014e+01 -2.258975195072476794e-01 3.810879814106493679e-03 -2.297083993213541731e-01
2.541999999999999815e+01 -2.424181950979882316e-01 3.835680377086453374e-03 -2.462538754750746850e-01
2.542999999999999972e+01 -2.509058671378032734e-01 3.859923728457836933e-03 -2.547657908662611104e-01
2.544000000000000128e+01 -2.494270361111055045e-01 3.883550276133795887e-03 -2.533105863872393004e-01
2.544999999999999929e+01 -2.367927728810825805e-01 3.906499908949589983e-03 -2.406992727900321705e-01
2.546000000000000085e+01 -2.126587913901043514e-01 3.928712112194698847e-03 -2.165875035022990502e-01
2.546999999999999886e+01 -1.776344366065663039e-01 3.950126087823746523e-03 -1.815845626943900504e-01
2.548000000000000043e+01 -1.331904480296919324e-01 3.970680879111232464e-03 -1.371611289088031649e-01
2.548999999999999844e+01 -8.164467523980833974e-02 3.990315499490831863e-03 -8.563499073929917160e-02
2.550000000000000000e+01 -2.595430712223656400e-02 4.008969065297556672e-03 -2.996327618753412067e-02
2.550999999999999801e+01 3.039732321818000571e-02 4.026580932107202276e-03 2.637074228607280343e-02
2.551999999999999957e+01 8.377164306794115944e-02 4.043090834346674267e-03 7.972855223359448518e-02
2.553000000000000114e+01 1.304959090678110556e-01 4.058439027827653867e-03 1.264374700399834017e-01
2.553999999999999915e+01 1.672168757815855056e-01 4.072566434836694116e-03 1.631443093467488115e-01
2.555000000000000071e+01 1.911092932338007699e-01 4.085414791396735357e-03 1.870238784424040346e-01
2.555999999999999872e+01 2.000710874933584460e-01 4.096926796297528650e-03 1.959741606970609173e-01
2.557000000000000028e+01 1.928665632561197274e-01 4.107046261477426130e-03 1.887595169946423013e-01
2.557999999999999829e+01 1.693213522361560752e-01 4.115718263324658066e-03 1.652056339728314172e-01
2.558999999999999986e+01 1.301921629772795352e-01 4.122889294453341291e-03 1.260692736828261939e-01
2.559999999999999787e+01 7.726871693558301502e-02 4.128507415499152455e-03 7.314020952008386256e-02
2.560999999999999943e+01 1.321063254191959246e-02 4.132522406469442758e-03 9.078110135450149706e-03
2.562000000000000099e+01 -5.857551045538927220e-02 4.134885917175847025e-03 -6.271039637256511923e-02
2.562999999999999901e+01 -1.341630911017978323e-01 4.135551616270577435e-03 -1.382986427180684097e-01
2.564000000000000057e+01 -2.092887528028283817e-01 4.134475338404497435e-03 -2.134232281412328791e-01
2.564999999999999858e+01 -2.796805546927672026e-01 4.131615229021889935e-03 -2.838121699217890925e-01
2.566000000000000014e+01 -3.412123086688683138e-01 4.126931886307028119e-03 -3.453392405551753419e-01
2.566999999999999815e+01 -3.902351520086276282e-01 4.120388499798566251e-03 -3.943555405084261944e-01
2.567999999999999972e+01 -4.236919687435790061e-01 4.111950985191514807e-03 -4.278039197287705209e-01
2.569000000000000128e+01 -4.393917225094586820e-01 4.101588114850673872e-03 -4.434933106243093559e-01
2.569999999999999929e+01 -4.359941403354880007e-01 4.089271643567538028e-03 -4.400834119790555388e-01
2.571000000000000085e+01 -4.132139363539427679e-01 4.074976429100374276e-03 -4.172889127830431422e-01
2.571999999999999886e+01 -3.717509335483496491e-01 4.058680547047943676e-03 -3.758096140953975928e-01
2.573000000000000043e+01 -3.132470750722073372e-01 4.040365399619605391e-03 -3.172874404718269425e-01
2.573999999999999844e+01 -2.402624536421574808e-01 4.020015817878974662e-03 -2.442824694600364555e-01
2.575000000000000000e+01 -1.560091592097430091e-01 3.997620157052517165e-03 -1.600067793667955263e-01
2.575999999999999801e+01 -6.431917253485419650e-02 3.973170384513308173e-03 -6.829234291936750467e-02
2.576999999999999957e+01 3.061027504228475138e-02 3.946662160067761216e-03 2.666361288221699016e-02
2.578000000000000114e+01 1.245384997272425132e-01 3.918094908194016956e-03 1.206204048190484962e-01
2.578999999999999915e+01 2.131882405732743457e-01 3.887471881901999327e-03 2.093007686913723464e-01
2.580000000000000071e+01 2.926441010313334257e-01 3.854800217908183058e-03 2.887893008134252426e-01
2.580999999999999872e+01 3.594045222133952500e-01 3.820090982842749838e-03 3.555844312305525001e-01
2.582000000000000028e+01 4.106426739472324172e-01 3.783359210231151959e-03 4.068593147370012653e-01
2.582999999999999829e+01 4.442860549965059747e-01 3.744623928020440751e-03 4.405414310684855339e-01
2.583999999999999986e+01 4.591240241624072738e-01 3.703908176445669387e-03 4.554201159859616044e-01
2.585000000000000142e+01 4.548519768279857267e-01 3.661239016062467488e-03 4.511907378119232592e-01
2.585999999999999943e+01 4.321104688957353446e-01 3.616647525799487894e-03 4.284938213699358567e-01
2.587000000000000099e+01 3.923572966077482072e-01 3.570168790914318713e-03 3.887871278168338884e-01
2.587999999999999901e+01 3.378903821765919524e-01 3.521841880767484501e-03 3.343685402958244679e-01
2.589000000000000057e+01 2.716392976585377816e-01 3.471709816359136447e-03 2.681675878421786452e-01
2.589999999999999858e+01 1.970733796190282661e-01 3.419819527605283405e-03 1.936535600914229827e-01
2.591000000000000014e+01 1.180246324585758622e-01 3.366221800359725513e-03 1.146584106582161366e-01
2.591999999999999815e+01 3.844396864858046214e-02 3.310971213221935994e-03 3.513299743535852615e-02
2.592999999999999972e+01 -3.775023656605824840e-02 3.254126064200550672e-03 -4.100436263025879907e-02
2.594000000000000128e+01 -1.069218202951756069e-01 3.195748287334432280e-03 -1.101175685825100392e-01
2.594999999999999929e+01 -1.658447860997220857e-01 3.135903359404279556e-03 -1.689806894591263653e-01
2.596000000000000085e+01 -2.119191053658022739e-01 3.074660196898448827e-03 -2.149937655627007227e-01
2.596999999999999886e+01 -2.432534965890016387e-01 3.012091043427339576e-03 -2.462655876324289783e-01
2.598000000000000043e+01 -2.588439432095519521e-01 2.948271347809894305e-03 -2.617922145573618464e-01
2.598999999999999844e+01 -2.585364272271180042e-01 2.883279633085988891e-03 -2.614197068602039931e-01
2.600000000000000000e+01 -2.430521713677085138e-01 2.817197356735967606e-03 -2.458693687244444814e-01
2.600999999999999801e+01 -2.140236025506014883e-01 2.750108762416630936e-03 -2.167737113130181192e-01
2.601999999999999957e+01 -1.737692725017119244e-01 2.682100723549879495e-03 -1.764513732252618039e-01
2.603000000000000114e+01 -1.252160900548258127e-01 2.613262579125280594e-03 -1.278293526339510933e-01
2.603999999999999915e+01 -7.174742116547028203e-02 2.543685962103123255e-03 -7.429110712757340529e-02
2.605000000000000071e+01 -1.694588007484365555e-02 2.473464620827106608e-03 -1.941934469567076216e-02
2.605999999999999872e+01 3.557005112887101639e-02 2.402694233878552299e-03 3.316735689499246409e-02
2.607000000000000028e+01 8.245609783360641210e-02 2.331472218824431897e-03 8.012462561478198020e-02
2.607999999999999829e+01 1.207391418132353067e-01 2.259897535330887552e-03 1.184792442779044191e-01
2.608999999999999986e+01 1.481208918363823290e-01 2.188070483131965283e-03 1.459328213532503637e-01
2.610000000000000142e+01 1.630278240909301957e-01 2.116092495359572778e-03 1.609117315955706229e-01
2.610999999999999943e+01 1.647966844762165373e-01 2.044065927755328582e-03 1.627526185484612087e-01
2.612000000000000099e+01 1.536446422706594372e-01 1.972093844298500320e-03 1.516725484263609369e-01
2.612999999999999901e+01 1.307050413204355888e-01 1.900279799795512314e-03 1.288047615206400764e-01
2.614000000000000057e+01 9.794761254479222856e-02 1.828727619986439401e-03 9.611888492480578916e-02
2.614999999999999858e+01 5.798198854712854899e-02 1.757541179732327596e-03 5.622444736739622140e-02
2.616000000000000014e+01 1.401839281016292738e-02 1.686824179853120206e-03 1.233156863030980717e-02
2.616999999999999815e+01 -3.049854464537815613e-02 1.616679923191283175e-03 -3.211522456856943930e-02
2.617999999999999972e+01 -7.206377475920788811e-02 1.547211090478839424e-03 -7.361098584968672753e-02
2.619000000000000128e+01 -1.073224016401748138e-01 1.478519516586923599e-03 -1.088009211567617374e-01
2.619999999999999929e+01 -1.333734531933141731e-01 1.410705967736403110e-03 -1.347841591610505763e-01
2.621000000000000085e+01 -1.479312857153718963e-01 1.343869920245988059e-03 -1.492751556356178844e-01
2.621999999999999886e+01 -1.494378782311439613e-01 1.278109341390387677e-03 -1.507159875725343490e-01
2.623000000000000043e+01 -1.372970985178577630e-01 1.213520472935214478e-03 -1.385106189907929775e-01
2.623999999999999844e+01 -1.117788611573944380e-01 1.150197617908507719e-03 -1.129290587753029457e-01
2.625000000000000000e+01 -7.407695343322129311e-02 1.088232931159491268e-03 -7.516518636438078438e-02
2.625999999999999801e+01 -2.621718094444802638e-02 1.027716214245057158e-03 -2.724489715869308354e-02
2.626999999999999957e+01 2.912961633617655588e-02 9.687347151721356631e-04 2.816088162100442022e-02
2.628000000000000114e+01 8.883620407839953881e-02 9.113729335109843621e-04 8.792483114488855445e-02
2.628999999999999915e+01 1.494908293811796907e-01 8.557124313792185966e-04 1.486351169498004721e-01
2.630000000000000071e+01 2.077339417163474589e-01 8.018316507802936144e-04 2.069321100655671652e-01
2.630999999999999872e+01 2.604113757616293712e-01 7.498057377622879827e-04 2.596615700238670832e-01
2.632000000000000028e+01 3.048175994089318275e-01 6.997063738445330472e-04 3.041178930350872944e-01
2.632999999999999829e+01 3.389525978270316875e-01 6.516016151379977472e-04 3.383009962118936897e-01
2.633999999999999986e+01 3.615059151063568788e-01 6.055557395671096188e-04 3.609003593667897691e-01
2.635000000000000142e+01 3.720353108481972426e-01 5.616291025741237952e-04 3.714736817456231188e-01
2.635999999999999943e+01 3.709094122837996443e-01 5.198780016687498673e-04 3.703895342821308945e-01
2.637000000000000099e+01 3.592906553675188630e-01 4.803545501571582221e-04 3.588103008173617048e-01
2.637999999999999901e+01 3.389267130602465206e-01 4.431065603627271088e-04 3.384836064998837935e-01
2.639000000000000057e+01 3.120315080056486612e-01 4.081774366234691698e-04 3.116233305690251920e-01
2.639999999999999858e+01 2.810578023227164879e-01 3.756060783257630931e-04 2.806821962443907248e-01
2.641000000000000014e+01 2.484892516324046507e-01 3.454267932051224843e-04 2.481438248391995283e-01
2.641999999999999815e+01 2.165957060615225638e-01 3.176692211208642647e-04 2.162780368404016995e-01
2.642999999999999972e+01 1.872224402044905256e-01 2.923582684792591646e-04 1.869300819360112664e-01
2.644000000000000128e+01 1.616808992844329662e-01 2.695140534554607559e-04 1.614113852309775055e-01
2.644999999999999929e+01 1.406224624920292543e-01 2.491518621334509742e-04 1.403733106298958033e-01
2.646000000000000085e+01 1.239776491982829132e-01 2.312821156562477887e-04 1.237463670826266654e-01
2.646999999999999886e+01 1.110441320012993671e-01 2.159103484489499625e-04 1.108282216528504172e-01
2.648000000000000043e+01 1.004848749996283264e-01 2.030371975492023529e-04 1.002818378020791240e-01
2.648999999999999844e+01 9.063268894456988356e-02 1.926584030507577650e-04 9.044003054151912580e-02
2.650000000000000000e+01 7.954148965584417752e-02 1.847648196375006879e-04 7.935672483620667683e-02
2.650999999999999801e+01 6.525756483387140650e-02 1.793424391571679655e-04 6.507822239471423853e-02
2.651999999999999957e+01 4.611419948186679107e-02 1.763724241561348549e-04 4.593782705771065622e-02
2.653000000000000114e+01 2.082808346906742103e-02 1.758311522692297679e-04 2.065225231679819126e-02
2.653999999999999915e+01 -1.119797239508252273e-02 1.776902713313734811e-04 -1.137566266641389622e-02
2.655000000000000071e+01 -4.987125264851660633e-02 1.819167650517344859e-04 -5.005316941356834082e-02
2.655999999999999872e+01 -9.424816477207845211e-02 1.884730290648978235e-04 -9.443663780114334994e-02
2.657000000000000028e+01 -1.426289681182612568e-01 1.973169571485300366e-04 -1.428262850754097868e-01
2.657999999999999829e+01 -1.925824821100582951e-01 2.084020373725459230e-04 -1.927908841474308410e-01
2.658999999999999986e+01 -2.411868220456542811e-01 2.216774579211211460e-04 -2.414084995035754022e-01
2.660000000000000142e+01 -2.851555712839499712e-01 2.370882223058923266e-04 -2.853926595062558635e-01
2.660999999999999943e+01 -3.212104584656492734e-01 2.545752736669015803e-04 -3.214650337393161750e-01
2.662000000000000099e+01 -3.462665787873535073e-01 2.740756278370448662e-04 -3.465406544151905521e-01
2.662999999999999901e+01 -3.577774915091901931e-01 2.955225148249529532e-04 -3.580730140240151460e-01
2.664000000000000057e+01 -3.539451548975383055e-01 3.188455283534841200e-04 -3.542640004258917896e-01
2.664999999999999858e+01 -3.339665377939009527e-01 3.439707830714677783e-04 -3.343105085769724205e-01
2.666000000000000014e+01 -2.981084863100678106e-01 3.708210790414612212e-04 -2.984793073891092718e-01
2.666999999999999815e+01 -2.478050354779949283e-01 3.993160730886291532e-04 -2.482043515510835574e-01
2.667999999999999972e+01 -1.855158471619668958e-01 4.293724565827550244e-04 -1.859452196185496509e-01
2.669000000000000128e+01 -1.147763318632206708e-01 4.609041392112794844e-04 -1.152372360024319503e-01
2.669999999999999929e+01 -3.972427371195941248e-02 4.938224382892847375e-04 -4.021809615024869722e-02
2.671000000000000085e+01 3.499187931232983217e-02 5.280362731417756472e-04 3.446384303918805653e-02
2.671999999999999886e+01 1.046114833922942022e-01 5.634523640833805080e-04 1.040480310282108217e-01
2.673000000000000043e+01 1.646778767210048677e-01 5.999754355124620187e-04 1.640779012854924057e-01
2.673999999999999844e+01 2.113157087016894753e-01 6.375084226297456080e-04 2.106782002790597297e-01
2.675000000000000000e+01 2.415683368295524769e-01 6.759526812848137833e-04 2.408923841482676631e-01
2.675999999999999801e+01 2.536536934313140534e-01 7.152082004505122548e-04 2.529384852308635412e-01
2.676999999999999957e+01 2.471365490698904654e-01 7.551738168204424895e-04 2.463813752530700230e-01
2.678000000000000114e+01 2.229246906621478175e-01 7.957474310239520676e-04 2.221289432311238654e-01
2.678999999999999915e+01 1.833462163739687512e-01 8.368262249512092854e-04 1.825093901490175419e-01
2.680000000000000071e+01 1.318949489303171685e-01 8.783068796820725499e-04 1.310166420506350959e-01
2.680999999999999872e+01 7.304790183538600878e-02 9.200857935135059451e-04 7.212781604187250284e-02
2.682000000000000028e+01 1.186081039581476926e-02 9.620592995833645439e-04 1.089875109623140471e-02
2.682999999999999829e+01 -4.633103495988188936e-02 1.004123882592633521e-03 -4.733515884247452288e-02
2.683999999999999986e+01 -9.641104637046438164e-02 1.046176394132972143e-03 -9.745722276459735378e-02
2.685000000000000142e+01 -1.337675807838585307e-01 1.088114266133005659e-03 -1.348556950499915363e-01
2.685999999999999943e+01 -1.548044510953024977e-01 1.129835721944250082e-03 -1.559342868172467478e-01
2.687000000000000099e+01 -1.571137001640439124e-01 1.171239984596034178e-03 -1.582849401486399465e-01
2.687999999999999901e+01 -1.397357941848442753e-01 1.212227481758532122e-03 -1.409480216666028074e-01
2.689000000000000057e+01 -1.032211451286340065e-01 1.252700046963414748e-03 -1.044738451755974212e-01
2.689999999999999858e+01 -4.964645552152091579e-02 1.292561116643491104e-03 -5.093901663816440689e-02
2.691000000000000014e+01 1.762366842187074178e-02 1.331715922565271382e-03 1.629195249930547040e-02
2.691999999999999815e+01 9.407433159185640825e-02 1.370071679241732787e-03 9.270425991261467547e-02
2.692999999999999972e+01 1.744926959569850222e-01 1.407537765927002749e-03 1.730851581910580195e-01
2.694000000000000128e+01 2.532998096314115211e-01 1.444025902810008866e-03 2.518557837286015122e-01
2.694999999999999929e+01 3.250735472606007814e-01 1.479450321040076677e-03 3.235940969395607048e-01
2.696000000000000085e+01 3.848882897978008755e-01 1.513727926233721099e-03 3.833745618715671544e-01
2.696999999999999886e+01 4.287382013369738232e-01 1.546778455130626284e-03 4.271914228818431969e-01
2.698000000000000043e+01 4.538838361955631617e-01 1.578524625083121968e-03 4.523053115704800398e-01
2.698999999999999844e+01 4.590042561266973742e-01 1.608892276083739858e-03 4.573953638506136343e-01
2.700000000000000000e+01 4.443841880548163870e-01 1.637810505053460819e-03 4.427463775497629261e-01
2.700999999999999801e+01 4.118040451157973791e-01 1.665211792134191349e-03 4.101388333236631878e-01
2.701999999999999957e+01 3.644429090205009159e-01 1.691032118748159174e-03 3.627518769017527567e-01
2.703000000000000114e+01 3.065488711272311706e-01 1.715211077208123047e-03 3.048336600500230475e-01
2.703999999999999915e+01 2.431894920349511047e-01 1.737691971683302805e-03 2.414518000632678019e-01
2.705000000000000071e+01 1.796815991072810981e-01 1.758421910347029993e-03 1.779231771969340681e-01
2.705999999999999872e+01 1.213112252715862205e-01 1.777351888553449499e-03 1.195338733830327710e-01
2.707000000000000028e+01 7.269521929461586485e-02 1.794436862912848762e-03 7.090078243170301608e-02
2.707999999999999829e+01 3.756693649911591049e-02 1.809635816156840438e-03 3.575730068295907005e-02
2.708999999999999986e+01 1.835244858591023043e-02 1.822911812706502765e-03 1.652953677320372766e-02
2.710000000000000142e+01 1.597888128843322209e-02 1.834232044878647550e-03 1.414464924355457454e-02
2.710999999999999943e+01 2.978977983683095410e-02 1.843567869687659511e-03 2.794621196714329459e-02
2.712000000000000099e+01 5.759178845989260109e-02 1.850894836222034823e-03 5.574089362367056627e-02
2.712999999999999901e+01 9.589138024952859052e-02 1.856192703596812321e-03 9.403518754593177820e-02
2.714000000000000057e+01 1.400638538742888795e-01 1.859445449504670833e-03 1.382044084247842086e-01
2.714999999999999858e+01 1.848752899181867471e-01 1.860641269410240328e-03 1.830146486487765067e-01
2.716000000000000014e+01 2.248216003519327710e-01 1.859772566453005149e-03 2.229618277854797659e-01
2.716999999999999815e+01 2.547161825476541019e-01 1.856835932145750601e-03 2.528593466155083513e-01
2.717999999999999972e+01 2.700519832532713438e-01 1.851832117975682479e-03 2.682001511352956613e-01
2.719000000000000128e+01 2.675239744306666112e-01 1.844765998035624577e-03 2.656792084326309866e-01
2.719999999999999929e+01 2.452515363266629111e-01 1.835646522832745653e-03 2.434158898038301655e-01
2.721000000000000085e+01 2.030111362202006720e-01 1.824486664441932193e-03 2.011866495557587398e-01
2.721999999999999886e+01 1.423697241464361718e-01 1.811303353188492560e-03 1.405584207932476792e-01
2.723000000000000043e+01 6.655585610491471238e-02 1.796117406064778876e-03 6.475973869884993350e-02
2.723999999999999844e+01 -1.977272783310463078e-02 1.778953447102004509e-03 -2.155168128020663529e-02
2.725000000000000000e+01 -1.108008742712758288e-01 1.759839819935729577e-03 -1.125607140912115584e-01
2.725999999999999801e+01 -2.000450940671360534e-01 1.738808492820265172e-03 -2.017839025599563185e-01
2.726999999999999957e+01 -2.808316182478711731e-01 1.715894956362484791e-03 -2.825475132042336579e-01
2.728000000000000114e+01 -3.468546559820776531e-01 1.691138114260914982e-03 -3.485457940963385681e-01
2.728999999999999915e+01 -3.926415533252969325e-01 1.664580167350160345e-03 -3.943061334926470929e-01
2.730000000000000071e+01 -4.140365891574095958e-01 1.636266491263305145e-03 -4.156728556486729009e-01
2.730999999999999872e+01 -4.085909414872279655e-01 1.606245508039449987e-03 -4.101971869952674155e-01
2.732000000000000028e+01 -3.757371859484656129e-01 1.574568552013100309e-03 -3.773117545004787132e-01
2.732999999999999829e+01 -3.169239576887343812e-01 1.541289730334904906e-03 -3.184652474190692861e-01
2.733999999999999986e+01 -2.354772318202996706e-01 1.506465778481763662e-03 -2.369836975987814343e-01
2.735000000000000142e+01 -1.365662736831377844e-01 1.470155911125203829e-03 -1.380364295942629882e-01
2.735999999999999943e+01 -2.651569791858410241e-02 1.432421668733068615e-03 -2.794811958731717103e-02
2.737000000000000099e+01 8.727972540203576823e-02 1.393326760289262389e-03 8.588639864174650584e-02
2.737999999999999901e+01 1.971271502430619327e-01 1.352936902520307516e-03 1.957742133405416252e-01
2.739000000000000057e+01 2.955393779938210175e-01 1.311319656024878544e-03 2.942280583377961389e-01
2.739999999999999858e+01 3.757680525171652741e-01 1.268544258705650574e-03 3.744995082584596235e-01
2.741000000000000014e+01 4.323541618097805905e-01 1.224681456907072974e-03 4.311294803528735176e-01
2.741999999999999815e+01 4.614956258937277234e-01 1.179803334664886183e-03 4.603158225590628372e-01
2.742999999999999972e+01 4.613186377825191364e-01 1.133983141475058964e-03 4.601846546410440775e-01
2.744000000000000128e+01 4.320612641653095443e-01 1.087295118989750620e-03 4.309739690463197936e-01
2.744999999999999929e+01 3.759576187969217997e-01 1.039814327049082276e-03 3.749178044698727175e-01
2.746000000000000085e+01 2.971697110849200740e-01 9.916164694546147906e-04 2.961780946154654592e-01
2.746999999999999886e+01 2.013478628054932162e-01 9.427777198892373089e-04 2.004050850856039789e-01
2.748000000000000043e+01 9.525639460967050276e-02 8.933745483844929280e-04 9.436302006128600983e-02
2.748999999999999844e+01 -1.377287357312173555e-02 8.434835487329071096e-04 -1.461635712185464266e-02
2.750000000000000000e+01 -1.183938757939919650e-01 7.931812672374444206e-04 -1.191870570612294095e-01
2.750999999999999801e+01 -2.117279324452838729e-01 7.425440331844390673e-04 -2.124704764784683120e-01
2.751999999999999957e+01 -2.880243882636905894e-01 6.916477914198360111e-04 -2.887160360551104255e-01
2.753000000000000114e+01 -3.429608289575316604e-01 6.405679374011374883e-04 -3.436013968949327979e-01
2.753999999999999915e+01 -3.739833482064940373e-01 5.893791550882210295e-04 -3.745727273615822583e-01
2.755000000000000071e+01 -3.803971990498549172e-01 5.381552580287496390e-04 -3.809353543078836668e-01
2.755999999999999872e+01 -3.635280038056647456e-01 4.869690339815990754e-04 -3.640149728396463447e-01
2.757000000000000028e+01 -3.263135308730331641e-01 4.358920934135479541e-04 -3.267494229664467120e-01
2.757999999999999829e+01 -2.733158917221252260e-01 3.849947221906679928e-04 -2.737008864443158940e-01
2.758999999999999986e+01 -2.101038826760788236e-01 3.343457387760262467e-04 -2.104382284148548499e-01
2.760000000000000142e+01 -1.428351069062423484e-01 2.840123562307117489e-04 -1.431191192624730602e-01
2.760999999999999943e+01 -7.776147196295613018e-02 2.340600493026950835e-04 -7.799553201225882526e-02
2.762000000000000099e+01 -2.072767225065241803e-02 1.845524268742800011e-04 -2.091222467752669803e-02
2.762999999999999901e+01 2.338266570689639945e-02 1.355511100239181754e-04 2.324711459687248127e-02
2.764000000000000057e+01 5.095137940721478076e-02 8.711561594326039382e-05 5.086426379127152037e-02
2.764999999999999858e+01 5.993075408416848049e-02 3.930324793511436043e-05 5.989145083623336613e-02
2.766000000000000014e+01 5.004400538238990004e-02 -7.831008298229968911e-06 5.005183639068813001e-02
2.766999999999999815e+01 2.265257692123284761e-02 -5.423458188298646565e-05 2.270681150311583407e-02
2.767999999999999972e+01 -1.925721991728035487e-02 -9.985740734152342979e-05 -1.915736250993883144e-02
2.769000000000000128e+01 -7.142366085464080250e-02 -1.446520083400459900e-04 -7.127900884630075651e-02
2.769999999999999929e+01 -1.287025188900235428e-01 -1.885735744737715436e-04 -1.285139453155497713e-01
2.771000000000000085e+01 -1.854315605321019134e-01 -2.315800309647952915e-04 -1.851999805011371181e-01
2.771999999999999886e+01 -2.360143659639813984e-01 -2.736321011649889279e-04 -2.357407338628164095e-01
2.773000000000000043e+01 -2.752931506373610948e-01 -3.146933617745317768e-04 -2.749784572755865630e-01
2.773999999999999844e+01 -2.991412885845069480e-01 -3.547302907045413178e-04 -2.987865582938024067e-01
2.775000000000000000e+01 -3.046312496161612815e-01 -3.937123075294923780e-04 -3.042375373086317891e-01
2.775999999999999801e+01 -2.904510243227524380e-01 -4.316118064940366317e-04 -2.900194125162584013e-01
2.776999999999999957e+01 -2.568898373112560307e-01 -4.684041820564588399e-04 -2.564214331291995719e-01
2.778000000000000114e+01 -2.058825583305843310e-01 -5.040678469675763385e-04 -2.053784904836167546e-01
2.778999999999999915e+01 -1.408162325445972973e-01 -5.385842429043996571e-04 -1.402776483016928977e-01
2.780000000000000071e+01 -6.632788519170129682e-02 -5.719378436922079034e-04 -6.575594734800908892e-02
2.780999999999999872e+01 1.218746893745881188e-02 -6.041161511685915614e-04 1.279158508862740344e-02
2.782000000000000028e+01 8.886784804165015483e-02 -6.351096837586278632e-04 8.950295772540878270e-02
2.782999999999999829e+01 1.580016918032394191e-01 -6.649119578481521575e-04 1.586666037610875712e-01
2.783999999999999986e+01 2.143629686491090869e-01 -6.935194620580065195e-04 2.150564881111670934e-01
2.785000000000000142e+01 2.537042923750063572e-01 -7.209316245387897837e-04 2.544252239995451470e-01
2.785999999999999943e+01 2.730781978874550209e-01 -7.471507734211346730e-04 2.738253486608761555e-01
2.787000000000000099e+01 2.709995139855019275e-01 -7.721820905721710204e-04 2.717716960760740985e-01
2.787999999999999901e+01 2.475995005567914742e-01 -7.960335588238498516e-04 2.483955341156153240e-01
2.789000000000000057e+01 2.046061043386486755e-01 -8.187159028527901672e-04 2.054248202415014657e-01
2.789999999999999858e+01 1.451703502234167331e-01 -8.402425239059374551e-04 1.460105927473226706e-01
2.791000000000000014e+01 7.359854412188360229e-02 -8.606294285793819610e-04 7.445917355046298425e-02
2.791999999999999815e+01 -4.950361098390754222e-03 -8.798951518700888833e-04 -4.070465946520665339e-03
2.792999999999999972e+01 -8.496317403647113409e-02 -8.980606747337610551e-04 -8.406511336173737303e-02
2.794000000000000128e+01 -1.609578216834515185e-01 -9.151493363921681112e-04 -1.600426723470593504e-01
2.794999999999999929e+01 -2.278770001003624923e-01 -9.311867416452734858e-04 -2.269458133587172188e-01
2.796000000000000085e+01 -2.815315603785595311e-01 -9.462006634535780059e-04 -2.805853597151059531e-01
2.796999999999999886e+01 -3.188450881920723567e-01 -9.602209410651818544e-04 -3.178848672510071749e-01
2.798000000000000043e+01 -3.381310725817003870e-01 -9.732793739718470505e-04 -3.371577932077285400e-01
2.798999999999999844e+01 -3.391039221208784760e-01 -9.854096119856214919e-04 -3.381185125088928545e-01
2.800000000000000000e+01 -3.229048830912244483e-01 -9.966470417356876332e-04 -3.219082360494887607e-01
2.800999999999999801e+01 -2.919136570346489989e-01 -1.007028669891163464e-03 -2.909066283647578355e-01
2.801999999999999957e+01 -2.496112190167686373e-01 -1.016593003422439079e-03 -2.485946260133461982e-01
2.803000000000000114e+01 -2.000570198256887977e-01 -1.025379927217268117e-03 -1.990316398984715296e-01
2.803999999999999915e+01 -1.477834325519826741e-01 -1.033430579373828540e-03 -1.467500019726088456e-01
2.805000000000000071e+01 -9.721269369723115061e-02 -1.040787224495284824e-03 -9.617190647273586579e-02
2.805999999999999872e+01 -5.239170708258542031e-02 -1.047493125313929407e-03 -5.134421395727149090e-02
2.807000000000000028e+01 -1.660143932609697837e-02 -1.053592412974268394e-03 -1.554784691312270997e-02
2.807999999999999829e+01 7.821750185027231961e-03 -1.059129956306291767e-03 8.880880141333523728e-03
2.808999999999999986e+01 1.970862592620242770e-02 -1.064151230420012223e-03 2.077277715662243993e-02
2.810000000000000142e+01 1.908747804020888283e-02 -1.068702184952155521e-03 2.015618022516103836e-02
2.810999999999999943e+01 7.172837580835617066e-03 -1.072829112294660520e-03 8.245666693130277586e-03
2.812000000000000099e+01 -1.386654240475271305e-02 -1.076578516132641744e-03 -1.278996388862007130e-02
2.812999999999999901e+01 -4.101932357500381876e-02 -1.079996980616677871e-03 -3.993932659438714089e-02
2.814000000000000057e+01 -7.082700835830321728e-02 -1.083131040490806218e-03 -6.974387731781241107e-02
2.814999999999999858e+01 -9.963104633947833522e-02 -1.086027052493276912e-03 -9.854501928698505830e-02
2.816000000000000014e+01 -1.239239504274864956e-01 -1.088731068342119190e-03 -1.228352193591443764e-01
2.816999999999999815e+01 -1.407159464891473144e-01 -1.091288709611754060e-03 -1.396246577795355603e-01
2.817999999999999972e+01 -1.476763162000197527e-01 -1.093745044800586985e-03 -1.465825711552191657e-01
2.819000000000000128e+01 -1.434623570550218608e-01 -1.096144468882287448e-03 -1.423662125861395733e-01
2.819999999999999929e+01 -1.277116828735903598e-01 -1.098530585625229206e-03 -1.266131522879651305e-01
2.821000000000000085e+01 -1.011209111691614426e-01 -1.100946092957022504e-03 -1.000199650762044201e-01
2.821999999999999886e+01 -6.533632075550377394e-02 -1.103432671641035867e-03 -6.423288808386273807e-02
2.823000000000000043e+01 -2.279285657141072452e-02 -1.106030877522347355e-03 -2.168682569388837716e-02
2.823999999999999844e+01 2.347639578740634558e-02 -1.108780037590635648e-03 2.458517582499698123e-02
2.825000000000000000e+01 7.020815776244304640e-02 -1.111718150096238644e-03 7.131987591253928505e-02
2.825999999999999801e+01 1.140932928778888300e-01 -1.114881788944213636e-03 1.152081746668330436e-01
2.826999999999999957e+01 1.520786221033447738e-01 -1.118306012579728392e-03 1.531969281159245022e-01
2.828000000000000114e+01 1.817934880655738272e-01 -1.122024277565220052e-03 1.829155123431390473e-01
2.828999999999999915e+01 2.014545505047635743e-01 -1.126068357037407486e-03 2.025806188618009818e-01
2.830000000000000071e+01 2.103265360337587264e-01 -1.130468264218670305e-03 2.114570042979773967e-01
2.830999999999999872e+01 2.085229196947118169e-01 -1.135252181143991956e-03 2.096581718758558088e-01
2.832000000000000028e+01 1.971127701200974247e-01 -1.140446392750488203e-03 1.982532165128479129e-01
2.832999999999999829e+01 1.779242302423920119e-01 -1.146075226462234253e-03 1.790703054688542462e-01
2.833999999999999986e+01 1.534753180160153274e-01 -1.152160997389184427e-03 1.546274790134045118e-01
2.835000000000000142e+01 1.266529044387187941e-01 -1.158723959242963231e-03 1.278116283979617573e-01
2.835999999999999943e+01 1.003908492805201114e-01 -1.165782261058845304e-03 1.015566315415789567e-01
2.837000000000000099e+01 7.757034104050974932e-02 -1.173351909796671588e-03 7.874369295030642091e-02
2.837999999999999901e+01 6.064949261264040992e-02 -1.181446738879217417e-03 6.183093935151962733e-02
2.839000000000000057e+01 5.146318730460119895e-02 -1.190078382710541005e-03 5.265326568731173995e-02
2.839999999999999858e+01 5.108805415660006011e-02 -1.199256257201485043e-03 5.228731041380154515e-02
2.841000000000000014e+01 5.972628337146690392e-02 -1.208987546314384265e-03 6.093527091778128818e-02
2.841999999999999815e+01 7.674898166271873490e-02 -1.219277194623100136e-03 7.796825885734183503e-02
2.842999999999999972e+01 1.007072256263422672e-01 -1.230127905869432547e-03 1.019373535322116997e-01
2.844000000000000128e+01 1.295369129007054310e-01 -1.241540147481595691e-03 1.307784530481870267e-01
2.844999999999999929e+01 1.606274509682752427e-01 -1.253512161005249093e-03 1.618809631292804918e-01
2.846000000000000085e+01 1.912292771217143916e-01 -1.266039978382454967e-03 1.924953171000968466e-01
2.846999999999999886e+01 2.185687846117432276e-01 -1.279117443999583381e-03 2.198479020557428110e-01
2.848000000000000043e+01 2.401568517543568593e-01 -1.292736242409969760e-03 2.414495879967668290e-01
2.848999999999999844e+01 2.539484226130693800e-01 -1.306885931623702479e-03 2.552553085446930825e-01
2.850000000000000000e+01 2.585676763494169084e-01 -1.321553981841860903e-03 2.598892303312587693e-01
2.850999999999999801e+01 2.534328503490998474e-01 -1.336725819500284018e-03 2.547695761686001314e-01
2.851999999999999957e+01 2.386983488628628969e-01 -1.352384876473711195e-03 2.400507337393366081e-01
2.853000000000000114e+01 2.153194695334704756e-01 -1.368512644278424562e-03 2.166879821777489001e-01
2.853999999999999915e+01 1.849257468815568295e-01 -1.385088733100114933e-03 1.863108356146569444e-01
2.855000000000000071e+01 1.496413339719011582e-01 -1.402090935460703625e-03 1.510434249073618618e-01
2.855999999999999872e+01 1.118754085792119657e-01 -1.419495294327000057e-03 1.132949038735389657e-01
2.857000000000000028e+01 7.418338479280417452e-02 -1.437276175453749971e-03 7.562066096825792449e-02
2.857999999999999829e+01 3.891092179110700044e-02 -1.455406343742596253e-03 4.036632813484959670e-02
2.858999999999999986e+01 8.096916187088298855e-03 -1.473857043389490210e-03 9.570773230477789065e-03
2.860000000000000142e+01 -1.678916745740610672e-02 -1.492598081583935282e-03 -1.529656937582217144e-02
2.860999999999999943e+01 -3.483413932346235420e-02 -1.511597915514993618e-03 -3.332254140794736058e-02
2.862000000000000099e+01 -4.593151631329206452e-02 -1.530823742431672296e-03 -4.440069257086039223e-02
2.862999999999999901e+01 -5.056490403605273798e-02 -1.550241592498030618e-03 -4.901466244355470736e-02
2.864000000000000057e+01 -4.993367202226028922e-02 -1.569816424177382375e-03 -4.836385559808290685e-02
2.864999999999999858e+01 -4.568028072663210537e-02 -1.589512221874256337e-03 -4.409076850475784903e-02
2.866000000000000014e+01 -3.974865969438390323e-02 -1.609292095558365054e-03 -3.813936759882553817e-02
2.866999999999999815e+01 -3.420309363853402118e-02 -1.629118382090379014e-03 -3.257397525644364217e-02
2.867999999999999972e+01 -3.099713754638200314e-02 -1.648952747966614396e-03 -2.934818479841538874e-02
2.869000000000000128e+01 -3.179214406516583935e-02 -1.668756293196984458e-03 -3.012338777196885489e-02
2.869999999999999929e+01 -3.773503830835767126e-02 -1.688489656028961672e-03 -3.604654865232870958e-02
2.871000000000000085e+01 -4.942501091922135714e-02 -1.708113118229721838e-03 -4.771689780099163530e-02
2.871999999999999886e+01 -6.677881639137184244e-02 -1.727586710638231993e-03 -6.505122968073361045e-02
2.873000000000000043e+01 -8.907435993214596337e-02 -1.746870318700161073e-03 -8.732748961344580230e-02
2.873999999999999844e+01 -1.149822352403909731e-01 -1.765923787699769099e-03 -1.132163114526912040e-01
2.875000000000000000e+01 -1.427148429234487148e-01 -1.784707027405546542e-03 -1.409301358960431683e-01
2.875999999999999801e+01 -1.701966826242872211e-01 -1.803180115849262188e-03 -1.683935025084379589e-01
2.876999999999999957e+01 -1.952483804874153295e-01 -1.821303401962154345e-03 -1.934270770854531751e-01
2.878000000000000114e+01 -2.157889971338766699e-01 -1.839037606796795066e-03 -2.139499595270798749e-01
2.878999999999999915e+01 -2.301131691337096052e-01 -1.856343923068104473e-03 -2.282568252106415008e-01
2.880000000000000071e+01 -2.369786768466621840e-01 -1.873184112754167074e-03 -2.351054927339080169e-01
2.880999999999999872e+01 -2.357968087917353683e-01 -1.889520602502858804e-03 -2.339072881892325095e-01
2.882000000000000028e+01 -2.266954095630949739e-01 -1.905316576599702660e-03 -2.247900929864952713e-01
2.882999999999999829e+01 -2.104682532179195098e-01 -1.920536067259198676e-03 -2.085477171506603111e-01
2.883999999999999986e+01 -1.886433716625695867e-01 -1.935144042011366361e-03 -1.867082276205582203e-01
2.885000000000000142e+01 -1.631781788272130551e-01 -1.949106487965118761e-03 -1.612290723392479364e-01
2.885999999999999943e+01 -1.365011541590049893e-01 -1.962390492739496395e-03 -1.345387636662654929e-01
2.887000000000000099e+01 -1.110844686595972020e-01 -1.974964321865141370e-03 -1.091095043377320606e-01
2.887999999999999901e+01 -8.935573756420805980e-02 -1.986797492469508097e-03 -8.736894007173855170e-02
2.889000000000000057e+01 -7.340955000712168221e-02 -1.997860843070645154e-03 -7.141168916405103706e-02
2.889999999999999858e+01 -6.480854313049455584e-02 -2.008126599317233696e-03 -6.280041653117732214e-02
2.891000000000000014e+01 -6.444444410954852653e-02 -2.017568435524919046e-03 -6.242687567402360749e-02
2.891999999999999815e+01 -7.238069019220394473e-02 -2.026161531871864541e-03 -7.035452866033208019e-02
2.892999999999999972e+01 -8.787795031665579515e-02 -2.033882627129987575e-03 -8.584406768952580757e-02
2.894000000000000128e+01 -1.094486134654268916e-01 -2.040710066822354340e-03 -1.074079033986045373e-01
2.894999999999999929e+01 -1.348500851342786522e-01 -2.046623846710421413e-03 -1.328034612875682308e-01
2.896000000000000085e+01 -1.614354555663348734e-01 -2.051605651529786467e-03 -1.593838499148050869e-01
2.896999999999999886e+01 -1.862097874321788638e-01 -2.055638888906835549e-03 -1.841541485432720282e-01
2.898000000000000043e+01 -2.062329353703931112e-01 -2.058708718403801097e-03 -2.041742266519893101e-01
2.898999999999999844e+01 -2.187684761269472755e-01 -2.060802075653372922e-03 -2.167076740512939026e-01
2.900000000000000000e+01 -2.215980172708531537e-01 -2.061907691560005418e-03 -2.195361095792931483e-01
2.900999999999999801e+01 -2.132498848174146922e-01 -2.062016106558012263e-03 -2.111878687108566799e-01
2.901999999999999957e+01 -1.930509831194264780e-01 -2.061119679932638116e-03 -1.909898634394938399e-01
2.903000000000000114e+01 -1.613404876721007408e-01 -2.059212594223730486e-03 -1.592812750778770103e-01
2.903999999999999915e+01 -1.194139815683847861e-01 -2.056290854746373187e-03 -1.173576907136384129e-01
2.905000000000000071e+01 -6.937668206632441326e-02 -2.052352284276998118e-03 -6.732432978204741514e-02
2.905999999999999872e+01 -1.416452195057016361e-02 -2.047396512967123577e-03 -1.211712543760304003e-02
2.907000000000000028e+01 4.280795782658830539e-02 -2.041424963560842243e-03 4.484938279014914764e-02
2.907999999999999829e+01 9.792369638917097774e-02 -2.034440832005171562e-03 9.995813722117614930e-02
2.908999999999999986e+01 1.475236814585181300e-01 -2.026449063555535446e-03 1.495501305220736654e-01
2.910000000000000142e+01 1.883321842051870476e-01 -2.017456324491073705e-03 1.903496405296781213e-01
2.910999999999999943e+01 2.176415346081320701e-01 -2.007470969566660379e-03 2.196490055776987305e-01
2.912000000000000099e+01 2.335460226248053939e-01 -1.996503005339961279e-03 2.355425256301453552e-01
2.912999999999999901e+01 2.350852640673311011e-01 -1.984564049523213081e-03 2.370698281168543142e-01
2.914000000000000057e+01 2.223671820708175151e-01 -1.971667286520040197e-03 2.243388493573375553e-01
2.914999999999999858e+01 1.964666366943065845e-01 -1.957827419316854334e-03 1.984244641136234388e-01
2.916000000000000014e+01 1.594156923264455350e-01 -1.943060617908970444e-03 1.613587529443545054e-01
2.916999999999999815e+01 1.139895451974209384e-01 -1.927384464449385937e-03 1.159169296618703243e-01
2.917999999999999972e+01 6.347843576777005559e-02 -1.910817895316413439e-03 6.538925366308646903e-02
2.919000000000000128e+01 1.139493229515661787e-02 -1.893381140304108146e-03 1.328831343546072602e-02
2.919999999999999929e+01 -3.880922247472137765e-02 -1.875095659145710469e-03 -3.693412681557566718e-02
2.921000000000000085e+01 -8.396247763046943424e-02 -1.855984075586541993e-03 -8.210649355488289225e-02
2.921999999999999886e+01 -1.215805906523136359e-01 -1.836070109227844194e-03 -1.197445205430857917e-01
2.923000000000000043e+01 -1.499050046429894478e-01 -1.815378505367615247e-03 -1.480896261376218326e-01
2.923999999999999844e+01 -1.681321995005072845e-01 -1.793934963068288813e-03 -1.663382645374389956e-01
2.925000000000000000e+01 -1.764361772152736041e-01 -1.771766061683638371e-03 -1.746644111535899657e-01
2.925999999999999801e+01 -1.759019428579214894e-01 -1.748899186080093981e-03 -1.741530436718413954e-01
2.926999999999999957e+01 -1.684383042537103137e-01 -1.725362450788470170e-03 -1.667129418029218435e-01
2.928000000000000114e+01 -1.565373352698747889e-01 -1.701184623322887779e-03 -1.548361506465519011e-01
2.928999999999999915e+01 -1.430549255238602324e-01 -1.676395046903755848e-03 -1.413785304769564766e-01
2.930000000000000071e+01 -1.309429641278240242e-01 -1.651023562820402857e-03 -1.292919405650036213e-01
2.930999999999999872e+01 -1.228918641995803140e-01 -1.625100432667378469e-03 -1.212667637669129356e-01
2.932000000000000028e+01 -1.211263132484243776e-01 -1.598656260686032171e-03 -1.195276569877383455e-01
2.932999999999999829e+01 -1.271483160495300302e-01 -1.571721916440088629e-03 -1.255765941330899416e-01
2.933999999999999986e+01 -1.415597654208011758e-01 -1.544328458049415431e-03 -1.400154369627517603e-01
2.935000000000000142e+01 -1.640159182146975203e-01 -1.516507056202348602e-03 -1.624994111584951717e-01
2.935999999999999943e+01 -1.931932574313824924e-01 -1.488288919161112611e-03 -1.917049685122213798e-01
2.937000000000000099e+01 -2.269232789298838426e-01 -1.459705218969487017e-03 -2.254635737109143556e-01
2.937999999999999901e+01 -2.623407492725090551e-01 -1.430787019064794219e-03 -2.609099622534442608e-01
2.939000000000000057e+01 -2.961339407017352654e-01 -1.401565203490218181e-03 -2.947323754982450472e-01
2.939999999999999858e+01 -3.248582652219823563e-01 -1.372070407893999366e-03 -3.234861948140883570e-01
2.941000000000000014e+01 -3.452426109609845750e-01 -1.342332952496305687e-03 -3.439002780084882693e-01
2.941999999999999815e+01 -3.544825418786675120e-01 -1.312382777193366046e-03 -3.531701591014741459e-01
2.942999999999999972e+01 -3.505333695894206070e-01 -1.282249378961708430e-03 -3.492511202104588985e-01
2.944000000000000128e+01 -3.323039571260321123e-01 -1.251961751713270843e-03 -3.310519953743188415e-01
2.944999999999999929e+01 -2.998339816915329137e-01 -1.221548328745047929e-03 -2.986124333627878658e-01
2.946000000000000085e+01 -2.543042777291544820e-01 -1.191036927914002064e-03 -2.531132408012404800e-01
2.946999999999999886e+01 -1.979998111018942963e-01 -1.160454699658863831e-03 -1.968393564022354325e-01
2.948000000000000043e+01 -1.341508044845255432e-01 -1.129828077979511125e-03 -1.330209764065460321e-01
2.948999999999999844e+01 -6.672654414860632044e-02 -1.099182734472958778e-03 -6.562736141413336166e-02
2.950000000000000000e+01 -3.680635833283596448e-05 -1.068543535514167439e-03 1.031737177181331474e-03
2.950999999999999801e+01 6.146795856957157356e-02 -1.037934502658169333e-03 6.250589307222974289e-02
2.951999999999999957e+01 1.136413637051177372e-01 -1.007378776328934911e-03 1.146487424814466721e-01
2.953000000000000114e+01 1.530404685159295619e-01 -9.768985828483289779e-04 1.540173670987778909e-01
2.953999999999999915e+01 1.770832155186373713e-01 -9.465152048473701729e-04 1.780297307234847415e-01
2.955000000000000071e+01 1.844173827800994481e-01 -9.162489550900987378e-04 1.853336317351895468e-01
2.955999999999999872e+01 1.749643484583850439e-01 -8.861191537291313036e-04 1.758504676121141752e-01
2.957000000000000028e+01 1.499707848399499666e-01 -8.561441090005894594e-04 1.508269289489505560e-01
2.957999999999999829e+01 1.119920124323192656e-01 -8.263411013545579609e-04 1.128183535336738236e-01
2.958999999999999986e+01 6.465575089408881482e-02 -7.967263710067506999e-04 6.545247726509556552e-02
2.960000000000000142e+01 1.237104089474194701e-02 -7.673151088854780755e-04 1.313835600362742509e-02
2.960999999999999943e+01 -3.998382569124214747e-02 -7.381214509382880151e-04 -3.924570424030385946e-02
2.962000000000000099e+01 -8.746544812077927666e-02 -7.091584757515922988e-04 -8.675628964502768437e-02
2.962999999999999901e+01 -1.253635216759650950e-01 -6.804382054271806979e-04 -1.246830834705379143e-01
2.964000000000000057e+01 -1.497550052861461589e-01 -6.519716096496375179e-04 -1.491030336764965214e-01
2.964999999999999858e+01 -1.576650730585625881e-01 -6.237686128694741594e-04 -1.570413044456931140e-01
2.966000000000000014e+01 -1.474416114754540930e-01 -5.958381045182425950e-04 -1.468457733709358504e-01
2.966999999999999815e+01 -1.188169908475825709e-01 -5.681879521627908325e-04 -1.182488028954197801e-01
2.967999999999999972e+01 -7.299383673134673955e-02 -5.408250174990386627e-04 -7.245301171384770089e-02
2.969000000000000128e+01 -1.253655542139664458e-02 -5.137551750769592945e-04 -1.202280024631968529e-02
2.969999999999999929e+01 5.878357477709428291e-02 -4.869833336423670667e-04 5.927055811073664998e-02
2.971000000000000085e+01 1.363178529906956538e-01 -4.605134599742766177e-04 1.367783664506699304e-01
2.971999999999999886e+01 2.148391537585092603e-01 -4.343486050907008345e-04 2.152735023635999612e-01
2.973000000000000043e+01 2.890063748099156449e-01 -4.084909326905750149e-04 2.894148657426062199e-01
2.973999999999999844e+01 3.537121311394818557e-01 -3.829417496941656118e-04 3.540950728891760213e-01
2.975000000000000000e+01 4.045223983988398553e-01 -3.577015387408177816e-04 4.048800999375806731e-01
2.975999999999999801e+01 4.380207347182980548e-01 -3.327699924984273139e-04 4.383535047107964822e-01
2.976999999999999957e+01 4.519986620348640516e-01 -3.081460496358046086e-04 4.523068080844998562e-01
2.978000000000000114e+01 4.456917695138477020e-01 -2.838279323078007899e-04 4.459755974461555028e-01
2.978999999999999915e+01 4.198201133999969747e-01 -2.598131849991247577e-04 4.200799265849960995e-01
2.980000000000000071e+01 3.764725272685569557e-01 -2.360987145724191549e-04 3.767086259831293749e-01
2.980999999999999872e+01 3.189525190171211833e-01 -2.126808313654970917e-04 3.191651998484866803e-01
2.982000000000000028e+01 2.515205086377274579e-01 -1.895552911813647157e-04 2.517100639289088226e-01
2.982999999999999829e+01 1.790112449445814269e-01 -1.667173380154041151e-04 1.791779622825968310e-01
2.983999999999999986e+01 1.064903205754548221e-01 -1.441617473644518643e-04 1.066344823228192740e-01
2.985000000000000142e+01 3.881453978111842895e-02 -1.218828699643473290e-04 3.893642265108277628e-02
2.985999999999999943e+01 -1.972918471928819528e-02 -9.987467580304873471e-05 -1.962931004348514655e-02
2.987000000000000099e+01 -6.573925635748778529e-02 -7.813079825974567072e-05 -6.566112555922803962e-02
2.987999999999999901e+01 -9.695588892127465774e-02 -5.664457822242285889e-05 -9.689924434305223488e-02
2.989000000000000057e+01 -1.123938256008923942e-01 -3.540910803941088592e-05 -1.123584164928529833e-01
2.989999999999999858e+01 -1.124443822991679776e-01 -1.441727516425517219e-05 -1.124299650240037224e-01
2.991000000000000014e+01 -9.867852821524358831e-02 6.338194643212835544e-06 -9.868486640988680114e-02
2.991999999999999815e+01 -7.378290971490231165e-02 2.686469469215246875e-05 -7.380977440959446412e-02
2.992999999999999972e+01 -4.129201444694663437e-02 4.716969544043408957e-05 -4.133918414238706845e-02
2.994000000000000128e+01 -5.143709750645042433e-03 6.726070340191871860e-05 -5.210970454046961152e-03
2.994999999999999929e+01 3.056660428027591081e-02 8.714522099889307483e-05 3.047945905927701774e-02
2.996000000000000085e+01 6.196301992295905059e-02 1.068307074721316918e-04 6.185618921548691890e-02
2.996999999999999886e+01 8.582919628075225127e-02 1.263245409548752196e-04 8.570287173979737605e-02
2.998000000000000043e+01 9.976147904450360926e-02 1.456339818110968798e-04 9.961584506269251238e-02
2.998999999999999844e+01 1.024732297649433299e-01 1.647661373321979150e-04 1.023084636276111320e-01
3.000000000000000000e+01 9.385073257245268863e-02 1.837279278799897053e-04 9.366700464457269892e-02
3.000999999999999801e+01 7.499927317944332650e-02 2.025260545567564296e-04 7.479674712488657007e-02
3.001999999999999957e+01 4.802921901249368464e-02 2.211669684772654687e-04 4.780805204401641917e-02
3.003000000000000114e+01 1.605115177425975315e-02 2.396568417099530224e-04 1.581149493254980012e-02
3.003999999999999915e+01 -1.735970524895147360e-02 2.580015399484131278e-04 -1.761770678889988673e-02
3.005000000000000071e+01 -4.828838272532570697e-02 2.762065969667965026e-04 -4.856458932229250347e-02
3.005999999999999872e+01 -7.293192949658106050e-02 2.942771909061892011e-04 -7.322620668748724970e-02
3.007000000000000028e+01 -8.800360164596493506e-02 3.122181224318315573e-04 -8.831581976839676662e-02
3.007999999999999829e+01 -9.092613369963875591e-02 3.300337947944181893e-04 -9.125616749443317410e-02
3.008999999999999986e+01 -8.021394373583762283e-02 3.477281958215311386e-04 -8.056167193165915397e-02
3.010000000000000142e+01 -5.556140790943131513e-02 3.653048818587356639e-04 -5.592671279129005080e-02
3.010999999999999943e+01 -1.792620191853500078e-02 3.827669636729466585e-04 -1.830896888220794744e-02
3.012000000000000099e+01 3.047997011213954277e-02 4.001170943243349820e-04 3.007985301781520779e-02
3.012999999999999901e+01 8.640482778744079662e-02 4.173574590063539036e-04 8.598747032843444271e-02
3.014000000000000057e+01 1.457396437515249832e-01 4.344897668471792151e-04 1.453051539846778040e-01
3.014999999999999858e+01 2.038892917603650767e-01 4.515152446599723923e-04 2.034377765157051043e-01
3.016000000000000014e+01 2.560950478165356370e-01 4.684346326229715807e-04 2.556266131839126654e-01
3.016999999999999815e+01 2.978426460554557953e-01 4.852481818649057033e-04 2.973573978735908896e-01
3.017999999999999972e+01 3.252740567846362785e-01 5.019556539260783268e-04 3.247721011307102001e-01
3.019000000000000128e+01 3.354697360606530010e-01 5.185563220587163791e-04 3.349511797385942846e-01
3.019999999999999929e+01 3.267246052969632331e-01 5.350489743274344789e-04 3.261895563226357986e-01
3.021000000000000085e+01 2.987030084622055992e-01 5.514319184629079551e-04 2.981515765437426912e-01
3.021999999999999886e+01 2.525282579057063770e-01 5.677029884198492304e-04 2.519605549172865278e-01
3.023000000000000043e+01 1.906929540526395850e-01 5.838595525846368428e-04 1.901090945000549481e-01
3.023999999999999844e+01 1.169004281668527545e-01 5.998985235738663047e-04 1.163005296432788882e-01
3.025000000000000000e+01 3.581748418111152521e-02 6.158163695618099065e-04 3.520166781154971530e-02
3.025999999999999801e+01 -4.726032577982983152e-02 6.316091270711435279e-04 -4.789193490690097504e-02
3.026999999999999957e+01 -1.268496001425206687e-01 6.472724151575792728e-04 -1.274968725576782480e-01
3.028000000000000114e+01 -1.976499454438649661e-01 6.628014509167667878e-04 -1.983127468947817329e-01
3.028999999999999915e+01 -2.549207181853284654e-01 6.781910662383983102e-04 -2.555989092515668637e-01
3.030000000000000071e+01 -2.948972075634814782e-01 6.934357257307732780e-04 -2.955906432892122515e-01
3.030999999999999872e+01 -3.150071565787222472e-01 7.085295457368578909e-04 -3.157156861244591051e-01
3.032000000000000028e+01 -3.141266819838229862e-01 7.234663143597108714e-04 -3.148501482981826971e-01
3.032999999999999829e+01 -2.925630426577619514e-01 7.382395124167495659e-04 -2.933012821701787010e-01
3.033999999999999986e+01 -2.521847172144447979e-01 7.528423352366475640e-04 -2.529375595496814455e-01
3.035000000000000142e+01 -1.960914732347848188e-01 7.672677152164575354e-04 -1.968587409500012764e-01
3.035999999999999943e+01 -1.285084240560252500e-01 7.815083450515569741e-04 -1.292899324010768070e-01
3.037000000000000099e+01 -5.442635103334381164e-02 7.955567015537623465e-04 -5.522190773489757398e-02
3.037999999999999901e+01 2.077350725850074520e-02 8.094050699709795516e-04 1.996410218852976565e-02
3.039000000000000057e+01 9.172056047608290186e-02 8.230455687223692252e-04 9.089751490736053263e-02
3.039999999999999858e+01 1.534558053683294787e-01 8.364701744636160452e-04 1.526193351938658627e-01
3.041000000000000014e+01 2.017431529737421236e-01 8.496707473969189461e-04 2.008934822263452047e-01
3.041999999999999815e+01 2.333913749402497517e-01 8.626390567416930555e-04 2.325287358835080587e-01
3.042999999999999972e+01 2.464936505481822859e-01 8.753668062824182527e-04 2.456182837418998677e-01
3.044000000000000128e+01 2.404765307733550683e-01 8.878456599119288750e-04 2.395886851134431395e-01
3.044999999999999929e+01 2.161480570045006822e-01 9.000672670894938054e-04 2.152479897374111883e-01
3.046000000000000085e+01 1.755817761604195892e-01 9.120232881348333542e-04 1.746697528722847559e-01
3.046999999999999886e+01 1.219544717650757892e-01 9.237054192813565212e-04 1.210307663457944327e-01
3.048000000000000043e+01 5.923956844960853729e-02 9.351054174132622521e-04 5.830446303219527504e-02
3.048999999999999844e+01 -8.020651250504773344e-03 9.462151244143453960e-04 -8.966866374919118740e-03
3.050000000000000000e+01 -7.523067215174950029e-02 9.570264910580134066e-04 -7.618769864280751369e-02
3.050999999999999801e+01 -1.378346539588199970e-01 9.675316003707745693e-04 -1.388021855591907716e-01
3.051999999999999957e+01 -1.918728563882732274e-01 9.777226904044700184e-04 -1.928505790786776974e-01
3.053000000000000114e+01 -2.341606352915415190e-01 9.875921763548289878e-04 -2.351482274678963480e-01
3.053999999999999915e+01 -2.623999145184829906e-01 9.971326719674933337e-04 -2.633970471904504840e-01
3.055000000000000071e+01 -2.754029288649770812e-01 1.006337010175328839e-03 -2.764092658751524101e-01
3.055999999999999872e+01 -2.730879651112922968e-01 1.015198262914351890e-03 -2.741031633742066487e-01
3.057000000000000028e+01 -2.564867986589489668e-01 1.023709760068602925e-03 -2.575105084190175697e-01
3.057999999999999829e+01 -2.274435270057764136e-01 1.031865107497892398e-03 -2.284753921132743060e-01
3.058999999999999986e+01 -1.886345301448106859e-01 1.039658204106203021e-03 -1.896741883489168889e-01
3.060000000000000142e+01 -1.431593323662663231e-01 1.047083257911030074e-03 -1.442064156241773532e-01
3.060999999999999943e+01 -9.438218999157177436e-02 1.054134801078826511e-03 -9.543632479265060087e-02
3.062000000000000099e+01 -4.561427613789281743e-02 1.060807703894654785e-03 -4.667508384178747222e-02
3.062999999999999901e+01 1.236307403709169250e-04 1.067097187637785658e-03 -9.434664472668687334e-04
3.064000000000000057e+01 4.029802809997273805e-02 1.072998836339218720e-03 3.922502926363351933e-02
3.064999999999999858e+01 7.298921240379652176e-02 1.078508607400566199e-03 7.191070379639595556e-02
3.066000000000000014e+01 9.700353207654699439e-02 1.083622841057410580e-03 9.591990923548958381e-02
3.066999999999999815e+01 1.119204883423045027e-01 1.088338268674465814e-03 1.108321500736300369e-01
3.067999999999999972e+01 1.179888403987490175e-01 1.092652019863110668e-03 1.168961883788859069e-01
3.069000000000000128e+01 1.160769111461364966e-01 1.096561628416065082e-03 1.149803495177204316e-01
3.069999999999999929e+01 1.075093230903685360e-01 1.100065037057479378e-03 1.064092580533110566e-01
3.071000000000000085e+01 9.389341372966775179e-02 1.103160601010649833e-03 9.279025312865710196e-02
3.071999999999999886e+01 7.699157960033831127e-02 1.105847090388772935e-03 7.588573250994953834e-02
3.073000000000000043e+01 5.845477408768856575e-02 1.108123691418438916e-03 5.734665039627012684e-02
3.073999999999999844e+01 3.973533454678807031e-02 1.109990006508493332e-03 3.862534454027957698e-02
3.075000000000000000e+01 2.197424051202162554e-02 1.111446053180746574e-03 2.086279445884087896e-02
3.075999999999999801e+01 5.864810929362695990e-03 1.112492261882270725e-03 4.752318667480425265e-03
3.076999999999999957e+01 -8.297258920477751376e-03 1.113129472702430178e-03 -9.410388393180181554e-03
3.078000000000000114e+01 -2.063773220618131399e-02 1.113358931020849013e-03 -2.175109113720216300e-02
3.078999999999999915e+01 -3.164335550831154364e-02 1.113182282115834920e-03 -3.275653779042737856e-02
3.080000000000000071e+01 -4.200188446829722366e-02 1.112601564765614004e-03 -4.311448603306283767e-02
3.080999999999999872e+01 -5.254428832254087745e-02 1.111619203877749207e-03 -5.365590752641862665e-02
3.082000000000000028e+01 -6.412514721630571679e-02 1.110238002184626982e-03 -6.523538521849034377e-02
3.082999999999999829e+01 -7.740505471109326852e-02 1.108461131045929138e-03 -7.851351584213919765e-02
3.083999999999999986e+01 -9.282259710946316744e-02 1.106292120400961809e-03 -9.392888922986412925e-02
3.085000000000000142e+01 -1.105104023567264337e-01 1.103734847916482131e-03 -1.116141372046429159e-01
3.085999999999999943e+01 -1.302308389472238148e-01 1.100793527377436076e-03 -1.313316324746012509e-01
3.087000000000000099e+01 -1.513795071416577653e-01 1.097472696370449530e-03 -1.524769798380282149e-01
3.087999999999999901e+01 -1.730472110445752110e-01 1.093777203311163682e-03 -1.741409882478863747e-01
3.089000000000000057e+01 -1.940851424966643646e-01 1.089712193868941359e-03 -1.951748546905333059e-01
3.089999999999999858e+01 -2.132069587511728481e-01 1.085283096842942774e-03 -2.142922418480157909e-01
3.091000000000000014e+01 -2.291083075476936237e-01 1.080495609545734093e-03 -2.301888031572393578e-01
3.091999999999999815e+01 -2.406342560095985350e-01 1.075355682751272246e-03 -2.417096116923498073e-01
3.092999999999999972e+01 -2.468470218946698935e-01 1.069869505265025333e-03 -2.479168913999349189e-01
3.094000000000000128e+01 -2.471593920881557382e-01 1.064043488174487573e-03 -2.482234355763302258e-01
3.094999999999999929e+01 -2.413982451863867507e-01 1.057884248839568997e-03 -2.424561294352263197e-01
3.096000000000000085e+01 -2.298386701470020443e-01 1.051398594681451915e-03 -2.308900687416834963e-01
3.096999999999999886e+01 -2.131922852485081954e-01 1.044593506830004959e-03 -2.142368787553382004e-01
3.098000000000000043e+01 -1.925185018766919498e-01 1.037476123688124696e-03 -1.935559780003800745e-01
3.098999999999999844e+01 -1.692296344721705426e-01 1.030053724472734800e-03 -1.702596881966432774e-01
3.100000000000000000e+01 -1.448769185099572088e-01 1.022333712790146620e-03 -1.458992522227473554e-01
3.100999999999999801e+01 -1.210636495577673832e-01 1.014323600303637662e-03 -1.220779731580710209e-01
3.101999999999999957e+01 -9.930078605937942005e-02 1.006030990550035864e-03 -1.003068170499294559e-01
3.103000000000000114e+01 -8.085345621080153311e-02 9.974635629605294040e-04 -8.185091977376206251e-02
3.103999999999999915e+01 -6.662786763026790071e-02 9.886290571401168403e-04 -6.761649668740801755e-02
3.105000000000000071e+01 -5.713213338725181556e-02 9.795352574582250060e-04 -5.811166864471004057e-02
3.105999999999999872e+01 -5.236149902290465619e-02 9.701899780013012453e-04 -5.333168900090595743e-02
3.107000000000000028e+01 -5.186738589582040593e-02 9.606010479366461352e-04 -5.282798694375705206e-02
3.107999999999999829e+01 -5.473256337322857101e-02 9.507762973340466717e-04 -5.568333967056261768e-02
3.108999999999999986e+01 -5.970763569785741964e-02 9.407235434901392579e-04 -6.064835924134755890e-02
3.110000000000000142e+01 -6.528189034269843427e-02 9.304505777974758640e-04 -6.621234092049591013e-02
3.110999999999999943e+01 -6.986941573376537207e-02 9.199651531982128150e-04 -7.078938088696358488e-02
3.112000000000000099e+01 -7.193126954053885580e-02 9.092749722589416050e-04 -7.284054451279779741e-02
3.112999999999999901e+01 -7.009237514029370564e-02 8.983876759012243696e-04 -7.099076281619493001e-02
3.114000000000000057e+01 -6.334925190221263325e-02 8.873108328183443305e-04 -6.423656273503097758e-02
3.114999999999999858e+01 -5.107995012619445663e-02 8.760519296067276196e-04 -5.195600205580118425e-02
3.116000000000000014e+01 -3.313536583222187470e-02 8.646183616364683244e-04 -3.399998419385834303e-02
3.116999999999999815e+01 -9.973252517589348276e-03 8.530174246825471263e-04 -1.082626994227189540e-02
3.117999999999999972e+01 1.759827857116937067e-02 8.412563073348713893e-04 1.675702226383449928e-02
3.119000000000000128e+01 4.825967915174386724e-02 8.293420842016771544e-04 4.743033706754219009e-02
3.119999999999999929e+01 8.042370176680443961e-02 8.172817099175722078e-04 7.960642005688686740e-02
3.121000000000000085e+01 1.122940345492592779e-01 8.050820139637177020e-04 1.114889525352955602e-01
3.121999999999999886e+01 1.420601045907001481e-01 7.927496963043845213e-04 1.412673548943957635e-01
3.123000000000000043e+01 1.680480523182553698e-01 7.802913238401931739e-04 1.672677609944151766e-01
3.123999999999999844e+01 1.887779571795432376e-01 7.677133276752512447e-04 1.880102438518679864e-01
3.125000000000000000e+01 2.031946256326943312e-01 7.550220011912911477e-04 2.024396036315030400e-01
3.125999999999999801e+01 2.106515381918726282e-01 7.422234989188647436e-04 2.099093146929537634e-01
3.126999999999999957e+01 2.110053917418868719e-01 7.293238361923137791e-04 2.102760679056945581e-01
3.128000000000000114e+01 2.045690216624847513e-01 7.163288895709329918e-04 2.038526927729138183e-01
3.128999999999999915e+01 1.921135375786666710e-01 7.032443980067304423e-04 1.914102931806599406e-01
3.130000000000000071e+01 1.747484465263650089e-01 6.900759647348597703e-04 1.740583705616301491e-01
3.130999999999999872e+01 1.537607563573625269e-01 6.768290598604120856e-04 1.530839272975021148e-01
3.132000000000000028e+01 1.306490383990615012e-01 6.635090236117857643e-04 1.299855293754497154e-01
3.132999999999999829e+01 1.067626907067824593e-01 6.501210702282572695e-04 1.061125696365542020e-01
3.133999999999999986e+01 8.333567265007357783e-02 6.366702924466977054e-04 8.269900235762688012e-02
3.135000000000000142e+01 6.133497192628079020e-02 6.231616665494932317e-04 6.071181025973129697e-02
3.135999999999999943e+01 4.132601386566259194e-02 6.096000579337845782e-04 4.071641380772880736e-02
3.137000000000000099e+01 2.357013154390608101e-02 5.959902271596394241e-04 2.297414131674644158e-02
3.137999999999999901e+01 7.892089220233655666e-03 5.823368364328449995e-04 7.309752383800810667e-03
3.139000000000000057e+01 -6.148499871737600486e-03 5.686444564761824680e-04 -6.717144328213782954e-03
3.139999999999999858e+01 -1.926518517573727607e-02 5.549175737415319720e-04 -1.982010274947880804e-02
3.141000000000000014e+01 -3.224260763930342222e-02 5.411605979136618894e-04 -3.278376823721708411e-02
3.141999999999999815e+01 -4.587498139033541200e-02 5.273778696554404233e-04 -4.640235925999085242e-02
3.142999999999999972e+01 -6.081588116136926736e-02 5.135736685433975324e-04 -6.132945482991266489e-02
3.144000000000000128e+01 -7.733016178657514672e-02 4.997522211415694748e-04 -7.782991400771671620e-02
3.144999999999999929e+01 -9.541885547292738856e-02 4.859177091615651811e-04 -9.590477318208895374e-02
3.146000000000000085e+01 -1.145578513942897558e-01 4.720742776561093201e-04 -1.150299256719458652e-01
3.146999999999999886e+01 -1.338010584359974331e-01 4.582260431937323908e-04 -1.342592844791911655e-01
3.148000000000000043e+01 -1.517285883473555863e-01 4.443771019623787843e-04 -1.521729654493179651e-01
3.148999999999999844e+01 -1.666802805475429139e-01 4.305315377500229523e-04 -1.671108120852929368e-01
3.150000000000000000e+01 -1.766846330294842282e-01 4.166934297519242492e-04 -1.771013264592361525e-01
3.150999999999999801e+01 -1.798429213234999935e-01 4.028668601539497907e-04 -1.802457881836539433e-01
3.151999999999999957e+01 -1.743679968074047792e-01 3.890559214437538937e-04 -1.747570527288485331e-01
3.153000000000000114e+01 -1.588569753874944368e-01 3.752647234026018630e-04 -1.592322401108970387e-01
3.153999999999999915e+01 -1.324667760820101847e-01 3.614973997319581578e-04 -1.328282734817421429e-01
3.155000000000000071e+01 -9.503126308560094770e-02 3.477581142717484086e-04 -9.537902119987269611e-02
3.155999999999999872e+01 -4.725859843133628502e-02 3.340510667685231416e-04 -4.759264949810480816e-02
3.157000000000000028e+01 9.332664458464812185e-03 3.203804981543843799e-04 9.012283960310427805e-03
3.157999999999999829e+01 7.238021760543600358e-02 3.067506953001453152e-04 7.207346691013585827e-02
3.158999999999999986e+01 1.387587625116180057e-01 2.931659952086773657e-04 1.384655965164093283e-01
3.160000000000000142e+01 2.047461518429789518e-01 2.796307886173965418e-04 2.044665210543615552e-01
3.160999999999999943e+01 2.663359494793815507e-01 2.661495229816512875e-04 2.660697999563998994e-01
3.162000000000000099e+01 3.193471889126286989e-01 2.527267048141879080e-04 3.190944622078145110e-01
3.162999999999999901e+01 3.598558133762135292e-01 2.393669013589505568e-04 3.596164464748545786e-01
3.164000000000000057e+01 3.843939654451534738e-01 2.260747415807062843e-04 3.841678907035727675e-01
3.164999999999999858e+01 3.903219764267698011e-01 2.128549164558957152e-04 3.901091215103139054e-01
3.166000000000000014e+01 3.760076032057551032e-01 1.997121785531907889e-04 3.758078910272019124e-01
3.166999999999999815e+01 3.409617870280823304e-01 1.866513408961267828e-04 3.407751356871862036e-01
3.167999999999999972e+01 2.860409770345930802e-01 1.736772751033677231e-04 2.858672997594897125e-01
3.169000000000000128e+01 2.133638799055181945e-01 1.607949088071047861e-04 2.132030849967110897e-01
3.169999999999999929e+01 1.262503708417580528e-01 1.480092223516693561e-04 1.261023616194063834e-01
3.171000000000000085e+01 2.907223174386874831e-02 1.353252447802606728e-04 2.893690649908848764e-02
3.171999999999999886e+01 -7.303563205610708042e-02 1.227480491197419088e-04 -7.315838010522682233e-02
3.173000000000000043e+01 -1.744448095451101022e-01 1.102827469782463599e-04 -1.745550922920883485e-01
3.173999999999999844e+01 -2.694710704541569690e-01 9.793448247286118402e-05 -2.695690049366298302e-01
3.175000000000000000e+01 -3.526622406784081232e-01 8.570842550892354694e-05 -3.527479491039170467e-01
3.175999999999999801e+01 -4.191862468091884786e-01 7.360976443537836644e-05 -4.192598565736238569e-01
3.176999999999999957e+01 -4.652191517778073160e-01 6.164369810401915117e-05 -4.652807954759113351e-01
3.178000000000000114e+01 -4.880928350763589219e-01 4.981542736365307533e-05 -4.881426505037225749e-01
3.178999999999999915e+01 -4.865267981909653927e-01 3.813014602338515857e-05 -4.865649283369887779e-01
3.180000000000000071e+01 -4.607394032635614978e-01 2.659303132140911075e-05 -4.607659962948829069e-01
3.180999999999999872e+01 -4.123786834855132089e-01 1.520923393932838152e-05 -4.123938927194525372e-01
3.182000000000000028e+01 -3.444206988001250469e-01 3.983867603640778299e-06 -3.444246826677286877e-01
3.182999999999999829e+01 -2.610006506151441585e-01 -7.078001681037893178e-06 -2.609935726134631206e-01
3.183999999999999986e+01 -1.670484243466156538e-01 -1.797136672088139875e-05 -1.670304529798947724e-01
3.185000000000000142e+01 -6.801559872454931988e-02 -2.869129049502816553e-05 -6.798690743405429171e-02
3.185999999999999943e+01 3.056210353963717541e-02 -3.923291774182019465e-05 3.060133645737899560e-02
3.187000000000000099e+01 1.233657462876780464e-01 -4.959148671702939826e-05 1.234153377743950758e-01
3.187999999999999901e+01 2.056710412984108505e-01 -5.976234107182842870e-05 2.057308036394826789e-01
3.189000000000000057e+01 2.736280628407942728e-01 -6.974094179684753314e-05 2.736978037825911203e-01
3.189999999999999858e+01 3.245377503790386475e-01 -7.952287917817324470e-05 3.246172732582168208e-01
3.191000000000000014e+01 3.568988805488939597e-01 -8.910388471045083136e-05 3.569879844336044106e-01
3.191999999999999815e+01 3.705410122519698368e-01 -9.847984291222466879e-05 3.706394920948820615e-01
3.192999999999999972e+01 3.664785014928972906e-01 -1.076468029888588696e-04 3.665861482958861495e-01
3.194000000000000128e+01 3.468840299926352344e-01 -1.166009902884290739e-04 3.470006309829236635e-01
3.194999999999999929e+01 3.147338901413864187e-01 -1.253388174962677404e-04 3.148592289588826865e-01
3.196000000000000085e+01 2.736158176041337819e-01 -1.338568955159824547e-04 2.737496744996497644e-01
3.196999999999999886e+01 2.274540641132780650e-01 -1.421520439839063510e-04 2.275962161572619713e-01
3.198000000000000043e+01 1.800871623755785356e-01 -1.502213013667985653e-04 1.802373836769453341e-01
3.198999999999999844e+01 1.350875617593461087e-01 -1.580619345933620412e-04 1.352456236939394707e-01
3.200000000000000000e+01 9.543501986366087486e-02 -1.656714481724358423e-04 9.560069131183331070e-02
3.200999999999999801e+01 6.332633613141780415e-02 -1.730475927522595603e-04 6.349938372417006371e-02
3.202000000000000313e+01 4.010372597339295631e-02 -1.801883730774347936e-04 4.028391434647039110e-02
3.203000000000000114e+01 2.616487463467920271e-02 -1.870920553032964784e-04 2.635196668998249919e-02
3.203999999999999915e+01 2.102649582248239390e-02 -1.937571736289125934e-04 2.122025299611130650e-02
3.205000000000000426e+01 2.347406556453879301e-02 -2.001825362137332753e-04 2.367424810075252628e-02
3.206000000000000227e+01 3.162831837719259909e-02 -2.063672303451863366e-04 3.183468560753778542e-02
3.207000000000000028e+01 4.330008791321660055e-02 -2.123106268279162379e-04 4.351239854004451679e-02
3.207999999999999829e+01 5.620815020980995946e-02 -2.180123835684583122e-04 5.642616259337841778e-02
3.209000000000000341e+01 6.815288147687392772e-02 -2.234724483325956079e-04 6.837635392520652333e-02
3.210000000000000142e+01 7.730576568743330323e-02 -2.286910606560665915e-04 7.753445674808936983e-02
3.210999999999999943e+01 8.229406669238625849e-02 -2.336687528926711943e-04 8.252773544527892968e-02
3.212000000000000455e+01 8.253029763373964656e-02 -2.384063503877986712e-04 8.276870398412744523e-02
3.213000000000000256e+01 7.802645648230699393e-02 -2.429049707687314097e-04 7.826936145307572534e-02
3.214000000000000057e+01 6.955332836828609366e-02 -2.471660223469229756e-04 6.980049439063301664e-02
3.214999999999999858e+01 5.839546076720725232e-02 -2.511912016313552765e-04 5.864665196883860759e-02
3.216000000000000369e+01 4.633267590045841988e-02 -2.549824899554034574e-04 4.658765839041382334e-02
3.217000000000000171e+01 3.547917841627679092e-02 -2.585421492239323160e-04 3.573772056550072324e-02
3.217999999999999972e+01 2.782243250612193020e-02 -2.618727167904739972e-04 2.808430522291240419e-02
3.219000000000000483e+01 2.528201356373649400e-02 -2.649769994785174110e-04 2.554699056321501141e-02
3.220000000000000284e+01 2.931658388232161183e-02 -2.678580667641455859e-04 2.958444194908575742e-02
3.221000000000000085e+01 4.075900454845693410e-02 -2.705192431409902953e-04 4.102952379159792440e-02
3.221999999999999886e+01 5.976738738206788248e-02 -2.729640996918525353e-04 6.004035148175973502e-02
3.223000000000000398e+01 8.571462738340929199e-02 -2.751964448946819797e-04 8.598982382830397397e-02
3.224000000000000199e+01 1.171806575225824432e-01 -2.772203146936824680e-04 1.174578778372761256e-01
3.225000000000000000e+01 1.520783561342986534e-01 -2.790399618696204342e-04 1.523573960961682738e-01
3.225999999999999801e+01 1.877597357116735921e-01 -2.806598447459840440e-04 1.880403955564195762e-01
3.227000000000000313e+01 2.212967725947202480e-01 -2.820846152708500476e-04 2.215788572099910980e-01
3.228000000000000114e+01 2.495850193239272929e-01 -2.833191065163276345e-04 2.498683384304436206e-01
3.228999999999999915e+01 2.698219905729947188e-01 -2.843683196402935209e-04 2.701063588926350123e-01
3.230000000000000426e+01 2.795632396321727775e-01 -2.852374103572419273e-04 2.798484770425300194e-01
3.231000000000000227e+01 2.770540494803092058e-01 -2.859316749669327251e-04 2.773399811552761385e-01
3.232000000000000028e+01 2.613597484583993769e-01 -2.864565359909643227e-04 2.616462049943903412e-01
3.232999999999999829e+01 2.325678173978733554e-01 -2.868175274703399502e-04 2.328546349253436953e-01
3.234000000000000341e+01 1.917151694996334088e-01 -2.870202799764021151e-04 1.920021897796098109e-01
3.235000000000000142e+01 1.408332389378132987e-01 -2.870705053901467796e-04 1.411203094432034455e-01
3.235999999999999943e+01 8.275178904854818551e-02 -2.869739815054145327e-04 8.303876303005360004e-02
3.237000000000000455e+01 2.102862499289048781e-02 -2.867365365117335863e-04 2.131536152940222140e-02
3.238000000000000256e+01 -4.049335146068111513e-02 -2.863640334134914811e-04 -4.020698742726762365e-02
3.239000000000000057e+01 -9.779009406537730875e-02 -2.858623544418070761e-04 -9.750423171093550168e-02
3.239999999999999858e+01 -1.470695607830843077e-01 -2.852373855158074623e-04 -1.467843233975685002e-01
3.241000000000000369e+01 -1.850641530170975546e-01 -2.844950008094038196e-04 -1.847796580162881508e-01
3.242000000000000171e+01 -2.092365118307329963e-01 -2.836410474793549241e-04 -2.089528707832536414e-01
3.242999999999999972e+01 -2.180357769463091566e-01 -2.826813306092967881e-04 -2.177530956156998598e-01
3.244000000000000483e+01 -2.110315140074571216e-01 -2.816215984238479297e-04 -2.107498924090332737e-01
3.245000000000000284e+01 -1.889306643919070883e-01 -2.804675278253176973e-04 -1.886501968640817706e-01
3.246000000000000085e+01 -1.536020549675900515e-01 -2.792247103042266865e-04 -1.533228302572858248e-01
3.246999999999999886e+01 -1.078612055379613022e-01 -2.778986382733494853e-04 -1.075833068996879527e-01
3.248000000000000398e+01 -5.535937152180991916e-02 -2.764946918728458658e-04 -5.508287682993707329e-02
3.249000000000000199e+01 -3.199416611598948634e-04 -2.750181262923374567e-04 -4.492353486755740677e-05
3.250000000000000000e+01 5.293753952460567014e-02 -2.734740596534099288e-04 5.321101358425908007e-02
3.250999999999999801e+01 1.000653485373932394e-01 -2.718674614936578138e-04 1.003372159988868972e-01
3.252000000000000313e+01 1.372271272938705433e-01 -2.702031418908845684e-04 1.374973304357614279e-01
3.253000000000000114e+01 1.612985605580266046e-01 -2.684857412633967488e-04 1.615670462992900014e-01
3.253999999999999915e+01 1.700887989464221484e-01 -2.667197208796878716e-04 1.703555186673018362e-01
3.255000000000000426e+01 1.625623297843752368e-01 -2.649093541072788938e-04 1.628272391384825157e-01
3.256000000000000227e+01 1.388811193608143757e-01 -2.630587184284938207e-04 1.391441780792428695e-01
3.257000000000000028e+01 1.003269890597899838e-01 -2.611716882468667622e-04 1.005881607480368506e-01
3.257999999999999829e+01 4.945432915646530425e-02 -2.592519285048791589e-04 4.971358108497018341e-02
3.259000000000000341e+01 -1.048661757625235502e-02 -2.573028891312105493e-04 -1.022931468712114447e-02
3.260000000000000142e+01 -7.536556882349532138e-02 -2.553278003311482136e-04 -7.511024102316417317e-02
3.260999999999999943e+01 -1.408567153633313307e-01 -2.533296687314556817e-04 -1.406033856945998750e-01
3.262000000000000455e+01 -2.024585191477078494e-01 -2.513112743872669697e-04 -2.022072078733205824e-01
3.263000000000000256e+01 -2.560974145558380100e-01 -2.492751686548611012e-04 -2.558481393871831489e-01
3.264000000000000057e+01 -2.980851106104699388e-01 -2.472236729315069326e-04 -2.978378869375384319e-01
3.264999999999999858e+01 -3.257163144281063905e-01 -2.451588782598213001e-04 -3.254711555498465692e-01
3.266000000000000369e+01 -3.372848514560642941e-01 -2.430826457903156879e-04 -3.370417688102739784e-01
3.267000000000000171e+01 -3.321233333651366637e-01 -2.409966080937353539e-04 -3.318823367570429284e-01
3.267999999999999972e+01 -3.108095051375439066e-01 -2.389021713101180389e-04 -3.105706029662337886e-01
3.269000000000000483e+01 -2.749141735163877498e-01 -2.368005181199173137e-04 -2.746773729982678325e-01
3.270000000000000284e+01 -2.270741648854043837e-01 -2.346926115177894179e-04 -2.268394722738865943e-01
3.271000000000000085e+01 -1.705530690755650003e-01 -2.325791993686709969e-04 -1.703204898761963293e-01
3.271999999999999886e+01 -1.091765868975287379e-01 -2.304608197207236309e-04 -1.089461260778080143e-01
3.273000000000000398e+01 -4.695450761691288832e-02 -2.283378068491451196e-04 -4.672616981006374320e-02
3.274000000000000199e+01 1.221330323557368036e-02 -2.262102980007656833e-04 1.243951353357444604e-02
3.275000000000000000e+01 6.478802224413326982e-02 -2.240782408074598608e-04 6.501210048494072968e-02
3.276000000000000512e+01 1.078315498407920181e-01 -2.219414013341913794e-04 1.080534912421262095e-01
3.277000000000000313e+01 1.392233859703457810e-01 -2.197993727252878227e-04 1.394431853430710688e-01
3.278000000000000114e+01 1.577015228877338970e-01 -2.176515844101722941e-04 1.579191744721440693e-01
3.278999999999999915e+01 1.630615750937831065e-01 -2.154973118289604805e-04 1.632770724056120670e-01
3.280000000000000426e+01 1.559139522247426635e-01 -2.133356866353408599e-04 1.561272879113780043e-01
3.281000000000000227e+01 1.378066414615090607e-01 -2.111657073339823221e-04 1.380178071688430430e-01
3.282000000000000028e+01 1.109690899853963963e-01 -2.089862503076023170e-04 1.111780762357039987e-01
3.282999999999999829e+01 7.802175672306310705e-02 -2.067960811882457728e-04 7.822855280425135283e-02
3.284000000000000341e+01 4.198573163558438903e-02 -2.045938665259927625e-04 4.219032550211038179e-02
3.285000000000000142e+01 5.762399951875885051e-03 -2.023781857080396776e-04 5.964778137583924729e-03
3.285999999999999943e+01 -2.782853783841032769e-02 -2.001475430803666133e-04 -2.762839029532996107e-02
3.287000000000000455e+01 -5.645128373798935506e-02 -1.979003802238532561e-04 -5.625338335776550180e-02
3.288000000000000256e+01 -7.821712215365772547e-02 -1.956350883367263815e-04 -7.802148706532099909e-02
3.289000000000000057e+01 -9.204243058057781646e-02 -1.933500206752203354e-04 -9.184908055990259612e-02
3.289999999999999858e+01 -9.742853291063813259e-02 -1.910435050044567706e-04 -9.723748940563367582e-02
3.291000000000000369e+01 -9.444853547101828006e-02 -1.887138560122264552e-04 -9.425982161500605361e-02
3.292000000000000171e+01 -8.409338666927279604e-02 -1.863593876388486281e-04 -8.390702728163394741e-02
3.292999999999999972e+01 -6.751646440156910955e-02 -1.839784252768844608e-04 -6.733248597629222509e-02
3.294000000000000483e+01 -4.652901460246172682e-02 -1.815693177957822257e-04 -4.634744528466594460e-02
3.295000000000000284e+01 -2.281273678606599020e-02 -1.791304493474824011e-04 -2.263360633671850780e-02
3.296000000000000085e+01 1.630260350935219815e-03 -1.766602509101627971e-04 1.806920601845382612e-03
3.296999999999999886e+01 2.515302277411579635e-02 -1.741572115289448386e-04 2.532717998564474118e-02
3.298000000000000398e+01 4.640786734062352092e-02 -1.716198892138531829e-04 4.657948722983737411e-02
3.299000000000000199e+01 6.420224589872003396e-02 -1.690469214569861878e-04 6.437129282017702014e-02
3.300000000000000000e+01 7.803779100703567284e-02 -1.664370353328115115e-04 7.820422804236848435e-02
3.301000000000000512e+01 8.764857692177452364e-02 -1.637890571472011558e-04 8.781236597892172480e-02
3.302000000000000313e+01 9.334172754966213459e-02 -1.611019216032627543e-04 9.350282947126539734e-02
3.303000000000000114e+01 9.561668736900547083e-02 -1.583746804537239372e-04 9.577506204945919477e-02
3.303999999999999915e+01 9.535943259960344420e-02 -1.556065106122356267e-04 9.551503911021567983e-02
3.305000000000000426e+01 9.343699214835332612e-02 -1.527967216981007681e-04 9.358978887005142688e-02
3.306000000000000227e+01 9.083256876511897060e-02 -1.499447629912942226e-04 9.098251352811026482e-02
3.307000000000000028e+01 8.830490195482942895e-02 -1.470502297772624534e-04 8.845195218460669140e-02
3.307999999999999829e+01 8.645385064982546997e-02 -1.441128690632398346e-04 8.659796351888870980e-02
3.309000000000000341e+01 8.549880373911672438e-02 -1.411325846506078507e-04 8.563993632376733223e-02
3.310000000000000142e+01 8.544653096176202389e-02 -1.381094415501549211e-04 8.558464040331217881e-02
3.310999999999999943e+01 8.581447759439642109e-02 -1.350436697298423860e-04 8.594952126412626348e-02
3.312000000000000455e+01 8.595729651236405644e-02 -1.319356671870830500e-04 8.608923217955113949e-02
3.313000000000000256e+01 8.489481283346644869e-02 -1.287860023404252541e-04 8.502359883580687394e-02
3.314000000000000057e+01 8.163564035179526890e-02 -1.255954157376587554e-04 8.176123576753292765e-02
3.314999999999999858e+01 7.505532412864579506e-02 -1.223648210802730230e-04 7.517768894972606808e-02
3.316000000000000369e+01 6.415817606505203052e-02 -1.190953055666549298e-04 6.427727137061868545e-02
3.317000000000000171e+01 4.829090328692853262e-02 -1.157881295585777570e-04 4.840669141648711038e-02
3.317999999999999972e+01 2.698810301281961976e-02 -1.124447255783922461e-04 2.710054773839801201e-02
3.319000000000000483e+01 3.367098628541675964e-04 -1.090666966463131214e-04 4.457765595004807178e-04
3.320000000000000284e+01 -3.130047237385147341e-02 -1.056558139697350018e-04 -3.119481655988173840e-02
3.321000000000000085e+01 -6.691294895385468955e-02 -1.022140139985971974e-04 -6.681073493985609235e-02
3.321999999999999886e+01 -1.052731230463366252e-01 -9.874339486293237655e-05 -1.051743796514736928e-01
3.323000000000000398e+01 -1.447698893987889868e-01 -9.524621221093654277e-05 -1.446746431865780502e-01
3.324000000000000199e+01 -1.834197146389530131e-01 -9.172487446762467300e-05 -1.833279897644853884e-01
3.325000000000000000e+01 -2.193315739350888416e-01 -8.818193753604153251e-05 -2.192433919975528001e-01
3.326000000000000512e+01 -2.504720062874378206e-01 -8.462009896509359308e-05 -2.503873861884727270e-01
3.327000000000000313e+01 -2.751544507945162810e-01 -8.104219160881553918e-05 -2.750734086029074654e-01
3.328000000000000114e+01 -2.918179349482549201e-01 -7.745117680474367106e-05 -2.917404837714501764e-01
3.328999999999999915e+01 -2.994901030177062884e-01 -7.385013709848564645e-05 -2.994162528806078027e-01
3.330000000000000426e+01 -2.975258963770094911e-01 -7.024226854579485035e-05 -2.974556541084636963e-01
3.331000000000000227e+01 -2.858982260140449649e-01 -6.663087262048783543e-05 -2.858315951414244771e-01
3.332000000000000028e+01 -2.651037080978877469e-01 -6.301934776242745784e-05 -2.650406887501253195e-01
3.332999999999999829e+01 -2.360684644161390455e-01 -5.941118059588079703e-05 -2.360090532355431647e-01
3.334000000000000341e+01 -2.001681196189974976e-01 -5.580993685314061814e-05 -2.001123096821443570e-01
3.335000000000000142e+01 -1.591346566136375151e-01 -5.221925203632848955e-05 -1.590824373616011866e-01
3.335999999999999943e+01 -1.147911216303408311e-01 -4.864282185243484768e-05 -1.147424788084883962e-01
3.337000000000000455e+01 -6.914030430860490517e-02 -4.508439245580475596e-05 -6.909521991614910041e-02
3.338000000000000256e+01 -2.401865971584475623e-02 -4.154775053342996127e-05 -2.397711196531132627e-02
3.339000000000000057e+01 1.882710655657160448e-02 -3.803671326783886197e-05 1.886514326983944334e-02
3.339999999999999858e+01 5.802379689868070178e-02 -3.455511821270212947e-05 5.805835201689340391e-02
3.341000000000000369e+01 9.245703533888555148e-02 -3.110681311588314735e-05 9.248814215200143463e-02
3.342000000000000171e+01 1.214043256741355603e-01 -2.769564572455140983e-05 1.214320213198601117e-01
3.342999999999999972e+01 1.445361914074528853e-01 -2.432545360647742072e-05 1.445605168610593627e-01
3.344000000000000483e+01 1.618120523520326648e-01 -2.100005402097537832e-05 1.618330524060536402e-01
3.345000000000000284e+01 1.735479813691300777e-01 -1.772323387272400907e-05 1.735657046030028017e-01
3.346000000000000085e+01 1.801201483489444088e-01 -1.449873978037752309e-05 1.801346470887247864e-01
3.346999999999999886e+01 1.821261034849861460e-01 -1.133026829153171988e-05 1.821374337532776777e-01
3.348000000000000398e+01 1.801418863623428512e-01 -8.221456274271066178e-06 1.801501078186171223e-01
3.349000000000000199e+01 1.746017810260989123e-01 -5.175871514995211697e-06 1.746069568976139075e-01
3.350000000000000000e+01 1.658603803957171552e-01 -2.197003550419296403e-06 1.658625773992675745e-01
3.351000000000000512e+01 1.540344864038905026e-01 7.117452390792422534e-07 1.540337746586514234e-01
3.352000000000000313e+01 1.390532643713324745e-01 3.547068248982432337e-06 1.390497173030834921e-01
3.353000000000000114e+01 1.206799988927451661e-01 6.305762958486171854e-06 1.206736931297866799e-01
3.353999999999999915e+01 9.847476892950157712e-02 8.984738904149747185e-06 9.846578419059742737e-02
3.355000000000000426e+01 7.201737388897622161e-02 1.158102529731641628e-05 7.200579286367890519e-02
3.356000000000000227e+01 4.082989892656296860e-02 1.409177826555002566e-05 4.081580714829741857e-02
3.357000000000000028e+01 4.598401936388052391e-03 1.651428769973515426e-05 4.581887648688317237e-03
3.357999999999999829e+01 -3.670667093449608842e-02 1.884598368981360572e-05 -3.672551691818590203e-02
3.359000000000000341e+01 -8.289159003156831851e-02 2.108444253415275860e-05 -8.291267447410247127e-02
3.360000000000000142e+01 -1.332820634251470349e-01 2.322739230883885675e-05 -1.333052908174558737e-01
3.360999999999999943e+01 -1.868175227385533432e-01 2.527271798516417256e-05 -1.868427954565385074e-01
3.362000000000000455e+01 -2.419867903407555421e-01 2.721846608494393749e-05 -2.420140088068404860e-01
3.363000000000000256e+01 -2.968248411382798935e-01 2.906284886539101109e-05 -2.968539039871452845e-01
3.364000000000000057e+01 -3.491103052290915887e-01 3.080424802659464945e-05 -3.491411094771181833e-01
3.364999999999999858e+01 -3.963133329617483103e-01 3.244121793610776905e-05 -3.963457741796844180e-01
3.366000000000000369e+01 -4.359034635642680122e-01 3.397248836800592642e-05 -4.359374360526360181e-01
3.367000000000000171e+01 -4.653572006859814092e-01 3.539696675369796708e-05 -4.653925976527351072e-01
3.367999999999999972e+01 -4.824250973688450905e-01 3.671373994434956600e-05 -4.824618111087894401e-01
3.369000000000000483e+01 -4.853082801672952140e-01 3.792207548702908326e-05 -4.853462022427822431e-01
3.370000000000000284e+01 -4.726644857048654114e-01 3.902142241635209174e-05 -4.727035071272817635e-01
3.371000000000000085e+01 -4.439638294599659307e-01 4.001141156656506936e-05 -4.440038408715324958e-01
3.371999999999999886e+01 -3.993746619274864962e-01 4.089185541017448244e-05 -3.994155537828966707e-01
3.373000000000000398e+01 -3.398599779363544737e-01 4.166274742939402032e-05 -3.399016406837838677e-01
3.374000000000000199e+01 -2.672849189497692457e-01 4.232426103001341033e-05 -2.673272432107992591e-01
3.375000000000000000e+01 -1.841059364847068558e-01 4.287674800668161978e-05 -1.841488132327135374e-01
3.376000000000000512e+01 -9.358216180514622451e-02 4.332073657156709778e-05 -9.362548254171779161e-02
3.377000000000000313e+01 7.605486862587440555e-04 4.365692895748156648e-05 7.168917573012624890e-04
3.378000000000000114e+01 9.486254848300523790e-02 4.388619860989928512e-05 9.481866228439533861e-02
3.378999999999999915e+01 1.848601408011285585e-01 4.400958698153045745e-05 1.848161312141470281e-01
3.379999999999999716e+01 2.667921476241882361e-01 4.402829994509804834e-05 2.667481193242431381e-01
3.381000000000000227e+01 3.372135504283831908e-01 4.394370384019907760e-05 3.371696067245429917e-01
3.382000000000000028e+01 3.931946653299649430e-01 4.375732117128938725e-05 3.931509080087936536e-01
3.382999999999999829e+01 4.324525214672816364e-01 4.347082597505602664e-05 4.324090506413065804e-01
3.383999999999999631e+01 4.536132874135276882e-01 4.308603887426265544e-05 4.535702013746534256e-01
3.385000000000000142e+01 4.561517222536902727e-01 4.260492183855157933e-05 4.561091173318517211e-01
3.385999999999999943e+01 4.405177045062688701e-01 4.202957266991047547e-05 4.404756749335989596e-01
3.386999999999999744e+01 4.080439059895207277e-01 4.136221923434213465e-05 4.080025437702863855e-01
3.388000000000000256e+01 3.607856260761923561e-01 4.060521345838896679e-05 3.607450208627339672e-01
3.389000000000000057e+01 3.016236862367991933e-01 3.976102511188406297e-05 3.015839252116873093e-01
3.389999999999999858e+01 2.337911115458188860e-01 3.883223539682956194e-05 2.337522793104220564e-01
3.390999999999999659e+01 1.608731051819974889e-01 3.782153036405166979e-05 1.608352836516334372e-01
3.392000000000000171e+01 8.667456743775908690e-02 3.673169417695021366e-05 8.663783574358213668e-02
3.392999999999999972e+01 1.471213818085309599e-02 3.556560224456106756e-05 1.467657257860853492e-02
3.393999999999999773e+01 -5.156353200895197331e-02 3.432621424337423122e-05 -5.159785822319534754e-02
3.395000000000000284e+01 -1.093378349031590702e-01 3.301656704897404371e-05 -1.093708514702080442e-01
3.396000000000000085e+01 -1.562243618147847735e-01 3.163976759751330192e-05 -1.562560015823822868e-01
3.396999999999999886e+01 -1.906501278317865311e-01 3.019898569683876488e-05 -1.906803268174833699e-01
3.397999999999999687e+01 -2.117139551802769137e-01 2.869744680714103602e-05 -2.117426526270840548e-01
3.399000000000000199e+01 -2.192151772490742168e-01 2.713842480994710371e-05 -2.192423156738841639e-01
3.400000000000000000e+01 -2.137308327144598341e-01 2.552523478435708704e-05 -2.137563579492441912e-01
3.400999999999999801e+01 -1.964174678129528284e-01 2.386122580882998889e-05 -1.964413290387616584e-01
3.402000000000000313e+01 -1.689825600283632878e-01 2.214977380604610246e-05 -1.690047098021693339e-01
3.403000000000000114e+01 -1.334854272370254169e-01 2.039427444799901679e-05 -1.335058215114734159e-01
3.403999999999999915e+01 -9.229930384283113742e-02 1.859813613776239993e-05 -9.231790197896889982e-02
3.404999999999999716e+01 -4.784006202426541177e-02 1.676477308377999353e-05 -4.785682679734919176e-02
3.406000000000000227e+01 -2.521844550700022558e-03 1.489759848198081438e-05 -2.536742149182003372e-03
3.407000000000000028e+01 4.143833235540264615e-02 1.300001781976561910e-05 4.142533233758288053e-02
3.407999999999999829e+01 8.209614150607501271e-02 1.107542231593150461e-05 8.208506608375908120e-02
3.408999999999999631e+01 1.179333794603601993e-01 9.127182509324760495e-06 1.179242522778508745e-01
3.410000000000000142e+01 1.478021236709571307e-01 7.158642008370241783e-06 1.477949650289487604e-01
3.410999999999999943e+01 1.710790743661454449e-01 5.173111412931641340e-06 1.710739012547325133e-01
3.411999999999999744e+01 1.875763237604504696e-01 3.173862419270090385e-06 1.875731498980311995e-01
3.413000000000000256e+01 1.975897453116780000e-01 1.164122117508492593e-06 1.975885811895604915e-01
3.414000000000000057e+01 2.017140189975195619e-01 -8.529325088990624693e-07 2.017148719300284609e-01
3.414999999999999858e+01 2.009621093026720817e-01 -2.874179873657567441e-06 2.009649834825457393e-01
3.415999999999999659e+01 1.964909954753494559e-01 -4.896558860767452614e-06 1.964958920342102233e-01
3.417000000000000171e+01 1.896512230361993012e-01 -6.917073673284868107e-06 1.896581401098725861e-01
3.417999999999999972e+01 1.817554050873319005e-01 -8.932798452099266484e-06 1.817643378857839997e-01
3.418999999999999773e+01 1.740890540613928006e-01 -1.094088165948248204e-05 1.740999949430522831e-01
3.420000000000000284e+01 1.677977701771368180e-01 -1.293855022299617019e-05 1.678107087273598141e-01
3.421000000000000085e+01 1.637362516874806828e-01 -1.492311343595509321e-05 1.637511748009166379e-01
3.421999999999999886e+01 1.625605225687032362e-01 -1.689196661175396130e-05 1.625774145353149902e-01
3.422999999999999687e+01 1.645606934612972028e-01 -1.884259448947656068e-05 1.645795360557866793e-01
3.424000000000000199e+01 1.697004791427209058e-01 -2.077257438934387856e-05 1.697212517171102497e-01
3.425000000000000000e+01 1.776845887588567319e-01 -2.267957911680773542e-05 1.777072683379735396e-01
3.425999999999999801e+01 1.878479826986602097e-01 -2.456137961531767999e-05 1.878725440782755274e-01
3.427000000000000313e+01 1.993738531865321129e-01 -2.641584736731705796e-05 1.994002690338994299e-01
3.428000000000000114e+01 2.112230371744874269e-01 -2.824095654493929963e-05 2.112512781310323662e-01
3.428999999999999915e+01 2.223024148657806176e-01 -3.003478591109831619e-05 2.223324496516917159e-01
3.429999999999999716e+01 2.315206921946931784e-01 -3.179552047327671715e-05 2.315524877151664551e-01
3.431000000000000227e+01 2.378548195965101142e-01 -3.352145289176045040e-05 2.378883410494018746e-01
3.432000000000000028e+01 2.404751724230944632e-01 -3.521098464556726704e-05 2.405103834077400304e-01
3.432999999999999829e+01 2.387435208724387747e-01 -3.686262695865027972e-05 2.387803834993974250e-01
3.433999999999999631e+01 2.324037593835549531e-01 -3.847500149045668394e-05 2.324422343850454098e-01
3.435000000000000142e+01 2.214563558333669802e-01 -4.004684079414455589e-05 2.214964026741611247e-01
3.435999999999999943e+01 2.062615260207286694e-01 -4.157698854709290792e-05 2.063031030092757623e-01
3.436999999999999744e+01 1.875852422090471538e-01 -4.306439955792384922e-05 1.876283066086050777e-01
3.438000000000000256e+01 1.664253455919383340e-01 -4.450813955494958840e-05 1.664698537314932836e-01
3.439000000000000057e+01 1.440822470477306494e-01 -4.590738476104028187e-05 1.441281544324916897e-01
3.439999999999999858e+01 1.219519599483154249e-01 -4.726142125996424248e-05 1.219992213695753891e-01
3.440999999999999659e+01 1.015545007517582032e-01 -4.856964416007081287e-05 1.016030703959182740e-01
3.442000000000000171e+01 8.433300209640992584e-02 -4.983155656035354042e-05 8.438283365297027938e-02
3.442999999999999972e+01 7.152119130041645345e-02 -5.104676832518029173e-05 7.157223806874163374e-02
3.443999999999999773e+01 6.420117559114213446e-02 -5.221499467324142163e-05 6.425339058581537588e-02
3.445000000000000284e+01 6.296572525340582427e-02 -5.333605458689161249e-05 6.301906130799271588e-02
3.446000000000000085e+01 6.803343993207244811e-02 -5.440986904800548807e-05 6.808784980112045360e-02
3.446999999999999886e+01 7.910730713093683253e-02 -5.543645910642547303e-05 7.916274359004325800e-02
3.447999999999999687e+01 9.535620507795039558e-02 -5.641594378744119176e-05 9.541262102173783677e-02
3.449000000000000199e+01 1.154978590137165639e-01 -5.734853784435112178e-05 1.155552075515609151e-01
3.450000000000000000e+01 1.377486304769332537e-01 -5.823454936282335126e-05 1.378068650262960770e-01
3.450999999999999801e+01 1.600783087813170136e-01 -5.907437722305064476e-05 1.601373831585400642e-01
3.452000000000000313e+01 1.801967934421547790e-01 -5.986850842648605564e-05 1.802566619505812651e-01
3.453000000000000114e+01 1.957532213838705237e-01 -6.061751529323755605e-05 1.958138388991637613e-01
3.453999999999999915e+01 2.045067226394098325e-01 -6.132205253678302270e-05 2.045680446919466156e-01
3.454999999999999716e+01 2.045466046865481724e-01 -6.198285422245874976e-05 2.046085875407706312e-01
3.456000000000000227e+01 1.943403912793880139e-01 -6.260073061586934884e-05 1.944029920100038833e-01
3.457000000000000028e+01 1.729697987751858124e-01 -6.317656492810241886e-05 1.730329753401139148e-01
3.457999999999999829e+01 1.402644415842500547e-01 -6.371130996371543453e-05 1.403281528942137701e-01
3.458999999999999631e+01 9.674737508712816236e-02 -6.420598467818394717e-05 9.681158107180634631e-02
3.460000000000000142e+01 4.384112121172284438e-02 -6.466167065128508584e-05 4.390578288237412946e-02
3.460999999999999943e+01 -1.636511444255039915e-02 -6.507950848248442166e-05 -1.630003493406791473e-02
3.461999999999999744e+01 -8.106853348569353912e-02 -6.546069411511590275e-05 -8.100307279157842322e-02
3.463000000000000256e+01 -1.469761283801132024e-01 -6.580647509546455609e-05 -1.469103219050177378e-01
3.464000000000000057e+01 -2.104105053877100562e-01 -6.611814677340288604e-05 -2.103443872409366533e-01
3.464999999999999858e+01 -2.676836459018415715e-01 -6.639704845062821548e-05 -2.676172488533909433e-01
3.465999999999999659e+01 -3.151774159322527913e-01 -6.664455948329761625e-05 -3.151107713727694937e-01
3.467000000000000171e+01 -3.496584216363074482e-01 -6.686209534534359733e-05 -3.495915595409621046e-01
3.467999999999999972e+01 -3.685717940915007595e-01 -6.705110365867739119e-05 -3.685047429878420822e-01
3.468999999999999773e+01 -3.701730277636355315e-01 -6.721306019685791000e-05 -3.701058147034386736e-01
3.470000000000000284e+01 -3.536962108653867176e-01 -6.734946486897097628e-05 -3.536288614005177466e-01
3.471000000000000085e+01 -3.194846852303490081e-01 -6.746183768974178818e-05 -3.194172233926592663e-01
3.471999999999999886e+01 -2.689853175682221931e-01 -6.755171474265297960e-05 -2.689177658534795401e-01
3.472999999999999687e+01 -2.046474576480687979e-01 -6.762064414228552423e-05 -2.045798370039265124e-01
3.474000000000000199e+01 -1.300306121692939021e-01 -6.767018200298791086e-05 -1.299629419872909142e-01
3.475000000000000000e+01 -4.918587170667798603e-02 -6.770188841980634420e-05 -4.911816981825817968e-02
3.475999999999999801e+01 3.304581553709096120e-02 -6.771732346862874286e-05 3.311353286055958994e-02
3.477000000000000313e+01 1.119333357358045511e-01 -6.771804323207897269e-05 1.120010537790366301e-01
3.478000000000000114e+01 1.825687606934276452e-01 -6.770559585772550903e-05 1.826364662892853707e-01
3.478999999999999915e+01 2.407749198673910240e-01 -6.768151765529362152e-05 2.408426013850463177e-01
3.479999999999999716e+01 2.828496216575483446e-01 -6.764732923958405308e-05 2.829172689867879287e-01
3.481000000000000227e+01 3.062652286537556057e-01 -6.760453172560687563e-05 3.063328331854812125e-01
3.482000000000000028e+01 3.096602848533593910e-01 -6.755460298274451603e-05 3.097278394563421355e-01
3.482999999999999829e+01 2.928766083517856389e-01 -6.749899395452896300e-05 2.929441073457401679e-01
3.483999999999999631e+01 2.571842026521906077e-01 -6.743912505080551512e-05 2.572516417772414132e-01
3.485000000000000142e+01 2.050565025478566228e-01 -6.737638261841705223e-05 2.051238789304750398e-01
3.485999999999999943e+01 1.400950529277610324e-01 -6.731211549798610250e-05 1.401623650432590185e-01
3.486999999999999744e+01 6.673711528752229727e-02 -6.724763167204050873e-05 6.680436291919433778e-02
3.488000000000000256e+01 -9.985099547218601046e-03 -6.718419501201139399e-05 -9.917915352206589652e-03
3.489000000000000057e+01 -8.483087004168216039e-02 -6.712302213016108077e-05 -8.476374701955199931e-02
3.489999999999999858e+01 -1.527330738719515080e-01 -6.706527934255412937e-05 -1.526660085926089538e-01
3.490999999999999659e+01 -2.091305830730134097e-01 -6.701207974960099456e-05 -2.090635709932638087e-01
3.492000000000000171e+01 -2.502757872242318271e-01 -6.696448044019032153e-05 -2.502088227437916368e-01
3.492999999999999972e+01 -2.735979322853332452e-01 -6.692347982539814666e-05 -2.735310088055078470e-01
3.493999999999999773e+01 -2.777474220028541829e-01 -6.689001510756797941e-05 -2.776805319877466149e-01
3.495000000000000284e+01 -2.628952988782636280e-01 -6.686495989022267494e-05 -2.628284339183734053e-01
3.496000000000000085e+01 -2.305365968580118663e-01 -6.684912193527514646e-05 -2.304697477360765911e-01
3.496999999999999886e+01 -1.835421311582172699e-01 -6.684324107109063107e-05 -1.834752879171461792e-01
3.497999999999999687e+01 -1.258085543580331755e-01 -6.684798725825613630e-05 -1.257417063707749194e-01
3.499000000000000199e+01 -6.210815468320507460e-02 -6.686395881672774211e-05 -6.204129072438834686e-02
3.500000000000000000e+01 2.320104125207000934e-03 -6.689168081930275608e-05 2.386995806026303690e-03
3.500999999999999801e+01 6.211080643885535935e-02 -6.693160365581901639e-05 6.217773804251117836e-02
3.502000000000000313e+01 1.122931117014158708e-01 -6.698410177184699332e-05 1.123600958031877178e-01
3.503000000000000114e+01 1.485541892594994806e-01 -6.704947258573401569e-05 1.486212387320852146e-01
3.503999999999999915e+01 1.675177571925805520e-01 -6.712793558716345643e-05 1.675848851281677154e-01
3.504999999999999716e+01 1.672405341007607849e-01 -6.721963162054089835e-05 1.673077537323813258e-01
3.506000000000000227e+01 1.470365391074837103e-01 -6.732462235542469031e-05 1.471038637298391349e-01
3.507000000000000028e+01 1.078193058289640405e-01 -6.744288994661729042e-05 1.078867487189106578e-01
3.507999999999999829e+01 5.200220079355921676e-02 -6.757433688562436425e-05 5.206977513044484113e-02
3.508999999999999631e+01 -1.683285399805778404e-02 -6.771878604482778341e-05 -1.676513521201295626e-02
3.510000000000000142e+01 -9.392786966800681370e-02 -6.787598091553825874e-05 -9.385999368709127544e-02
3.510999999999999943e+01 -1.739620514671007534e-01 -6.804558604045496395e-05 -1.738940058810602984e-01
3.511999999999999744e+01 -2.511153746068237602e-01 -6.822718764060153873e-05 -2.510471474191831587e-01
3.513000000000000256e+01 -3.199120349581356937e-01 -6.842029443637764885e-05 -3.198436146636993160e-01
3.514000000000000057e+01 -3.750733868786078062e-01 -6.862433866217099165e-05 -3.750047625399456352e-01
3.514999999999999858e+01 -4.124800623736690763e-01 -6.883867727286441252e-05 -4.124112236963962119e-01
3.515999999999999659e+01 -4.290930699841513096e-01 -6.906259334044095866e-05 -4.290240073908108687e-01
3.517000000000000171e+01 -4.232337887852659630e-01 -6.929529763943786946e-05 -4.231644934876265252e-01
3.517999999999999972e+01 -3.948628921107195655e-01 -6.953593041669758890e-05 -3.947933561803028679e-01
3.518999999999999773e+01 -3.454683463315806335e-01 -6.978356334375046544e-05 -3.453985627682368831e-01
3.520000000000000284e+01 -2.779427222615369342e-01 -7.003720164766580325e-05 -2.778726850598892684e-01
3.521000000000000085e+01 -1.965101222727916319e-01 -7.029578641559730556e-05 -1.964398264863760346e-01
3.521999999999999886e+01 -1.063030592040492550e-01 -7.055819706909549627e-05 -1.062325010069801595e-01
3.522999999999999687e+01 -1.300962085868140328e-02 -7.082325400260998383e-05 -1.293879760467879329e-02
3.524000000000000199e+01 7.742878313769496756e-02 -7.108972138059055368e-05 7.749987285907555812e-02
3.525000000000000000e+01 1.593788633108267350e-01 -7.135631008711729173e-05 1.594502196209138523e-01
3.525999999999999801e+01 2.277359444541100508e-01 -7.162168082161524119e-05 2.278075661349316661e-01
3.527000000000000313e+01 2.784734823457839514e-01 -7.188444733335908055e-05 2.785453667931173105e-01
3.528000000000000114e+01 3.087216850332429319e-01 -7.214317978798678865e-05 3.087938282130309187e-01
3.528999999999999915e+01 3.171014252860125948e-01 -7.239640825729143359e-05 3.171738216942698863e-01
3.529999999999999716e+01 3.036717178305524123e-01 -7.264262632505902317e-05 3.037443604568774713e-01
3.531000000000000227e+01 2.699670951084184867e-01 -7.288029479973756608e-05 2.700399754032182242e-01
3.532000000000000028e+01 2.188242416662578016e-01 -7.310784552544413728e-05 2.188973495117832457e-01
3.532999999999999829e+01 1.542192360857957967e-01 -7.332368528176202993e-05 1.542925597710775587e-01
3.533999999999999631e+01 8.076570027742403790e-02 -7.352619976293273130e-05 8.083922647718697063e-02
3.535000000000000142e+01 3.631072270809596048e-03 -7.371375762698023984e-05 3.704786028436576287e-03
3.535999999999999943e+01 -7.210489300502787025e-02 -7.388471460410828140e-05 -7.203100829042376196e-02
3.536999999999999744e+01 -1.416094205494125013e-01 -7.403741765463212054e-05 -1.415353831317578692e-01
3.538000000000000256e+01 -2.008029723136514066e-01 -7.417020916580807643e-05 -2.007288021044855986e-01
3.539000000000000057e+01 -2.465097583065769538e-01 -7.428143117699237408e-05 -2.464354768753999614e-01
3.539999999999999858e+01 -2.767148087465675088e-01 -7.436942962224524223e-05 -2.766404393169452636e-01
3.540999999999999659e+01 -2.906749777555689418e-01 -7.443255858002872927e-05 -2.906005451969889131e-01
3.542000000000000171e+01 -2.888787539971043317e-01 -7.446918451831097130e-05 -2.888042848125860207e-01
3.542999999999999972e+01 -2.729547939754467523e-01 -7.447769052515429422e-05 -2.728803162849215980e-01
3.543999999999999773e+01 -2.455415672008808836e-01 -7.445648051282449664e-05 -2.454671107203680591e-01
3.545000000000000284e+01 -2.099714108665682866e-01 -7.440398338526277300e-05 -2.098970068831830238e-01
3.546000000000000085e+01 -1.700512808238720253e-01 -7.431865715787355775e-05 -1.699769621667141517e-01
3.546999999999999886e+01 -1.296359647927894376e-01 -7.419899301880361620e-05 -1.295617657997706340e-01
3.547999999999999687e+01 -9.237540505710833960e-02 -7.404351932106811862e-05 -9.230136153778727148e-02
3.549000000000000199e+01 -6.145417538049713357e-02 -7.385080549535127936e-05 -6.138032457500178229e-02
3.550000000000000000e+01 -3.923868525992496581e-02 -7.361946587289974753e-05 -3.916506579405206606e-02
3.550999999999999801e+01 -2.724853808634464247e-02 -7.334816340870756179e-05 -2.717518992293593491e-02
3.552000000000000313e+01 -2.592736074721785355e-02 -7.303561329511862321e-05 -2.585432513392273493e-02
3.553000000000000114e+01 -3.476536028951199286e-02 -7.268058645638897364e-05 -3.469267970305560389e-02
3.553999999999999915e+01 -5.226885439665551747e-02 -7.228191291502178428e-05 -5.219657248374049568e-02
3.554999999999999716e+01 -7.622806832202355665e-02 -7.183848502109735357e-05 -7.615622983700245929e-02
3.556000000000000227e+01 -1.038415888391712727e-01 -7.134926053604939700e-05 -1.037702395786352233e-01
3.557000000000000028e+01 -1.320450087447719301e-01 -7.081326556293565666e-05 -1.319741954792089944e-01
3.557999999999999829e+01 -1.577424728005171750e-01 -7.022959731550759699e-05 -1.576722432032016674e-01
3.558999999999999631e+01 -1.781020341886842828e-01 -6.959742671883151210e-05 -1.780324367619654513e-01
3.560000000000000142e+01 -1.908199342993549263e-01 -6.891600083491766782e-05 -1.907510182985200087e-01
3.560999999999999943e+01 -1.942401121914799633e-01 -6.818464510685573465e-05 -1.941719275463731076e-01
3.561999999999999744e+01 -1.876074184226409758e-01 -6.740276541608580807e-05 -1.875400156572248900e-01
3.563000000000000256e+01 -1.709891382337743737e-01 -6.656984994704573388e-05 -1.709225683838273280e-01
3.564000000000000057e+01 -1.453835115570797920e-01 -6.568547085536446950e-05 -1.453178260862244275e-01
3.564999999999999858e+01 -1.124939661907992106e-01 -6.474928573446669944e-05 -1.124292169050647439e-01
3.565999999999999659e+01 -7.465975439155481119e-02 -6.376103887803519221e-05 -7.459599335267677600e-02
3.567000000000000171e+01 -3.464160525019469028e-02 -6.272056233463246810e-05 -3.457888468786005781e-02
3.567999999999999972e+01 4.709517019859943421e-03 -6.162777675251460141e-05 4.771144796612458022e-03
3.568999999999999773e+01 4.055251428206138598e-02 -6.048269201267691964e-05 4.061299697407406289e-02
3.570000000000000284e+01 7.051815564862856656e-02 -5.928540764900402937e-05 7.057744105627757059e-02
3.571000000000000085e+01 9.266360151396864364e-02 -5.803611305488232119e-05 9.272163762702352596e-02
3.571999999999999886e+01 1.058343576261109725e-01 -5.673508747636168970e-05 1.058910927135873342e-01
3.572999999999999687e+01 1.096664932228858802e-01 -5.538269979241117191e-05 1.097218759226782914e-01
3.574000000000000199e+01 1.046277626910022268e-01 -5.397940808349321884e-05 1.046817420990857200e-01
3.575000000000000000e+01 9.194779558984178536e-02 -5.252575899027112083e-05 9.200032134883205648e-02
3.575999999999999801e+01 7.352416467654754317e-02 -5.102238686482962748e-05 7.357518706341237280e-02
3.577000000000000313e+01 5.175839569815690600e-02 -4.947001271733003636e-05 5.180786571087423603e-02
3.578000000000000114e+01 2.929783056668175401e-02 -4.786944296173226143e-05 2.934570000964348627e-02
3.578999999999999915e+01 8.802924566674391604e-03 -4.622156796450088700e-05 8.849146134638892491e-03
3.579999999999999716e+01 -7.252789731693520814e-03 -4.452736040109952359e-05 -7.208262371292421290e-03
3.581000000000000227e+01 -1.686824704194425650e-02 -4.278787342527207160e-05 -1.682545916851898443e-02
3.582000000000000028e+01 -1.868833011618556417e-02 -4.100423865684849067e-05 -1.864732587752871568e-02
3.582999999999999829e+01 -1.205965654140481180e-02 -3.917766399418390333e-05 -1.202047887741062790e-02
3.583999999999999631e+01 2.802548288901279827e-03 -3.730943125785811040e-05 2.839857720159137938e-03
3.585000000000000142e+01 2.485504432696772348e-02 -3.540089367266505138e-05 2.489044522064038853e-02
3.585999999999999943e+01 5.236707081559122123e-02 -3.345347319541613906e-05 5.240052428878663737e-02
3.586999999999999744e+01 8.296721097868819950e-02 -3.146865769637630095e-05 8.299867963638457580e-02
3.588000000000000256e+01 1.139141840713549514e-01 -2.944799800265462952e-05 1.139436320693576060e-01
3.589000000000000057e+01 1.423092534930333053e-01 -2.739310481206236325e-05 1.423366465978453677e-01
3.589999999999999858e+01 1.653351073130736593e-01 -2.530564548652858292e-05 1.653604129585601878e-01
3.590999999999999659e+01 1.805442577689857497e-01 -2.318734073389339123e-05 1.805674451097196431e-01
3.592000000000000171e+01 1.859882040407263570e-01 -2.103996118818507455e-05 1.860092440019145421e-01
3.592999999999999972e+01 1.805277920374648293e-01 -1.886532389736017556e-05 1.805466573613621895e-01
3.593999999999999773e+01 1.638393707129598420e-01 -1.666528872898420666e-05 1.638560360016888262e-01
3.595000000000000284e+01 1.365054729586733240e-01 -1.444175470358133317e-05 1.365199147133769053e-01
3.596000000000000085e+01 1.000418296750649194e-01 -1.219665626592258967e-05 1.000540263313308420e-01
3.596999999999999886e+01 5.666055117301382893e-02 -9.931959504806686656e-06 5.667048313251863562e-02
3.597999999999999687e+01 9.247277860933378335e-03 -7.649658331259495680e-06 9.254927519264637831e-03
3.599000000000000199e+01 -3.889398605720884028e-02 -5.351770625980356577e-06 -3.888863428658285992e-02
3.600000000000000000e+01 -8.434178040489692663e-02 -3.040334366266606025e-06 -8.433874007053066002e-02
3.600999999999999801e+01 -1.237584414158852120e-01 -7.174037428420154683e-07 -1.237577240121423700e-01
3.602000000000000313e+01 -1.541575077389225612e-01 1.614954723033745765e-06 -1.541591226936455949e-01
3.603000000000000114e+01 -1.731973080297981582e-01 3.954666051908528601e-06 -1.732012626958500667e-01
3.603999999999999915e+01 -1.793009745145599521e-01 6.299650657903832496e-06 -1.793072741652178559e-01
3.604999999999999716e+01 -1.717633259674067325e-01 8.647828169755511496e-06 -1.717719737955764880e-01
3.606000000000000227e+01 -1.509152320159736771e-01 1.099712121144236221e-05 -1.509262291371851195e-01
3.607000000000000028e+01 -1.179761979573261677e-01 1.334545913281304230e-05 -1.179895434164589807e-01
3.607999999999999829e+01 -7.500598810815239936e-02 1.569078168074666824e-05 -7.502167888983314603e-02
3.609000000000000341e+01 -2.481613271277094412e-02 1.803104260197224695e-05 -2.483416375537291637e-02
3.610000000000000142e+01 2.931786087068566360e-02 2.036421316852984886e-05 2.929749665751713375e-02
3.610999999999999943e+01 8.389284331544288875e-02 2.268828561756419671e-05 8.387015502982532456e-02
3.611999999999999744e+01 1.353922662551259037e-01 2.500127649726624490e-05 1.353672649786286375e-01
3.613000000000000256e+01 1.806178348141584955e-01 2.730122991123629106e-05 1.805905335842472592e-01
3.614000000000000057e+01 2.167582298978478761e-01 2.958622065388216704e-05 2.167286436771939939e-01
3.614999999999999858e+01 2.418147246411468387e-01 3.185435722988239071e-05 2.417828702839169563e-01
3.615999999999999659e+01 2.545136779585872588e-01 3.410378475143804877e-05 2.544795741738358208e-01
3.617000000000000171e+01 2.545360307977211356e-01 3.633268770675268655e-05 2.544996981100143829e-01
3.617999999999999972e+01 2.423940494461311879e-01 3.853929259459154544e-05 2.423555101535365963e-01
3.618999999999999773e+01 2.194256497381767979e-01 4.072187041961883303e-05 2.193849278677571790e-01
3.620000000000000284e+01 1.876466938537619811e-01 4.287873904390560043e-05 1.876038151147180755e-01
3.621000000000000085e+01 1.496316781194386714e-01 4.500826539050040154e-05 1.495866698540481710e-01
3.621999999999999886e+01 1.081832289606088349e-01 4.710886749528797601e-05 1.081361200931135469e-01
3.622999999999999687e+01 6.626080016868196587e-02 4.917901640440203170e-05 6.621162115227756384e-02
3.624000000000000199e+01 2.660892461090558214e-02 5.121723791414942162e-05 2.655770737299143272e-02
3.625000000000000000e+01 -8.324675279442139697e-03 5.322211415186711703e-05 -8.377897393594006814e-03
3.625999999999999801e+01 -3.662086432518574242e-02 5.519228499591133374e-05 -3.667605661018165375e-02
3.627000000000000313e+01 -5.694055071766324083e-02 5.712644933390104152e-05 -5.699767716699714187e-02
3.628000000000000114e+01 -6.867565010046461360e-02 5.902336615881687010e-05 -6.873467346662343047e-02
3.628999999999999915e+01 -7.181941115224499406e-02 6.088185550290337034e-05 -7.188029300774789743e-02
3.629999999999999716e+01 -6.711596867797897659e-02 6.270079921022464475e-05 -6.717866947718920123e-02
3.631000000000000227e+01 -5.571899193432372499e-02 6.447914154868172876e-05 -5.578347107587240672e-02
3.632000000000000028e+01 -3.918629029559816956e-02 6.621588966344155169e-05 -3.925250618526161112e-02
3.632999999999999829e+01 -1.937023018282757469e-02 6.791011387362322349e-05 -1.943814029670119792e-02
3.634000000000000341e+01 1.931188091737312540e-03 6.956094781506707778e-05 1.861627143922245462e-03
3.635000000000000142e+01 2.294274179846214623e-02 7.116758843209516905e-05 2.287157421003005106e-02
3.635999999999999943e+01 4.225201758271766861e-02 7.272929582191611786e-05 4.217928828689575249e-02
3.636999999999999744e+01 5.873116286970581079e-02 7.424539293553883423e-05 5.865691747677027196e-02
3.638000000000000256e+01 7.173840554988525353e-02 7.571526513966420069e-05 7.166269028474558933e-02
3.639000000000000057e+01 8.111232283764313600e-02 7.713835964422155467e-05 8.103518447799891444e-02
3.639999999999999858e+01 8.710475835299194558e-02 7.851418480081528983e-05 8.702624416819113029e-02
3.640999999999999659e+01 9.036419579419688319e-02 7.984230927754465412e-05 9.028435348491933854e-02
3.642000000000000171e+01 9.182580503057731491e-02 8.112236111586235143e-05 9.174468266946145256e-02
3.642999999999999972e+01 9.259999017884285033e-02 8.235402667597369053e-05 9.251763615216687664e-02
3.643999999999999773e+01 9.376759776064927387e-02 8.353704947670903547e-05 9.368406071117256484e-02
3.645000000000000284e+01 9.637149446201648262e-02 8.467122893698886266e-05 9.628682323307949376e-02
3.646000000000000085e+01 1.012100051420481428e-01 8.575641902539010708e-05 1.011242487230227527e-01
3.646999999999999886e+01 1.087197173514710125e-01 8.679252682503024729e-05 1.086329248246459822e-01
3.647999999999999687e+01 1.190550108708743338e-01 8.777951102106884562e-05 1.189672313598532649e-01
3.649000000000000199e+01 1.319453587934451555e-01 8.871738031804299318e-05 1.318566414131271125e-01
3.650000000000000000e+01 1.467604664467384579e-01 8.960619179454454297e-05 1.466708602549439133e-01
3.650999999999999801e+01 1.626241589794089615e-01 9.044604920288579208e-05 1.625337129302060757e-01
3.652000000000000313e+01 1.783980881952638153e-01 9.123710122113659615e-05 1.783068510940426787e-01
3.653000000000000114e+01 1.929084928058281134e-01 9.197953966533223280e-05 1.928165132661627812e-01
3.653999999999999915e+01 2.049654013226001048e-01 9.267359766909621932e-05 2.048727277249310086e-01
3.654999999999999716e+01 2.135998009778175000e-01 9.331954783875495707e-05 2.135064814299787450e-01
3.656000000000000227e+01 2.180913980647747330e-01 9.391770039074431864e-05 2.179974803643839887e-01
3.657000000000000028e+01 2.180086556927074426e-01 9.446840127899647221e-05 2.179141872914284461e-01
3.657999999999999829e+01 2.134218078122522844e-01 9.497203031960665953e-05 2.133268357819326777e-01
3.659000000000000341e+01 2.046275106544104272e-01 9.542899931946902115e-05 2.045320816550909582e-01
3.660000000000000142e+01 1.924957054675382473e-01 9.583975021598689636e-05 1.923998657173222604e-01
3.660999999999999943e+01 1.779991345494214006e-01 9.620475323440791371e-05 1.779029297961869927e-01
3.661999999999999744e+01 1.624557845738725526e-01 9.652450506900112082e-05 1.623592600688035514e-01
3.663000000000000256e+01 1.471343386179342350e-01 9.679952709459871407e-05 1.470375390908396362e-01
3.664000000000000057e+01 1.333525147716413395e-01 9.703036361377592733e-05 1.332554844080275636e-01
3.664999999999999858e+01 1.221579695149846989e-01 9.721758014567816186e-05 1.220607519348390207e-01
3.665999999999999659e+01 1.142612628796395580e-01 9.736176176139421656e-05 1.141639011178781637e-01
3.667000000000000171e+01 1.101602332564901587e-01 9.746351147063569975e-05 1.100627697450195230e-01
3.667999999999999972e+01 1.097420237468506032e-01 9.752344866459372597e-05 1.096445002981860095e-01
3.668999999999999773e+01 1.125569471687837275e-01 9.754220761860887823e-05 1.124594049611651186e-01
3.670000000000000284e+01 1.177083773594777005e-01 9.752043605851246078e-05 1.176108569234191881e-01
3.671000000000000085e+01 1.240019102178899768e-01 9.745879379415012256e-05 1.239044514240958267e-01
3.671999999999999886e+01 1.299981447859569483e-01 9.735795142251646439e-05 1.299007868345344319e-01
3.672999999999999687e+01 1.342135845114681425e-01 9.721858910333169845e-05 1.341163659223648108e-01
3.674000000000000199e+01 1.352263404191861307e-01 9.704139540900325045e-05 1.351292990237771274e-01
3.675000000000000000e+01 1.317935177100929001e-01 9.682706625038783876e-05 1.316966906438425122e-01
3.675999999999999801e+01 1.230793705873718391e-01 9.657630387963078711e-05 1.229827942834922083e-01
3.677000000000000313e+01 1.086568021325147737e-01 9.628981597104013801e-05 1.085605123165437336e-01
3.678000000000000114e+01 8.862095323742269493e-02 9.596831477977352254e-05 8.852498492264292140e-02
3.678999999999999915e+01 6.356695556037750272e-02 9.561251637872636433e-05 6.347134304399877636e-02
3.679999999999999716e+01 3.460640991472802019e-02 9.522313997274711728e-05 3.451118677475527308e-02
3.681000000000000227e+01 3.241788792624822335e-03 9.480090728939630923e-05 3.146987885335426026e-03
3.682000000000000028e+01 -2.878785078966117350e-02 9.434654204471329408e-05 -2.888219733170588679e-02
3.682999999999999829e+01 -5.953251701126341389e-02 9.386076948243032847e-05 -5.962637778074584421e-02
3.684000000000000341e+01 -8.719426724894441261e-02 9.334431598435888322e-05 -8.728761156492877149e-02
3.685000000000000142e+01 -1.101177269901990052e-01 9.279790874951177049e-05 -1.102105248989485170e-01
3.685999999999999943e+01 -1.270955915980505058e-01 9.222227553909445597e-05 -1.271878138735896002e-01
3.686999999999999744e+01 -1.374105119507085804e-01 9.161814448424565605e-05 -1.375021300951928260e-01
3.688000000000000256e+01 -1.409325113357211001e-01 9.098624395306731394e-05 -1.410234975796741674e-01
3.689000000000000057e+01 -1.382056093049560674e-01 9.032730247290898795e-05 -1.382959366074289764e-01
3.689999999999999858e+01 -1.303302293091915254e-01 8.964204870454128837e-05 -1.304198713578960667e-01
3.690999999999999659e+01 -1.189330344798510408e-01 8.893121146316684822e-05 -1.190219656913142077e-01
3.692000000000000171e+01 -1.060210668485999652e-01 8.819551978225814715e-05 -1.061092623683822234e-01
3.692999999999999972e+01 -9.378145996498365999e-02 8.743570301565639635e-05 -9.386889566799931639e-02
3.693999999999999773e+01 -8.441305693308759350e-02 8.665249097263016953e-05 -8.449970942406022367e-02
3.695000000000000284e+01 -7.977320180664548843e-02 8.584661408148064332e-05 -7.985904842072696908e-02
3.696000000000000085e+01 -8.139789064892599679e-02 8.501880357619784334e-05 -8.148290945250219464e-02
3.696999999999999886e+01 -9.005237921984104998e-02 8.416979170126903664e-05 -9.013654901154231902e-02
3.697999999999999687e+01 -1.057732573227624928e-01 8.330031192937958906e-05 -1.058565576346918724e-01
3.699000000000000199e+01 -1.278329247531446722e-01 8.241109918674660584e-05 -1.279153358523314188e-01
3.700000000000000000e+01 -1.545184483834811384e-01 8.150289008096445187e-05 -1.545999512735621029e-01
3.700999999999999801e+01 -1.834947997191928026e-01 8.057642312603308099e-05 -1.835753761423188357e-01
3.702000000000000313e+01 -2.117718699787713710e-01 7.963243895975358200e-05 -2.118515024177311246e-01
3.703000000000000114e+01 -2.359580850598506363e-01 7.867168054803697075e-05 -2.360367567403986733e-01
3.703999999999999915e+01 -2.526098923445841971e-01 7.769489337178248078e-05 -2.526875872379559795e-01
3.704999999999999716e+01 -2.584571592410651597e-01 7.670282559085750407e-05 -2.585338620666560172e-01
3.706000000000000227e+01 -2.507314016894063857e-01 7.569622818159871258e-05 -2.508070979175879844e-01
3.707000000000000028e+01 -2.274264403800106693e-01 7.467585504228324567e-05 -2.275011162350529526e-01
3.707999999999999829e+01 -1.876212536034500000e-01 7.364246306329480518e-05 -1.876948960665132948e-01
3.709000000000000341e+01 -1.314816995519723641e-01 7.259681215784907771e-05 -1.315542963641302132e-01
3.710000000000000142e+01 -6.062901009606789376e-02 7.153966524939964211e-05 -6.070054976131729341e-02
3.710999999999999943e+01 2.224304261516483333e-02 7.047178821251165459e-05 2.217257082695232168e-02
3.711999999999999744e+01 1.130844383172131540e-01 6.939394976429591466e-05 1.130150443674488581e-01
3.713000000000000256e+01 2.071234556534705118e-01 6.830692130338489321e-05 2.070551487321671269e-01
3.714000000000000057e+01 2.986895624602067256e-01 6.721147669430660443e-05 2.986223509835124190e-01
3.714999999999999858e+01 3.820176512494596333e-01 6.610839199500118113e-05 3.819515428574646321e-01
3.715999999999999659e+01 4.514243477657068349e-01 6.499844512591890222e-05 4.513593493205809160e-01
3.717000000000000171e+01 5.016652485291942520e-01 6.388241547938822151e-05 5.016013661137148638e-01
3.717999999999999972e+01 5.285699625091018206e-01 6.276108346836561935e-05 5.285072014256334549e-01
3.718999999999999773e+01 5.291053319775653740e-01 6.163523001379012101e-05 5.290436967475515839e-01
3.720000000000000284e+01 5.018839789818718700e-01 6.050563597059799292e-05 5.018234733459012720e-01
3.721000000000000085e+01 4.471367597049457077e-01 5.937308149278619496e-05 4.470773866234529215e-01
3.721999999999999886e+01 3.669285050351983046e-01 5.823834533780214429e-05 3.668702666898605025e-01
3.722999999999999687e+01 2.648455809295560681e-01 5.710220411159205867e-05 2.647884787254444761e-01
3.724000000000000199e+01 1.460821189622054650e-01 5.596543145541810205e-05 1.460261535307500469e-01
3.725000000000000000e+01 1.681865131823079285e-02 5.482879717685906762e-05 1.676382252105393378e-02
3.725999999999999801e+01 -1.158121563466636417e-01 5.369306632629911036e-05 -1.158658494129899408e-01
3.727000000000000313e+01 -2.446769360148316474e-01 5.255899822223519813e-05 -2.447294950130538826e-01
3.728000000000000114e+01 -3.626033324354577259e-01 5.142734542795679431e-05 -3.626547597808856827e-01
3.728999999999999915e+01 -4.633402718344468152e-01 5.029885268270639642e-05 -4.633905706871295216e-01
3.729999999999999716e+01 -5.415751836698982080e-01 4.917425579153977822e-05 -5.416243579256897478e-01
3.731000000000000227e+01 -5.936626759988795632e-01 4.805428047660598168e-05 -5.937107302793561692e-01
3.732000000000000028e+01 -6.176982305603677670e-01 4.693964119562021864e-05 -6.177451702015633872e-01
3.732999999999999829e+01 -6.134875099048329172e-01 4.583103993016646172e-05 -6.135333409447630837e-01
3.734000000000000341e+01 -5.829468553232971528e-01 4.472916495035228479e-05 -5.829915844882475051e-01
3.735000000000000142e+01 -5.294895037261623250e-01 4.363468955936866678e-05 -5.295331384157216936e-01
3.735999999999999943e+01 -4.581299697272164795e-01 4.254827082339485145e-05 -4.581725179980398743e-01
3.736999999999999744e+01 -3.748579341373898255e-01 4.147054829317653457e-05 -3.748994046856830020e-01
3.738000000000000256e+01 -2.862548616408014945e-01 4.040214272127418127e-05 -2.862952637835227687e-01
3.739000000000000057e+01 -1.990154491195595954e-01 3.934365478128198923e-05 -1.990547927743408774e-01
3.739999999999999858e+01 -1.194128921991952641e-01 3.829566379530413567e-05 -1.194511878629905682e-01
3.740999999999999659e+01 -5.278586024814191369e-02 3.725872647428185580e-05 -5.282311897461619554e-02
3.742000000000000171e+01 -3.193996467007520490e-03 3.623337567794848377e-05 -3.230229842685468974e-03
3.742999999999999972e+01 2.691728553059380413e-02 3.522011919989201378e-05 2.688206541139391212e-02
3.743999999999999773e+01 3.689195244181703304e-02 3.421943858358811319e-05 3.685773300323344492e-02
3.745000000000000284e+01 2.783367961824068093e-02 3.323178797527345796e-05 2.780044783026540747e-02
3.746000000000000085e+01 2.625549395202264602e-03 3.225759301937660556e-05 2.593291802182887996e-03
3.746999999999999886e+01 -3.449174405642846386e-02 3.129724980214382279e-05 -3.452304130623060768e-02
3.747999999999999687e+01 -7.818811222975177722e-02 3.035112384898452920e-05 -7.821846335360076174e-02
3.749000000000000199e+01 -1.224307068457905212e-01 2.941954918095346372e-05 -1.224601263949714747e-01
3.750000000000000000e+01 -1.612480233741268587e-01 2.850282743549481523e-05 -1.612765262015623535e-01
3.750999999999999801e+01 -1.888865658228597311e-01 2.760122705655621012e-05 -1.889141670499162873e-01
3.752000000000000313e+01 -2.006554824879908938e-01 2.671498255862880811e-05 -2.006821974705495226e-01
3.753000000000000114e+01 -1.930942728853382306e-01 2.584429386964792741e-05 -1.931201171792078786e-01
3.753999999999999915e+01 -1.644598288788661211e-01 2.498932575645262943e-05 -1.644848182046225737e-01
3.754999999999999716e+01 -1.148539102314291710e-01 2.415020733724515534e-05 -1.148780604387664162e-01
3.756000000000000227e+01 -4.619867152464914029e-02 2.332703168439476116e-05 -4.622199855633353505e-02
3.757000000000000028e+01 3.778503878919403647e-02 2.251985552112478750e-05 3.776251893367291168e-02
3.757999999999999829e+01 1.317523861076822789e-01 2.172869901473362120e-05 1.317306574086675452e-01
3.759000000000000341e+01 2.293683358254518245e-01 2.095354566930551776e-05 2.293473822797825190e-01
3.760000000000000142e+01 3.234939649878594281e-01 2.019434231981254158e-05 3.234737706455396156e-01
3.760999999999999943e+01 4.069766952081602662e-01 1.945099922967541417e-05 4.069572442089305908e-01
3.761999999999999744e+01 4.729750570187797876e-01 1.872339029307390490e-05 4.729563336284867137e-01
3.763000000000000256e+01 5.157034711579717712e-01 1.801135334289494239e-05 5.156854598046288762e-01
3.764000000000000057e+01 5.308454669525056735e-01 1.731469056531764750e-05 5.308281522619403558e-01
3.764999999999999858e+01 5.157712538792216250e-01 1.663316902089650995e-05 5.157546207102007285e-01
3.765999999999999659e+01 4.700266249795961304e-01 1.596652127172637492e-05 4.700106584583244040e-01
3.767000000000000171e+01 3.952138086106776749e-01 1.531444611468923966e-05 3.951984941645629856e-01
3.767999999999999972e+01 2.949871090921359906e-01 1.467660941872894753e-05 2.949724324827172617e-01
3.768999999999999773e+01 1.748879998476835229e-01 1.405264506551540116e-05 1.748739472026180075e-01
3.770000000000000284e+01 4.178706795278774866e-02 1.344215599114600979e-05 4.177362579679660265e-02
3.771000000000000085e+01 -9.631113058296988938e-02 1.284471532653208570e-05 -9.632397529829642147e-02
3.771999999999999886e+01 -2.311777486862825470e-01 1.225986763375708222e-05 -2.311900085539163041e-01
3.772999999999999687e+01 -3.547009612407580059e-01 1.168713023536049889e-05 -3.547126483709933664e-01
3.774000000000000199e+01 -4.594668228285057610e-01 1.112599463309882353e-05 -4.594779488231388598e-01
3.775000000000000000e+01 -5.394943351596028780e-01 1.057592801179119135e-05 -5.395049110876146692e-01
3.775999999999999801e+01 -5.904270947359941957e-01 1.003637482499541989e-05 -5.904371311108191911e-01
3.777000000000000313e+01 -6.099828532568750683e-01 9.506758456567787618e-06 -6.099923600153316361e-01
3.778000000000000114e+01 -5.980494512085896552e-01 8.986482954886909624e-06 -5.980584376915445421e-01
3.778999999999999915e+01 -5.566470912134781068e-01 8.474934833024860836e-06 -5.566555661483111317e-01
3.779999999999999716e+01 -4.898759159334912239e-01 7.971484930591188345e-06 -4.898838874184218151e-01
3.781000000000000227e+01 -4.034008600823159041e-01 7.475490330199896505e-06 -4.034083355726461040e-01
3.782000000000000028e+01 -3.040773712399229001e-01 6.986296324673624270e-06 -3.040843575362475737e-01
3.782999999999999829e+01 -1.996120518197130878e-01 6.503238426464053035e-06 -1.996185550581395518e-01
3.784000000000000341e+01 -9.756717417558169458e-02 6.025644414806019533e-06 -9.757319981999650060e-02
3.785000000000000142e+01 -5.305868504210109471e-03 5.552836413104389468e-06 -5.311421340623213860e-03
3.785999999999999943e+01 7.116762891345301822e-02 5.084132990343381842e-06 7.116254478046267484e-02
3.786999999999999744e+01 1.269938532691283206e-01 4.618851279669655696e-06 1.269892344178486510e-01
3.788000000000000256e+01 1.593870915558133761e-01 4.156309107411493287e-06 1.593829352467059646e-01
3.789000000000000057e+01 1.675035594592925170e-01 3.695827125477224584e-06 1.674998636321670398e-01
3.789999999999999858e+01 1.524834227165027256e-01 3.236730940686660674e-06 1.524801859855620390e-01
3.790999999999999659e+01 1.174548950415260085e-01 2.778353233520713950e-06 1.174521166882924877e-01
3.792000000000000171e+01 6.714977218587608876e-02 2.320035859981750548e-06 6.714745215001610701e-02
3.792999999999999972e+01 7.562744888944122890e-03 1.861131929585882472e-06 7.560883757014537007e-03
3.793999999999999773e+01 -5.459486691727377661e-02 1.401007852591673597e-06 -5.459626792512636828e-02
3.795000000000000284e+01 -1.124007921906770013e-01 9.390453501456619279e-07 -1.124017312360271470e-01
3.796000000000000085e+01 -1.593367693022423870e-01 4.746434205948890650e-07 -1.593372439456629819e-01
3.796999999999999886e+01 -1.898260552556193526e-01 7.220255837658839937e-09 -1.898260624758751902e-01
3.797999999999999687e+01 -1.996355078478261325e-01 -4.637848984856418610e-07 -1.996350440629276468e-01
3.799000000000000199e+01 -1.862198906067435988e-01 -9.389099450973770189e-07 -1.862189516967985015e-01
3.800000000000000000e+01 -1.490235519818359222e-01 -1.418668204800077604e-06 -1.490221333136311221e-01
3.800999999999999801e+01 -8.944251832957550441e-02 -1.903546759746133077e-06 -8.944061478281575828e-02
3.802000000000000313e+01 -1.075192605379593491e-02 -2.394004875115249287e-06 -1.074953204892081966e-02
3.803000000000000114e+01 8.209338691458967219e-02 -2.890472504346597304e-06 8.209627738709401878e-02
3.803999999999999915e+01 1.829643961261525620e-01 -3.393348882441138414e-06 1.829677894750350031e-01
3.804999999999999716e+01 2.848808366139793380e-01 -3.903001211669199222e-06 2.848847396151910072e-01
3.806000000000000227e+01 3.807089302596928793e-01 -4.419763443841429051e-06 3.807133500231367207e-01
3.807000000000000028e+01 4.635612356280027768e-01 -4.943935162371460024e-06 4.635661795631651483e-01
3.807999999999999829e+01 5.274869179529748653e-01 -5.475780567865129456e-06 5.274923937335427304e-01
3.809000000000000341e+01 5.677436635345561866e-01 -6.015527570180090322e-06 5.677496790621263667e-01
3.810000000000000142e+01 5.813893662736331347e-01 -6.563366988898700072e-06 5.813959296406220334e-01
3.810999999999999943e+01 5.672706033966535832e-01 -7.119451865045256511e-06 5.672777228485186285e-01
3.811999999999999744e+01 5.263678027782090485e-01 -7.683896885768426444e-06 5.263754866750948169e-01
3.813000000000000256e+01 4.614768960983283153e-01 -8.256777922988067786e-06 4.614851528762513033e-01
3.814000000000000057e+01 3.770101600967966649e-01 -8.838131687338712794e-06 3.770189982284840036e-01
3.814999999999999858e+01 2.789648805228121531e-01 -9.427955498131357359e-06 2.789743084783102844e-01
3.815999999999999659e+01 1.739404357880789953e-01 -1.002620716919477850e-05 1.739504619952481901e-01
3.817000000000000171e+01 6.916639270002705731e-02 -1.063280501094332475e-05 6.917702550503800063e-02
3.817999999999999972e+01 -2.855076525604188786e-02 -1.124762794755401751e-05 -2.853951762809433385e-02
3.818999999999999773e+01 -1.128705991299751576e-01 -1.187051574894071315e-05 -1.128587286142262169e-01
3.820000000000000284e+01 -1.788632064586678783e-01 -1.250126937585305242e-05 -1.788507051892920252e-01
3.821000000000000085e+01 -2.229231893581162249e-01 -1.313965143648343492e-05 -2.229100497066797415e-01
3.821999999999999886e+01 -2.433767429363010160e-01 -1.378538675292362292e-05 -2.433629575495480923e-01
3.822999999999999687e+01 -2.404458117539604034e-01 -1.443816303461908923e-05 -2.404313735909257843e-01
3.824000000000000199e+01 -2.160591800544694463e-01 -1.509763165663535744e-05 -2.160440824228128109e-01
3.825000000000000000e+01 -1.739595021999583990e-01 -1.576340853945423781e-05 -1.739437387914189448e-01
3.825999999999999801e+01 -1.191236492861165452e-01 -1.643507512710806751e-05 -1.191072142109894372e-01
3.827000000000000313e+01 -5.744934957457215052e-02 -1.711217946007148605e-05 -5.743223739511207904e-02
3.828000000000000114e+01 4.717065629244787672e-03 -1.779423733909435423e-05 4.734859866583882027e-03
3.828999999999999915e+01 6.122193570075218361e-02 -1.848073357585411358e-05 6.124041643432803772e-02
3.829999999999999716e+01 1.064554023403773142e-01 -1.917112332601444979e-05 1.064745734637033286e-01
3.831000000000000227e+01 1.360067356812265649e-01 -1.986483350024936811e-05 1.360266005147268142e-01
3.832000000000000028e+01 1.468444846510057467e-01 -2.056126424837545486e-05 1.468650459152541221e-01
3.832999999999999829e+01 1.376851805121919181e-01 -2.125979051176285495e-05 1.377064403027036810e-01
3.834000000000000341e+01 1.091032382093755082e-01 -2.195976363858487268e-05 1.091251979730140931e-01
3.835000000000000142e+01 6.342664196507530328e-02 -2.266051305731264787e-05 6.344930247813261592e-02
3.835999999999999943e+01 4.632976980734726524e-03 -2.336134800229750647e-05 4.656338328737024031e-03
3.836999999999999744e+01 -6.201261713432781875e-02 -2.406155928647707443e-05 -6.198855557504134167e-02
3.838000000000000256e+01 -1.303019419444544358e-01 -2.476042111554388470e-05 -1.302771815233388919e-01
3.839000000000000057e+01 -1.936909639104185121e-01 -2.545719293786663506e-05 -1.936655067174806455e-01
3.839999999999999858e+01 -2.457299210369101594e-01 -2.615112132442476423e-05 -2.457037699155857347e-01
3.840999999999999659e+01 -2.805963183029274166e-01 -2.684144187342640819e-05 -2.805694768610539902e-01
3.842000000000000171e+01 -2.937006546861138379e-01 -2.752738113348529581e-05 -2.936731273049803526e-01
3.842999999999999972e+01 -2.817945593129462800e-01 -2.820815853982194810e-05 -2.817663511544064581e-01
3.843999999999999773e+01 -2.436608591149618253e-01 -2.888298835798663866e-05 -2.436319761266038386e-01
3.845000000000000284e+01 -1.798349671450958365e-01 -2.955108162955299989e-05 -1.798054160634662835e-01
3.846000000000000085e+01 -9.294687967956938301e-02 -3.021164811375931514e-05 -9.291666803145562370e-02
3.846999999999999886e+01 1.262699071427242359e-02 -3.086389822033915042e-05 1.265785461249276274e-02
3.847999999999999687e+01 1.310629349516214681e-01 -3.150704492785316724e-05 1.310944419965493213e-01
3.849000000000000199e+01 2.552107784349522124e-01 -3.214030568221559747e-05 2.552429187406344280e-01
3.850000000000000000e+01 3.775451069061027676e-01 -3.276290427078887291e-05 3.775778698103735564e-01
3.850999999999999801e+01 4.901594570133994688e-01 -3.337407266651437610e-05 4.901928310860659832e-01
3.852000000000000313e+01 5.858478969530412916e-01 -3.397305283803220277e-05 5.858818700058793238e-01
3.853000000000000114e+01 6.581422576445684625e-01 -3.455909852034810825e-05 6.581768167430888106e-01
3.853999999999999915e+01 7.021501012431953237e-01 -3.513147694278462296e-05 7.021852327201381083e-01
3.854999999999999716e+01 7.146013433113240776e-01 -3.568947050869297755e-05 7.146370327818327706e-01
3.856000000000000227e+01 6.942760889450028117e-01 -3.623237842442783574e-05 6.943123213234272395e-01
3.857000000000000028e+01 6.419244112764925791e-01 -3.675951827197820876e-05 6.419611707947645574e-01
3.857999999999999829e+01 5.603825004543103727e-01 -3.727022752397779470e-05 5.604197706818343505e-01
3.859000000000000341e+01 4.541483470004634149e-01 -3.776386499548811670e-05 4.541861108654589030e-01
3.860000000000000142e+01 3.293268968284496223e-01 -3.823981223149974795e-05 3.293651366406811221e-01
3.860999999999999943e+01 1.928848245475329459e-01 -3.869747482571073149e-05 1.929235220223586567e-01
3.861999999999999744e+01 5.257631254738800997e-02 -3.913628366911114931e-05 5.261544883105712112e-02
3.863000000000000256e+01 -8.397781097585171883e-02 -3.955569612541787183e-05 -8.393825527972630096e-02
3.864000000000000057e+01 -2.096625397255640899e-01 -3.995519713165252007e-05 -2.096225845284324374e-01
3.864999999999999858e+01 -3.180093378113585945e-01 -4.033430022182260544e-05 -3.179690035111367719e-01
3.865999999999999659e+01 -4.041856560080620553e-01 -4.069254847233194639e-05 -4.041449634595897233e-01
3.867000000000000171e+01 -4.646709240748831404e-01 -4.102951536744114946e-05 -4.646298945595156993e-01
3.867999999999999972e+01 -4.978907645734129139e-01 -4.134480558426467667e-05 -4.978494197678286493e-01
3.868999999999999773e+01 -5.039665306321521321e-01 -4.163805569612488711e-05 -5.039248925764560072e-01
3.870000000000000284e+01 -4.847328485681725585e-01 -4.190893479377733044e-05 -4.846909396333787812e-01
3.871000000000000085e+01 -4.435431452037899014e-01 -4.215714502375789152e-05 -4.435009880587661435e-01
3.871999999999999886e+01 -3.849311557366141834e-01 -4.238242204518405387e-05 -3.848887733145689993e-01
3.872999999999999687e+01 -3.142164358245382871e-01 -4.258453540323392517e-05 -3.141738512891350532e-01
3.874000000000000199e+01 -2.371709345032834704e-01 -4.276328882102387041e-05 -2.371281712144624465e-01
3.875000000000000000e+01 -1.595047154598252526e-01 -4.291852041007904184e-05 -1.594617969394151735e-01
3.875999999999999801e+01 -8.654693607007613032e-02 -4.305010280021559499e-05 -8.650388596727591473e-02
3.877000000000000313e+01 -2.280420051778841994e-02 -4.315794318966378884e-05 -2.276104257459875616e-02
3.878000000000000114e+01 2.820160902755736165e-02 -4.324198331705567111e-05 2.824485101087441732e-02
3.878999999999999915e+01 6.425495284888033121e-02 -4.330219935627654948e-05 6.429825504823660776e-02
3.879999999999999716e+01 8.437168995137200866e-02 -4.333860173599823895e-05 8.441502855310800690e-02
3.881000000000000227e+01 8.889862684815902361e-02 -4.335123488549696980e-05 8.894197808304452058e-02
3.882000000000000028e+01 7.931570065473275699e-02 -4.334017690886537988e-05 7.935904083164162237e-02
3.882999999999999829e+01 5.810602887934832039e-02 -4.330553918938107039e-05 5.814933441853770146e-02
3.884000000000000341e+01 2.840284599777849472e-02 -4.324746592649156285e-05 2.844609346370498629e-02
3.885000000000000142e+01 -6.260247096274595968e-03 -4.316613360765778756e-05 -6.217080962666938181e-03
3.885999999999999943e+01 -4.228137874937609730e-02 -4.306175041743354193e-05 -4.223831699895866376e-02
3.886999999999999744e+01 -7.628093655801641837e-02 -4.293455558644632131e-05 -7.623800200242997205e-02
3.888000000000000256e+01 -1.054022045007831920e-01 -4.278481868284778056e-05 -1.053594196821003443e-01
3.889000000000000057e+01 -1.275295182392201521e-01 -4.261283884912647757e-05 -1.274869054003710256e-01
3.889999999999999858e+01 -1.413541021729913527e-01 -4.241894398679391109e-05 -1.413116832290045588e-01
3.890999999999999659e+01 -1.465516150943340368e-01 -4.220348989222855174e-05 -1.465094116044418082e-01
3.892000000000000171e+01 -1.436310988510654807e-01 -4.196685934640398408e-05 -1.435891319917190767e-01
3.892999999999999972e+01 -1.339352374562465253e-01 -4.170946116138773974e-05 -1.338935279950851376e-01
3.893999999999999773e+01 -1.194198820013810391e-01 -4.143172918694149054e-05 -1.193784502721940977e-01
3.895000000000000284e+01 -1.024972380882330780e-01 -4.113412128005367041e-05 -1.024561039669530244e-01
3.896000000000000085e+01 -8.574873593292348106e-02 -4.081711824052702831e-05 -8.570791881468295403e-02
3.896999999999999886e+01 -7.165809852874283070e-02 -4.048122271571585884e-05 -7.161761730602711484e-02
3.897999999999999687e+01 -6.247118198665485567e-02 -4.012695807762561850e-05 -6.243105502857723005e-02
3.899000000000000199e+01 -5.987817886167079440e-02 -3.975486727517130170e-05 -5.983842399439562310e-02
3.900000000000000000e+01 -6.495074767640024449e-02 -3.936551166497381793e-05 -6.491138216473527067e-02
3.900999999999999801e+01 -7.803156129302535327e-02 -3.895946982344911103e-05 -7.799260182320190415e-02
3.902000000000000313e+01 -9.864865812317774596e-02 -3.853733634345823944e-05 -9.861012078683428772e-02
3.903000000000000114e+01 -1.256868414647192012e-01 -3.809972061821764733e-05 -1.256487417441009835e-01
3.903999999999999915e+01 -1.573752141670963223e-01 -3.764724561564070093e-05 -1.573375669214806816e-01
3.904999999999999716e+01 -1.914937707495925623e-01 -3.718054664586523117e-05 -1.914565902029466971e-01
3.906000000000000227e+01 -2.255858101648480774e-01 -3.670027012458998428e-05 -2.255491098947234874e-01
3.907000000000000028e+01 -2.571517924084383844e-01 -3.620707233542574954e-05 -2.571155853361029586e-01
3.907999999999999829e+01 -2.838291525124647108e-01 -3.570161819343997678e-05 -2.837934508942712708e-01
3.909000000000000341e+01 -3.036575151482366897e-01 -3.518458001294799686e-05 -3.036223305682237417e-01
3.910000000000000142e+01 -3.151997279902319371e-01 -3.465663628160475795e-05 -3.151650713539503323e-01
3.910999999999999943e+01 -3.176401544005427735e-01 -3.411847044360039050e-05 -3.176060359300991731e-01
3.911999999999999744e+01 -3.108976342663689052e-01 -3.357076969434658054e-05 -3.108640634966745586e-01
3.913000000000000256e+01 -2.955552206014502303e-01 -3.301422378854113049e-05 -2.955222063776616892e-01
3.914000000000000057e+01 -2.728508201262793698e-01 -3.244952386444177606e-05 -2.728183706024149280e-01
3.914999999999999858e+01 -2.445847471749298119e-01 -3.187736128532070445e-05 -2.445528698136444912e-01
3.915999999999999659e+01 -2.128231289515480351e-01 -3.129842650165248763e-05 -2.127918305250463826e-01
3.917000000000000171e+01 -1.799171627640799576e-01 -3.071340793453503082e-05 -1.798864493561454225e-01
3.917999999999999972e+01 -1.481013292785385849e-01 -3.012299088284153825e-05 -1.480712062876557433e-01
3.918999999999999773e+01 -1.195016985141988397e-01 -2.952785645569944162e-05 -1.194721706577431403e-01
3.920000000000000284e+01 -9.570311820323429419e-02 -2.892868053178121457e-05 -9.567418952270251298e-02
3.921000000000000085e+01 -7.794169147239549122e-02 -2.832613274700301886e-05 -7.791336533964848821e-02
3.921999999999999886e+01 -6.667663047373159624e-02 -2.772087551199120536e-05 -6.664890959821960503e-02
3.922999999999999687e+01 -6.173550634579902385e-02 -2.711356306062812083e-05 -6.170839278273839573e-02
3.924000000000000199e+01 -6.233960913859434849e-02 -2.650484053082213798e-05 -6.231310429806352635e-02
3.925000000000000000e+01 -6.710459268729884741e-02 -2.589534307871621532e-05 -6.707869734422013119e-02
3.925999999999999801e+01 -7.421521991315405131e-02 -2.528569502721622619e-05 -7.418993421812683509e-02
3.927000000000000313e+01 -8.152065621117077221e-02 -2.467650904977580772e-05 -8.149597970212099640e-02
3.928000000000000114e+01 -8.676959544868612095e-02 -2.406838539037448044e-05 -8.674552706329574647e-02
3.928999999999999915e+01 -8.780755701375053679e-02 -2.346191112012618873e-05 -8.778409510263041060e-02
3.929999999999999716e+01 -8.274347404807802508e-02 -2.285765943146889079e-05 -8.272061638864655619e-02
3.931000000000000227e+01 -7.014901071546297828e-02 -2.225618897025438692e-05 -7.012675452649272390e-02
3.932000000000000028e+01 -4.916100521243249588e-02 -2.165804320618247569e-05 -4.913934716922631341e-02
3.932999999999999829e+01 -1.957643687087862183e-02 -2.106374984209985479e-05 -1.955537312103652198e-02
3.934000000000000341e+01 1.806364174068031403e-02 -2.047382026226438057e-05 1.808411556094257841e-02
3.935000000000000142e+01 6.254168847991814495e-02 -1.988874901988346711e-05 6.256157722893802842e-02
3.935999999999999943e+01 1.120061455915275506e-01 -1.930901336397172763e-05 1.120254546048915223e-01
3.936999999999999744e+01 1.640660542290144353e-01 -1.873507280558683874e-05 1.640847893018200221e-01
3.938000000000000256e+01 2.160179284104661868e-01 -1.816736872342628040e-05 2.160360957791896130e-01
3.939000000000000057e+01 2.649348797779653708e-01 -1.760632400871209313e-05 2.649524861019740829e-01
3.939999999999999858e+01 3.079778710334977188e-01 -1.705234274890221613e-05 3.079949233762466210e-01
3.940999999999999659e+01 3.423788847944464475e-01 -1.650580995060657585e-05 3.423953906043970541e-01
3.942000000000000171e+01 3.659757317670249144e-01 -1.596709130058382442e-05 3.659916988583254982e-01
3.942999999999999972e+01 3.769481905861118420e-01 -1.543653296520730578e-05 3.769636271190770493e-01
3.943999999999999773e+01 3.743351713447347073e-01 -1.491446142720675994e-05 3.743500858061619141e-01
3.945000000000000284e+01 3.576826226811677945e-01 -1.440118336021312118e-05 3.576970238645280076e-01
3.946000000000000085e+01 3.275419526534228964e-01 -1.389698553927454228e-05 3.275558496389621710e-01
3.946999999999999886e+01 2.850387988581934984e-01 -1.340213478800977853e-05 2.850522009929815082e-01
3.947999999999999687e+01 2.318820544975170872e-01 -1.291687796076135264e-05 2.318949713754778486e-01
3.949000000000000199e+01 1.705631251885968425e-01 -1.244144195977625600e-05 1.705755666305566187e-01
3.950000000000000000e+01 1.036654476794527380e-01 -1.197603378609579661e-05 1.036774237132388338e-01
3.950999999999999801e+01 3.429433912969936937e-02 -1.152084062379377105e-05 3.430585997032316314e-02
3.952000000000000313e+01 -3.468274076575061926e-02 -1.107602995660539325e-05 -3.467166473579401387e-02
3.953000000000000114e+01 -1.002594451794521779e-01 -1.064174971601716813e-05 -1.002488034297361608e-01
3.953999999999999915e+01 -1.599612818882921728e-01 -1.021812845997116526e-05 -1.599510637598322016e-01
3.954999999999999716e+01 -2.115038710690795298e-01 -9.805275581281636121e-06 -2.114940657934982482e-01
3.956000000000000227e+01 -2.532548264498410973e-01 -9.403281544750896614e-06 -2.532454231682963464e-01
3.957000000000000028e+01 -2.842214535212355120e-01 -9.012218152082418499e-06 -2.842124413030834296e-01
3.957999999999999829e+01 -3.037949447039308692e-01 -8.632138833564173552e-06 -3.037863125650973051e-01
3.959000000000000341e+01 -3.122366278980494569e-01 -8.263078965065062675e-06 -3.122283648190843919e-01
3.960000000000000142e+01 -3.101550827900347307e-01 -7.905056210233407654e-06 -3.101471777338244973e-01
3.960999999999999943e+01 -2.987615711212892045e-01 -7.558070885704815112e-06 -2.987540130504034996e-01
3.961999999999999744e+01 -2.796432274201708923e-01 -7.222106349069612463e-06 -2.796360053138218227e-01
3.963000000000000256e+01 -2.546130227448499816e-01 -6.897129407712476734e-06 -2.546061256154422692e-01
3.964000000000000057e+01 -2.256676460573510679e-01 -6.583090748413233939e-06 -2.256610629666026546e-01
3.964999999999999858e+01 -1.948921492820664958e-01 -6.279925385266338367e-06 -1.948858693566812295e-01
3.965999999999999659e+01 -1.642132790480640425e-01 -5.987553125946787347e-06 -1.642072914949380957e-01
3.967000000000000171e+01 -1.354728790588750065e-01 -5.705879054296314479e-06 -1.354671731798207102e-01
3.967999999999999972e+01 -1.101660020938942108e-01 -5.434794028535971933e-06 -1.101605672998656749e-01
3.968999999999999773e+01 -8.952743071201574310e-02 -5.174175193675689677e-06 -8.952225653682206741e-02
3.970000000000000284e+01 -7.442918153398703218e-02 -4.923886506982833033e-06 -7.442425764748004935e-02
3.971000000000000085e+01 -6.539066916865010626e-02 -4.683779275330146596e-06 -6.538598538937477611e-02
3.971999999999999886e+01 -6.248254013708653964e-02 -4.453692703250411444e-06 -6.247808644438328923e-02
3.972999999999999687e+01 -6.546375965326167723e-02 -4.233454450372486910e-06 -6.545952619881130474e-02
3.974000000000000199e+01 -7.378434689488599929e-02 -4.022881197163208356e-06 -7.378032401368883608e-02
3.975000000000000000e+01 -8.660420625993014987e-02 -3.821779217733078937e-06 -8.660038448071241679e-02
3.975999999999999801e+01 -1.028255887146882763e-01 -3.629944958533082300e-06 -1.028219587697297432e-01
3.977000000000000313e+01 -1.211638315801737420e-01 -3.447165621714431971e-06 -1.211603844145520276e-01
3.978000000000000114e+01 -1.403461576841444902e-01 -3.273219752047973330e-06 -1.403428844643924422e-01
3.978999999999999915e+01 -1.588884550577929211e-01 -3.107877826147298350e-06 -1.588853471799667738e-01
3.979999999999999716e+01 -1.754900951543021392e-01 -2.950902843079639126e-06 -1.754871442514590596e-01
3.981000000000000227e+01 -1.887969702701415287e-01 -2.802050914740839005e-06 -1.887941682192267878e-01
3.982000000000000028e+01 -1.976430302177916154e-01 -2.661071855647456630e-06 -1.976403691459359679e-01
3.982999999999999829e+01 -2.011706672550768182e-01 -2.527709770161479241e-06 -2.011681395453066568e-01
3.984000000000000341e+01 -1.985003324971876815e-01 -2.401703636828456112e-06 -1.984979307935508530e-01
3.985000000000000142e+01 -1.893097652860626923e-01 -2.282787888302495460e-06 -1.893074824981743898e-01
3.985999999999999943e+01 -1.734231811723034866e-01 -2.170692986136479874e-06 -1.734210104793173501e-01
3.986999999999999744e+01 -1.510806991166724345e-01 -2.065145989049721464e-06 -1.510786339706833847e-01
3.988000000000000256e+01 -1.228082015237736968e-01 -1.965871114242845330e-06 -1.228062356526594540e-01
3.989000000000000057e+01 -8.941772083434473828e-02 -1.872590290288855819e-06 -8.941584824405444942e-02
3.989999999999999858e+01 -5.219834359542918634e-02 -1.785023700968946248e-06 -5.219655857172821739e-02
3.990999999999999659e+01 -1.248752718407697415e-02 -1.702890319111097228e-06 -1.248582429375786305e-02
3.992000000000000171e+01 2.792735523584122248e-02 -1.625908429610939399e-06 2.792898114427083342e-02
3.992999999999999972e+01 6.735748201964564252e-02 -1.553796140738028519e-06 6.735903581578638055e-02
3.993999999999999773e+01 1.039113306585879304e-01 -1.486271883080481082e-06 1.039128169304710109e-01
3.995000000000000284e+01 1.358039705767362104e-01 -1.423054895199893366e-06 1.358053936316314103e-01
3.996000000000000085e+01 1.613871328368792213e-01 -1.363865695519494992e-06 1.613884967025747408e-01
3.996999999999999886e+01 1.792702290201053650e-01 -1.308426539753382301e-06 1.792715374466451184e-01
3.997999999999999687e+01 1.884124118964898287e-01 -1.256461862941815610e-06 1.884136683583527705e-01
3.999000000000000199e+01 1.881286787334954802e-01 -1.207698706096049790e-06 1.881298864322015763e-01
4.000000000000000000e+01 1.783369233872267312e-01 -1.161867126342475132e-06 1.783380852543530737e-01
4.000999999999999801e+01 1.593517551583766290e-01 -1.118700590607701884e-06 1.593528738589672367e-01
4.002000000000000313e+01 1.320818296076919918e-01 -1.077936351984165597e-06 1.320829075440439759e-01
4.003000000000000114e+01 9.796638649038216795e-02 -1.039315808623597626e-06 9.796742580619079155e-02
4.003999999999999915e+01 5.876806789378574702e-02 -1.002584844755904925e-06 5.876907047863050293e-02
4.004999999999999716e+01 1.671589808925674769e-02 -9.674941536218228944e-07 1.671686558341036952e-02
4.006000000000000227e+01 -2.582045484118480894e-02 -9.337995419307631995e-07 -2.581952104164287817e-02
4.007000000000000028e+01 -6.631035015378217157e-02 -9.012622157744676343e-07 -6.630944889156639710e-02
4.007999999999999829e+01 -1.023169065891713636e-01 -8.696490477883012105e-07 -1.023160369401235753e-01
4.009000000000000341e+01 -1.316285744505321653e-01 -8.387328254977344244e-07 -1.316277357177066676e-01
4.010000000000000142e+01 -1.522822236414151376e-01 -8.082924808638924929e-07 -1.522814153489342737e-01
4.010999999999999943e+01 -1.628903269902740591e-01 -7.781133007367380117e-07 -1.628895488769733224e-01
4.011999999999999744e+01 -1.625647370981875284e-01 -7.479871187987541248e-07 -1.625639891110687296e-01
4.013000000000000256e+01 -1.511159975631514163e-01 -7.177124884960583984e-07 -1.511152798506629202e-01
4.014000000000000057e+01 -1.289605017710118151e-01 -6.870948376092034238e-07 -1.289598146761742059e-01
4.014999999999999858e+01 -9.718361784188389585e-02 -6.559466042693751220e-07 -9.718296189527962647e-02
4.015999999999999659e+01 -5.736813709749166712e-02 -6.240873549057113223e-07 -5.736751301013676141e-02
4.017000000000000171e+01 -1.168082278049065170e-02 -5.913438842746615576e-07 -1.168023143660637704e-02
4.017999999999999972e+01 3.753806998007602758e-02 -5.575502978819035782e-07 3.753862753037390948e-02
4.018999999999999773e+01 8.764532092936883068e-02 -5.225480772808044350e-07 8.764584347744611148e-02
4.020000000000000284e+01 1.360972182040596223e-01 -4.861861284954915874e-07 1.360977043901881178e-01
4.021000000000000085e+01 1.805197645300247178e-01 -4.483208140004801834e-07 1.805202128508387183e-01
4.021999999999999886e+01 2.188733024145421702e-01 -4.088159689941139874e-07 2.188737112305111643e-01
4.022999999999999687e+01 2.496271691632230283e-01 -3.675429020300047256e-07 2.496275367061250583e-01
4.024000000000000199e+01 2.718539489078797278e-01 -3.243803808894440976e-07 2.718542732882606172e-01
4.025000000000000000e+01 2.852228821034465955e-01 -2.792146042707166487e-07 2.852231613180508663e-01
4.025999999999999801e+01 2.901720250861830053e-01 -2.319391592675579261e-07 2.901722570253422728e-01
4.027000000000000313e+01 2.876388218667391694e-01 -1.824549665241370633e-07 2.876390043217056935e-01
4.028000000000000114e+01 2.792388526573981178e-01 -1.306702122616520967e-07 2.792389833276103794e-01
4.028999999999999915e+01 2.668726510617691616e-01 -7.650026867533910035e-08 2.668727275620378370e-01
4.029999999999999716e+01 2.527706244326830554e-01 -1.986760345129567895e-08 2.527706443002865067e-01
4.031000000000000227e+01 2.391662581806908161e-01 3.929832159688118054e-08 2.391662188823692192e-01
4.032000000000000028e+01 2.282279228176506969e-01 1.010611611063083615e-07 2.282278217564895906e-01
4.032999999999999829e+01 2.217997207617918853e-01 1.654778064019701844e-07 2.217995552839854834e-01
4.034000000000000341e+01 2.212018984041201897e-01 2.325985134499219953e-07 2.212016658056067397e-01
4.035000000000000142e+01 2.273113999705895782e-01 3.024670387485883793e-07 2.273110975035508297e-01
4.035999999999999943e+01 2.401531486479433486e-01 3.751207820756885525e-07 2.401527735271612729e-01
4.036999999999999744e+01 2.592226060359057449e-01 4.505909351748549341e-07 2.592221554449705700e-01
4.038000000000000256e+01 2.832800855481170110e-01 5.289026360766335699e-07 2.832795566454809344e-01
4.039000000000000057e+01 3.104971845821344889e-01 6.100751280269101073e-07 3.104965745070064620e-01
4.039999999999999858e+01 3.386255626831522481e-01 6.941219224954053857e-07 3.386248685612297527e-01
4.040999999999999659e+01 3.650981392873977605e-01 7.810509654038177985e-07 3.650973582364323566e-01
4.042000000000000171e+01 3.873426269813504685e-01 8.708648061017676412e-07 3.873417561165443668e-01
4.042999999999999972e+01 4.027871668518625548e-01 9.635607681746094499e-07 4.027862032910943801e-01
4.043999999999999773e+01 4.092877029709229841e-01 1.059131121805556575e-06 4.092866438398011786e-01
4.045000000000000284e+01 4.051566331713614133e-01 1.157563256581894962e-06 4.051554756081048314e-01
4.046000000000000085e+01 3.893622103074201313e-01 1.258839854745286146e-06 3.893609514675653860e-01
4.046999999999999886e+01 3.616481463069531888e-01 1.362939063609402979e-06 3.616467833678895794e-01
4.047999999999999687e+01 3.225028912171861162e-01 1.469834667089386926e-06 3.225014213825190268e-01
4.049000000000000199e+01 2.732681183560181637e-01 1.579496256010060051e-06 2.732665388597621536e-01
4.050000000000000000e+01 2.159040386488515484e-01 1.691889395749601732e-06 2.159023467594557988e-01
4.050999999999999801e+01 1.530592836494639175e-01 1.806975792162379690e-06 1.530574766736717551e-01
4.052000000000000313e+01 8.765622713444598535e-02 1.924713453796411677e-06 8.765430242099218894e-02
4.053000000000000114e+01 2.291674809413662972e-02 2.045056851446291901e-06 2.291470303728518343e-02
4.053999999999999915e+01 -3.804663796038540435e-02 2.167957073646864519e-06 -3.804880591745905122e-02
4.054999999999999716e+01 -9.230064753634042996e-02 2.293361978308872118e-06 -9.230294089831873883e-02
4.056000000000000227e+01 -1.374229883981202827e-01 2.421216340003917722e-06 -1.374254096144602866e-01
4.057000000000000028e+01 -1.716916564618208574e-01 2.551461992794656908e-06 -1.716942079238136520e-01
4.057999999999999829e+01 -1.939794095315889311e-01 2.684037968103680782e-06 -1.939820935695570348e-01
4.059000000000000341e+01 -2.041538848538038131e-01 2.818880627947217832e-06 -2.041567037344317603e-01
4.060000000000000142e+01 -2.028344870730796612e-01 2.955923792680170692e-06 -2.028374429968723414e-01
4.060999999999999943e+01 -1.914618580583471452e-01 3.095098863897804975e-06 -1.914649531572110430e-01
4.061999999999999744e+01 -1.721704415183298309e-01 3.236334941730811821e-06 -1.721736778532715617e-01
4.063000000000000256e+01 -1.475323632787187145e-01 3.379558937144366837e-06 -1.475357428376558588e-01
4.064000000000000057e+01 -1.204277520517395006e-01 3.524695678575051616e-06 -1.204312767474180756e-01
4.064999999999999858e+01 -9.389871552306383595e-02 3.671668013516260487e-06 -9.390238719107735221e-02
4.065999999999999659e+01 -7.068605406732014762e-02 3.820396904732903387e-06 -7.068987446422488052e-02
4.067000000000000171e+01 -5.323743302519701182e-02 3.970801521369082820e-06 -5.324140382671838090e-02
4.067999999999999972e+01 -4.335214062595393880e-02 4.122799324955683797e-06 -4.335626342527889449e-02
4.068999999999999773e+01 -4.220273176562572282e-02 4.276306150623188085e-06 -4.220700807177634600e-02
4.070000000000000284e+01 -5.003480048524167056e-02 4.431236283519712771e-06 -5.003923172152519028e-02
4.071000000000000085e+01 -6.633904149596625555e-02 4.587502530767340048e-06 -6.634362899849702289e-02
4.071999999999999886e+01 -8.972966115512326368e-02 4.745016289095516093e-06 -8.973440617141235920e-02
4.072999999999999687e+01 -1.181910902027223376e-01 4.903687608415197019e-06 -1.181959938903307528e-01
4.074000000000000199e+01 -1.491438443619454990e-01 5.063425251722319942e-06 -1.491489077871972213e-01
4.075000000000000000e+01 -1.796682844548171953e-01 5.224136751247332455e-06 -1.796735085915684427e-01
4.075999999999999801e+01 -2.067589537679479506e-01 5.385728461732020023e-06 -2.067643394964096826e-01
4.077000000000000313e+01 -2.275391239161340673e-01 5.548105610542197752e-06 -2.275446720217446095e-01
4.078000000000000114e+01 -2.395181657698535194e-01 5.711172345268522577e-06 -2.395238769421987879e-01
4.078999999999999915e+01 -2.407383805872451710e-01 5.874831779190126113e-06 -2.407442554190243611e-01
4.079999999999999716e+01 -2.300609767185863852e-01 6.038986034712090500e-06 -2.300670157046210973e-01
4.081000000000000227e+01 -2.071309546094743936e-01 6.203536285193100852e-06 -2.071371581457595867e-01
4.082000000000000028e+01 -1.724907602905053627e-01 6.368382795746141412e-06 -1.724971286733011089e-01
4.082999999999999829e+01 -1.275836762042147354e-01 6.533424962873457531e-06 -1.275902096291776089e-01
4.084000000000000341e+01 -7.461402811827888559e-02 6.698561353851717470e-06 -7.462072667963273731e-02
4.085000000000000142e+01 -1.644838788004543417e-02 6.863689745586348812e-06 -1.645525156979102052e-02
4.085999999999999943e+01 4.370296548701846362e-02 7.028707163903025190e-06 4.369593677985456059e-02
4.086999999999999744e+01 1.023310071068958549e-01 7.193509923036911502e-06 1.023238135969728180e-01
4.088000000000000256e+01 1.560520054544055346e-01 7.357993665996209742e-06 1.560446474607395384e-01
4.089000000000000057e+01 2.017636036184897175e-01 7.522053405956130590e-06 2.017560815650837613e-01
4.089999999999999858e+01 2.368535490598769611e-01 7.685583568978193725e-06 2.368458634763079829e-01
4.090999999999999659e+01 2.594481505340968108e-01 7.848478038308126514e-06 2.594403020560585027e-01
4.092000000000000171e+01 2.684728367663735127e-01 8.010630200616652985e-06 2.684648261361728960e-01
4.092999999999999972e+01 2.638383025420231176e-01 8.171932994183173093e-06 2.638301306090289344e-01
4.093999999999999773e+01 2.462850441405750601e-01 8.332278959660710527e-06 2.462767118616153994e-01
4.095000000000000284e+01 2.174045969371964371e-01 8.491560292978039826e-06 2.173961053769034590e-01
4.096000000000000085e+01 1.795794833238672505e-01 8.649668901294926826e-06 1.795708336549659556e-01
4.096999999999999886e+01 1.356326499299641553e-01 8.806496461455370905e-06 1.356238434335026999e-01
4.097999999999999687e+01 8.871497457861637903e-02 8.961934481632738425e-06 8.870601264413474629e-02
4.099000000000000199e+01 4.211953131223084013e-02 9.115874365889231612e-06 4.211041543786495089e-02
4.100000000000000000e+01 -1.122994964093626535e-03 9.268207481975820894e-06 -1.132263171575602356e-03
4.100999999999999801e+01 -3.829049208297774509e-02 9.418825232206107234e-06 -3.829991090820995120e-02
4.102000000000000313e+01 -6.739070728912582853e-02 9.567619127626159070e-06 -6.740027490825345469e-02
4.103000000000000114e+01 -8.705793269421777114e-02 9.714480865369301554e-06 -8.706764717508314044e-02
4.103999999999999915e+01 -9.684738043330815005e-02 9.859302409168102521e-06 -9.685723973571731815e-02
4.104999999999999716e+01 -9.709716733050677284e-02 1.000197607310682191e-05 -9.710716930657987966e-02
4.106000000000000227e+01 -8.906179060519398005e-02 1.014239460833676887e-05 -8.907193299980231682e-02
4.107000000000000028e+01 -7.461748064111733969e-02 1.028045129283783332e-05 -7.462776109241017752e-02
4.107999999999999829e+01 -5.623389366462477890e-02 1.041604002399720841e-05 -5.624430970464877610e-02
4.109000000000000341e+01 -3.672065026141102528e-02 1.054905541394979274e-05 -3.673119931682497508e-02
4.110000000000000142e+01 -1.898123179998051357e-02 1.067939288743741111e-05 -1.899191119286795099e-02
4.110999999999999943e+01 -5.813715959377629972e-03 1.080694878201598347e-05 -5.824522908159645955e-03
4.111999999999999744e+01 3.862322695903919190e-04 1.093162045047885731e-05 3.753006491399130617e-04
4.113000000000000256e+01 -2.274209358288203919e-03 1.105330636519711793e-05 -2.285262664653401037e-03
4.114000000000000057e+01 -1.494437990006752814e-02 1.117190622416594503e-05 -1.495555180629169409e-02
4.114999999999999858e+01 -3.792337212223861886e-02 1.128732105850488443e-05 -3.793465944329712375e-02
4.115999999999999659e+01 -7.068311179762581942e-02 1.139945334115155529e-05 -7.069451125096697097e-02
4.117000000000000171e+01 -1.118391322788071518e-01 1.150820709645838935e-05 -1.118506404859036102e-01
4.117999999999999972e+01 -1.592688046079042685e-01 1.161348801034800537e-05 -1.592804180959146165e-01
4.118999999999999773e+01 -2.101787175316565948e-01 1.171520354095734184e-05 -2.101904327351975521e-01
4.120000000000000284e+01 -2.615049672620648469e-01 1.181326302901464231e-05 -2.615167805250938615e-01
4.121000000000000085e+01 -3.099026153779694814e-01 1.190757780811235733e-05 -3.099145229557775938e-01
4.121999999999999886e+01 -3.521120035935195736e-01 1.199806131441105705e-05 -3.521240016548339846e-01
4.122999999999999687e+01 -3.851484720373054005e-01 1.208462919521924306e-05 -3.851605566665006197e-01
4.124000000000000199e+01 -4.066053065359370722e-01 1.216719941621313694e-05 -4.066174737353532853e-01
4.125000000000000000e+01 -4.147052316869458966e-01 1.224569236757400148e-05 -4.147174773793134706e-01
4.125999999999999801e+01 -4.085528607053688366e-01 1.232003096768297112e-05 -4.085651807363365196e-01
4.127000000000000313e+01 -3.881162004466949256e-01 1.239014076492850336e-05 -3.881285905874598541e-01
4.128000000000000114e+01 -3.542870816959545754e-01 1.245595003684929480e-05 -3.542995376459914247e-01
4.128999999999999915e+01 -3.087557333834695106e-01 1.251738988639061745e-05 -3.087682507733559012e-01
4.129999999999999716e+01 -2.540797397041464345e-01 1.257439433544060847e-05 -2.540923140984818751e-01
4.131000000000000227e+01 -1.932227087643485497e-01 1.262690041464731294e-05 -1.932353356647631970e-01
4.132000000000000028e+01 -1.295545408943405974e-01 1.267484824957199052e-05 -1.295672157425901694e-01
4.132999999999999829e+01 -6.665341759191534265e-02 1.271818114309541947e-05 -6.666613577305843807e-02
4.134000000000000341e+01 -7.856644253949163215e-03 1.275684565375453938e-05 -7.869401099602917754e-03
4.135000000000000142e+01 4.369722048084606625e-02 1.279079166955493507e-05 4.368442968917651131e-02
4.135999999999999943e+01 8.554091937472146912e-02 1.281997247727650890e-05 8.552809940224419261e-02
4.136999999999999744e+01 1.157713024116252543e-01 1.284434482710927750e-05 1.157584580667981450e-01
4.138000000000000256e+01 1.334122312797539900e-01 1.286386899229663427e-05 1.333993674107616934e-01
4.139000000000000057e+01 1.382690258062509447e-01 1.287850882375485284e-05 1.382561472974271899e-01
4.139999999999999858e+01 1.309978008286730167e-01 1.288823179948495046e-05 1.309849125968735317e-01
4.140999999999999659e+01 1.130574530738460703e-01 1.289300906869017549e-05 1.130445600647773802e-01
4.142000000000000171e+01 8.653287406754528455e-02 1.289281549055054654e-05 8.651998125205473400e-02
4.142999999999999972e+01 5.402248944733351044e-02 1.288762966744627647e-05 5.400960181766606416e-02
4.143999999999999773e+01 1.843968268451867676e-02 1.287743397272028689e-05 1.842680525054595647e-02
4.145000000000000284e+01 -1.726778005662177318e-02 1.286221457298328263e-05 -1.728064227119475646e-02
4.146000000000000085e+01 -5.019023782907183762e-02 1.284196144477056656e-05 -5.020307979051660818e-02
4.146999999999999886e+01 -7.781185899518283655e-02 1.281666838576223100e-05 -7.782467566356859878e-02
4.147999999999999687e+01 -9.806580277864229700e-02 1.278633302047305076e-05 -9.807858911166277005e-02
4.149000000000000199e+01 -1.094758161547422226e-01 1.275095680053350833e-05 -1.094885671115427561e-01
4.150000000000000000e+01 -1.112789913908145967e-01 1.271054499965562634e-05 -1.112917019358142523e-01
4.150999999999999801e+01 -1.034705623238466599e-01 1.266510670322462673e-05 -1.034832274305498845e-01
4.152000000000000313e+01 -8.668919297855787187e-02 1.261465479289458624e-05 -8.670180763335076646e-02
4.153000000000000114e+01 -6.223971090242785831e-02 1.255920592603543273e-05 -6.225227010835389374e-02
4.153999999999999915e+01 -3.192306321485299803e-02 1.249878051039904348e-05 -3.193556199536339707e-02
4.154999999999999716e+01 2.033927811770697147e-03 1.243340267394980186e-05 2.021494409096747345e-03
4.156000000000000227e+01 3.724929223611428419e-02 1.236310023027681337e-05 3.723692913588400738e-02
4.157000000000000028e+01 7.130031320988022836e-02 1.228790463955742318e-05 7.128802530524067094e-02
4.157999999999999829e+01 1.018560364106712302e-01 1.220785096535392800e-05 1.018438285597058762e-01
4.159000000000000341e+01 1.269356959606476598e-01 1.212297782751670105e-05 1.269235729828201431e-01
4.160000000000000142e+01 1.449578551892342915e-01 1.203332735127959907e-05 1.449458218618830119e-01
4.160999999999999943e+01 1.548310821191901665e-01 1.193894511278270620e-05 1.548191431740773838e-01
4.161999999999999744e+01 1.560767274913154312e-01 1.183988008149339244e-05 1.560648876112339378e-01
4.163000000000000256e+01 1.487465458832258891e-01 1.173618455935221405e-05 1.487348096986665369e-01
4.164000000000000057e+01 1.334569994773529833e-01 1.162791411712937872e-05 1.334453715632358539e-01
4.164999999999999858e+01 1.113208136592799824e-01 1.151512752839423115e-05 1.113092985317515882e-01
4.165999999999999659e+01 8.380876074734575076e-02 1.139788670080632560e-05 8.379736286064494444e-02
4.167000000000000171e+01 5.266944151450633771e-02 1.127625660562320276e-05 5.265816525790071451e-02
4.167999999999999972e+01 1.972902360070216687e-02 1.115030520509874279e-05 1.971787329549706813e-02
4.168999999999999773e+01 -1.312420851580897718e-02 1.102010337836190068e-05 -1.313522861918733908e-02
4.170000000000000284e+01 -4.421772623208086728e-02 1.088572484583827382e-05 -4.422861195692670555e-02
4.171000000000000085e+01 -7.206135196383717245e-02 1.074724609249899654e-05 -7.207209920992967145e-02
4.171999999999999886e+01 -9.555091283469147045e-02 1.060474629011043390e-05 -9.556151758098158089e-02
4.172999999999999687e+01 -1.139762932121356487e-01 1.045830721876916947e-05 -1.139867515193544178e-01
4.174000000000000199e+01 -1.270481982415616606e-01 1.030801318777085918e-05 -1.270585062547494315e-01
4.175000000000000000e+01 -1.348578827949533654e-01 1.015395095615989618e-05 -1.348680367459095253e-01
4.175999999999999801e+01 -1.379210183099892628e-01 9.996209653140297746e-06 -1.379310145196424031e-01
4.177000000000000313e+01 -1.370617713574466823e-01 9.834880698222914219e-06 -1.370716062381449052e-01
4.178000000000000114e+01 -1.332930613961968991e-01 9.670057721733460454e-06 -1.333027314539186325e-01
4.178999999999999915e+01 -1.277788606520413595e-01 9.501836485431569557e-06 -1.277883624885267910e-01
4.179999999999999716e+01 -1.217573057681846649e-01 9.330314803407402380e-06 -1.217666360829880723e-01
4.181000000000000227e+01 -1.163143171520040209e-01 9.155592463755413135e-06 -1.163234727444677763e-01
4.182000000000000028e+01 -1.123673743344497655e-01 8.977771150484037399e-06 -1.123763521056002496e-01
4.182999999999999829e+01 -1.107230783668358143e-01 8.796954366285802962e-06 -1.107318753212021001e-01
4.184000000000000341e+01 -1.117411468015245823e-01 8.613247356001330068e-06 -1.117497600488805837e-01
4.185000000000000142e+01 -1.155775318207579172e-01 8.426757030777221047e-06 -1.155859585777886944e-01
4.185999999999999943e+01 -1.219964235959600796e-01 8.237591893153761724e-06 -1.220046611878532333e-01
4.186999999999999744e+01 -1.305509926825283440e-01 8.045861962846512228e-06 -1.305590385444911905e-01
4.188000000000000256e+01 -1.404828291627986392e-01 7.851678703485465149e-06 -1.404906808415021247e-01
4.189000000000000057e+01 -1.508501433239952672e-01 7.655154950020337523e-06 -1.508577984789452875e-01
4.189999999999999858e+01 -1.606648936901029501e-01 7.456404837236085825e-06 -1.606723500949401862e-01
4.190999999999999659e+01 -1.688290946328196984e-01 7.255543728601487885e-06 -1.688363501765482999e-01
4.192000000000000171e+01 -1.743706203648844877e-01 7.052688146241825606e-06 -1.743776730530307295e-01
4.192999999999999972e+01 -1.763988596663490505e-01 6.847955701300145748e-06 -1.764057076220503506e-01
4.193999999999999773e+01 -1.742105834501870287e-01 6.641465025047921245e-06 -1.742172249152120767e-01
4.195000000000000284e+01 -1.673963651283674192e-01 6.433335700495312892e-06 -1.674027984640679145e-01
4.196000000000000085e+01 -1.557678442148648923e-01 6.223688194223475634e-06 -1.557740679030591158e-01
4.196999999999999886e+01 -1.393860515835967373e-01 6.012643788827487512e-06 -1.393920642273855648e-01
4.197999999999999687e+01 -1.185909270697727003e-01 5.800324515317645258e-06 -1.185967273942880179e-01
4.199000000000000199e+01 -9.395206470278738564e-02 5.586853085812193420e-06 -9.395765155587319784e-02
4.200000000000000000e+01 -6.621062634217533827e-02 5.372352826035764473e-06 -6.621599869500137403e-02
4.200999999999999801e+01 -3.620227914386364709e-02 5.156947607803941125e-06 -3.620743609147145103e-02
4.202000000000000313e+01 -4.770943382314984937e-03 4.940761781133985731e-06 -4.775884144096118923e-03
4.203000000000000114e+01 2.713690969516791007e-02 4.723920106027706955e-06 2.713218577506188237e-02
4.203999999999999915e+01 5.877269164862319872e-02 4.506547683677530891e-06 5.876818510093952119e-02
4.204999999999999716e+01 8.950713874597193698e-02 4.288769887034193928e-06 8.950284997608490278e-02
4.206000000000000227e+01 1.188260082467653689e-01 4.070712290540901002e-06 1.188219375344748280e-01
4.207000000000000028e+01 1.465382238744512566e-01 3.852500599060837416e-06 1.465343713738521958e-01
4.207999999999999829e+01 1.725315983378343798e-01 3.634260575591241604e-06 1.725279640772587886e-01
4.209000000000000341e+01 1.969771854576927161e-01 3.416117968058074439e-06 1.969737693397246581e-01
4.210000000000000142e+01 2.201772386059397402e-01 3.198198434639643040e-06 2.201740404075051005e-01
4.210999999999999943e+01 2.425456835348196449e-01 2.980627467896734828e-06 2.425427029073517482e-01
4.211999999999999744e+01 2.646029592296113564e-01 2.763530317251294832e-06 2.646001956992941051e-01
4.213000000000000256e+01 2.868149456734300773e-01 2.547031910160590940e-06 2.868123986415199167e-01
4.214000000000000057e+01 3.096181859024125793e-01 2.331256771681555762e-06 3.096158546456408978e-01
4.214999999999999858e+01 3.332862226752451029e-01 2.116328942036727057e-06 3.332841063463030662e-01
4.215999999999999659e+01 3.579241062713325316e-01 1.902371892792409369e-06 3.579222038994397392e-01
4.217000000000000171e+01 3.833869858311155232e-01 1.689508441093945379e-06 3.833852963226744293e-01
4.217999999999999972e+01 4.092823667286190070e-01 1.477860662513208467e-06 4.092808888679564938e-01
4.218999999999999773e+01 4.349416937082554169e-01 1.267549801342582327e-06 4.349404261584540743e-01
4.220000000000000284e+01 4.594213960896570415e-01 1.058696179889739852e-06 4.594203373934771517e-01
4.221000000000000085e+01 4.815888993252908090e-01 8.514191056074871256e-07 4.815880479061852015e-01
4.221999999999999886e+01 5.001188593294865203e-01 6.458367765027617224e-07 5.001182134927100176e-01
4.222999999999999687e+01 5.136009063873319125e-01 4.420661848802964755e-07 5.136004643211470322e-01
4.224000000000000199e+01 5.206201901329079451e-01 2.402230199205490635e-07 5.206199499098880246e-01
4.225000000000000000e+01 5.197809944255730175e-01 4.042156787065209755e-08 5.197809540040051468e-01
4.225999999999999801e+01 5.099639418378021372e-01 -1.572253883752594561e-07 5.099640990631905124e-01
4.227000000000000313e+01 4.902411352610185347e-01 -3.526066712500330880e-07 4.902414878676897847e-01
4.228000000000000114e+01 4.601027944089589594e-01 -5.456128121528180941e-07 4.601033400217711122e-01
4.228999999999999915e+01 4.193240450521514839e-01 -7.361361550883849247e-07 4.193247811883065723e-01
4.229999999999999716e+01 3.683230170485291000e-01 -9.240709623048459775e-07 3.683239411194914048e-01
4.231000000000000227e+01 3.078667123890868607e-01 -1.109313519709331786e-06 3.078678217026065700e-01
4.232000000000000028e+01 2.392106248648911415e-01 -1.291762243255112352e-06 2.392119166271343966e-01
4.232999999999999829e+01 1.641372357090531975e-01 -1.471317785606274242e-06 1.641387070268388038e-01
4.234000000000000341e+01 8.470977995891576517e-02 -1.647883142538719703e-06 8.471142784205830389e-02
4.235000000000000142e+01 3.390579275384331126e-03 -1.821363759643441355e-06 3.392400639143974567e-03
4.235999999999999943e+01 -7.729243112313777253e-02 -1.991667638270855356e-06 -7.729043945549950168e-02
4.236999999999999744e+01 -1.545972932541134215e-01 -2.158705440985508872e-06 -1.545951345486724360e-01
4.238000000000000256e+01 -2.259479625030066385e-01 -2.322390596082302139e-06 -2.259456401124105562e-01
4.239000000000000057e+01 -2.889967156916034563e-01 -2.482639400946951014e-06 -2.889942330522025093e-01
4.239999999999999858e+01 -3.416074483299043618e-01 -2.639371123880351888e-06 -3.416048089587804815e-01
4.240999999999999659e+01 -3.821270698352403072e-01 -2.792508104365598598e-06 -3.821242773271359416e-01
4.242000000000000171e+01 -4.094582071121760647e-01 -2.941975851045164347e-06 -4.094552651363250195e-01
4.242999999999999972e+01 -4.230241469243328778e-01 -3.087703137616415461e-06 -4.230210592211952614e-01
4.243999999999999773e+01 -4.229058927320534789e-01 -3.229622096256878905e-06 -4.229026631099572220e-01
4.245000000000000284e+01 -4.098155867237498473e-01 -3.367668307496796132e-06 -4.098122190554423505e-01
4.246000000000000085e+01 -3.850081546500188634e-01 -3.501780887760208572e-06 -3.850046528691311032e-01
4.246999999999999886e+01 -3.502464690227524158e-01 -3.631902573020262537e-06 -3.502428371201793955e-01
4.247999999999999687e+01 -3.077615917918896660e-01 -3.757979798346688938e-06 -3.077578338120913193e-01
4.249000000000000199e+01 -2.600392448637869336e-01 -3.879962774233636225e-06 -2.600353649010127000e-01
4.250000000000000000e+01 -2.096654579663794482e-01 -3.997805557737210691e-06 -2.096614601608217110e-01
4.250999999999999801e+01 -1.593714493503024243e-01 -4.111466119616213888e-06 -1.593673378841828081e-01
4.252000000000000313e+01 -1.115588961448296390e-01 -4.220906406338098549e-06 -1.115546752384233009e-01
4.253000000000000114e+01 -6.853283874546542420e-02 -4.326092397061165329e-06 -6.852851265306836304e-02
4.253999999999999915e+01 -3.201352945311966569e-02 -4.426994155183605617e-06 -3.200910245896448209e-02
4.254999999999999716e+01 -3.414573639431275898e-03 -4.523585874334056650e-06 -3.410050053556941841e-03
4.256000000000000227e+01 1.658188169403931878e-02 -4.615845918581190643e-06 1.658649753995789997e-02
4.257000000000000028e+01 2.781678291406036729e-02 -4.703756856586083224e-06 2.782148667091695338e-02
4.257999999999999829e+01 3.066515563627369989e-02 -4.787305489546006543e-06 3.066994294176324590e-02
4.259000000000000341e+01 2.616365123845276752e-02 -4.866482872765282020e-06 2.616851772132553280e-02
4.260000000000000142e+01 1.569256547191485995e-02 -4.941284330664541535e-06 1.569750675624552450e-02
4.260999999999999943e+01 1.093753210914594209e-03 -5.011709465124530513e-06 1.098764920379718740e-03
4.261999999999999744e+01 -1.561962255975898883e-02 -5.077762156998136267e-06 -1.561454479760199070e-02
4.263000000000000256e+01 -3.228206337614225596e-02 -5.139450560714964311e-06 -3.227692392558154100e-02
4.264000000000000057e+01 -4.680949619490060165e-02 -5.196787091897581146e-06 -4.680429940780870407e-02
4.264999999999999858e+01 -5.729842421590969348e-02 -5.249788407900302101e-06 -5.729317442750179318e-02
4.265999999999999659e+01 -6.206603380627706557e-02 -5.298475381228240355e-06 -6.206073533089583733e-02
4.267000000000000171e+01 -5.998182055061668239e-02 -5.342873065847242309e-06 -5.997647767755083514e-02
4.267999999999999972e+01 -5.024632668535852775e-02 -5.383010656362374746e-06 -5.024094367470216538e-02
4.268999999999999773e+01 -3.268264115098551414e-02 -5.418921440028534597e-06 -3.267722222954548561e-02
4.270000000000000284e+01 -7.542397105188447526e-03 -5.450642741756245302e-06 -7.536946462446691281e-03
4.271000000000000085e+01 2.430489711780736695e-02 -5.478215862032842498e-06 2.431037533366939979e-02
4.271999999999999886e+01 6.165824740613159993e-02 -5.501686007963746405e-06 6.166374909213956368e-02
4.272999999999999687e+01 1.029902272270749042e-01 -5.521102217451168137e-06 1.029957483292923553e-01
4.274000000000000199e+01 1.463705372370060487e-01 -5.536517276666375054e-06 1.463760737542827151e-01
4.275000000000000000e+01 1.899038289797161105e-01 -5.547987630999395847e-06 1.899093769673471099e-01
4.275999999999999801e+01 2.315784892110359927e-01 -5.555573289545145954e-06 2.315840447843255379e-01
4.277000000000000313e+01 2.696090474225044664e-01 -5.559337723504143014e-06 2.696146067602279706e-01
4.278000000000000114e+01 3.022788641933318310e-01 -5.559347758310462240e-06 3.022844235410901415e-01
4.278999999999999915e+01 3.283167811895714161e-01 -5.555673460333476754e-06 3.283223368630317496e-01
4.279999999999999716e+01 3.467254616087157015e-01 -5.548388017917460502e-06 3.467310099967336190e-01
4.281000000000000227e+01 3.569582171874071119e-01 -5.537567616675787008e-06 3.569637547550237877e-01
4.282000000000000028e+01 3.588661975231124401e-01 -5.523291310594036219e-06 3.588717208144230342e-01
4.282999999999999829e+01 3.526699014696870749e-01 -5.505640887804030825e-06 3.526754071105748789e-01
4.284000000000000341e+01 3.389930506430102186e-01 -5.484700732083513941e-06 3.389985353437423021e-01
4.285000000000000142e+01 3.186429340822611866e-01 -5.460557680136979286e-06 3.186483946399413236e-01
4.285999999999999943e+01 2.927403845814474659e-01 -5.433300875545832298e-06 2.927458178823230117e-01
4.286999999999999744e+01 2.624745766840163030e-01 -5.403021618555214900e-06 2.624799797056348583e-01
4.288000000000000256e+01 2.290338415829422658e-01 -5.369813213390584039e-06 2.290392113961556564e-01
4.289000000000000057e+01 1.936116753465159657e-01 -5.333770812410154605e-06 1.936170091173283758e-01
4.289999999999999858e+01 1.572870765077717392e-01 -5.294991258203429751e-06 1.572923714990299426e-01
4.290999999999999659e+01 1.209532917203791635e-01 -5.253572923413774021e-06 1.209585452933025773e-01
4.292000000000000171e+01 8.538398014794029711e-02 -5.209615548965040865e-06 8.538918976348926215e-02
4.292999999999999972e+01 5.105673581096531466e-02 -5.163220081219610513e-06 5.106189903104653427e-02
4.293999999999999773e+01 1.835283990404890098e-02 -5.114488508029674252e-06 1.835795439255693065e-02
4.295000000000000284e+01 -1.259094063152665921e-02 -5.063523694399940656e-06 -1.258587710783225927e-02
4.296000000000000085e+01 -4.169173006214721422e-02 -5.010429217994216700e-06 -4.168671963292922000e-02
4.296999999999999886e+01 -6.899833402871791144e-02 -4.955309204926483524e-06 -6.899337871951298495e-02
4.297999999999999687e+01 -9.455967195545944559e-02 -4.898268166159125414e-06 -9.455477368729328647e-02
4.299000000000000199e+01 -1.184190474747000010e-01 -4.839410834928115079e-06 -1.184142080638650729e-01
4.300000000000000000e+01 -1.405693971283928922e-01 -4.778842005531691584e-06 -1.405646182863873606e-01
4.300999999999999801e+01 -1.609225843658128596e-01 -4.716666373860700645e-06 -1.609178676994389989e-01
4.302000000000000313e+01 -1.793197212097052962e-01 -4.652988379982847533e-06 -1.793150682213253133e-01
4.303000000000000114e+01 -1.954404114595738040e-01 -4.587912053294340708e-06 -1.954358235475205097e-01
4.303999999999999915e+01 -2.089507250364968094e-01 -4.521540860141781693e-06 -2.089462034956366676e-01
4.304999999999999716e+01 -2.195216409533105040e-01 -4.453977554941257466e-06 -2.195171869757555627e-01
4.306000000000000227e+01 -2.267286434042870003e-01 -4.385324034239523883e-06 -2.267242580802527607e-01
4.307000000000000028e+01 -2.302761270296600493e-01 -4.315681195021792149e-06 -2.302718113484650275e-01
4.307999999999999829e+01 -2.298812668620939803e-01 -4.245148796377939959e-06 -2.298770217132976024e-01
4.309000000000000341e+01 -2.254670367322522129e-01 -4.173825325998192781e-06 -2.254628629069262147e-01
4.310000000000000142e+01 -2.170541153981415672e-01 -4.101807870832141489e-06 -2.170500135902707350e-01
4.310999999999999943e+01 -2.048914983454361849e-01 -4.029191992632741304e-06 -2.048874691534435522e-01
4.311999999999999744e+01 -1.893757289645987552e-01 -3.956071608496314340e-06 -1.893717728929902588e-01
4.313000000000000256e+01 -1.710987679422555363e-01 -3.882538876509578074e-06 -1.710948854033790267e-01
4.314000000000000057e+01 -1.507946255796732693e-01 -3.808684086809011049e-06 -1.507908168955864603e-01
4.314999999999999858e+01 -1.292349795574707638e-01 -3.734595558330111587e-06 -1.292312449619124337e-01
4.315999999999999659e+01 -1.072940821710623993e-01 -3.660359540982871529e-06 -1.072904218115214164e-01
4.317000000000000171e+01 -8.582331933207809627e-02 -3.586060123961232193e-06 -8.581973327195413503e-02
4.317999999999999972e+01 -6.561581363879431805e-02 -3.511779149825700053e-06 -6.561230185964449235e-02
4.318999999999999773e+01 -4.729146288397712006e-02 -3.437596134719944629e-06 -4.728802528784240011e-02
4.320000000000000284e+01 -3.142277340064492108e-02 -3.363588194721378599e-06 -3.141940981245019970e-02
4.321000000000000085e+01 -1.830178715912667009e-02 -3.289829978384700704e-06 -1.829849732914828539e-02
4.321999999999999886e+01 -8.068317430487859099e-03 -3.216393605552994583e-06 -8.065101036882306104e-03
4.322999999999999687e+01 -7.496070064618720608e-04 -3.143348612415024744e-06 -7.464636578494570360e-04
4.324000000000000199e+01 3.868586313378497010e-03 -3.070761902857627179e-06 3.871657075281354637e-03
4.325000000000000000e+01 6.019581038322341371e-03 -2.998697706081861203e-06 6.022579736028423232e-03
4.325999999999999801e+01 5.992243595873025797e-03 -2.927217540462864753e-06 5.995170813413488661e-03
4.327000000000000313e+01 4.056625749395470493e-03 -2.856380183592806266e-06 4.059482129579063299e-03
4.328000000000000114e+01 5.091114688358100437e-04 -2.786241648465299751e-06 5.118977104842753435e-04
4.328999999999999915e+01 -4.662553312443806774e-03 -2.716855165707174335e-06 -4.659836457278099600e-03
4.329999999999999716e+01 -1.145397519077584469e-02 -2.648271171764790544e-06 -1.145132691960407990e-02
4.331000000000000227e+01 -2.010522953758520082e-02 -2.580537302947216727e-06 -2.010264900028225360e-02
4.332000000000000028e+01 -3.100209310014634401e-02 -2.513698395188029844e-06 -3.099957940175115598e-02
4.332999999999999829e+01 -4.465718612146940547e-02 -2.447796489390974273e-06 -4.465473832498001450e-02
4.334000000000000341e+01 -6.163491015765998338e-02 -2.382870842219941832e-06 -6.163252728681776343e-02
4.335000000000000142e+01 -8.247316712799435123e-02 -2.318957942185062571e-06 -8.247084817005216617e-02
4.335999999999999943e+01 -1.077009423314381209e-01 -2.256091530775106158e-06 -1.076986862399073458e-01
4.336999999999999744e+01 -1.375449210555596546e-01 -2.194302628572009084e-06 -1.375427267529310826e-01
4.338000000000000256e+01 -1.720707778977443314e-01 -2.133619566024869130e-06 -1.720686442781783065e-01
4.339000000000000057e+01 -2.109706245801872271e-01 -2.074068018831365379e-06 -2.109685505121683957e-01
4.339999999999999858e+01 -2.534793225416785423e-01 -2.015671047572720198e-06 -2.534773068706309695e-01
4.340999999999999659e+01 -2.984789599668029592e-01 -1.958449141359341894e-06 -2.984770015176615998e-01
4.342000000000000171e+01 -3.443487606118946776e-01 -1.902420265598170346e-06 -3.443468581916290794e-01
4.342999999999999972e+01 -3.892302374913019780e-01 -1.847599913173958441e-06 -3.892283898913888041e-01
4.343999999999999773e+01 -4.308935337549196776e-01 -1.794001159127756040e-06 -4.308917397537605498e-01
4.345000000000000284e+01 -4.670066128208879563e-01 -1.741634718388507252e-06 -4.670048711861695678e-01
4.346000000000000085e+01 -4.952022776304952911e-01 -1.690509006835316796e-06 -4.952005871214884558e-01
4.346999999999999886e+01 -5.133199223760365193e-01 -1.640630204469140097e-06 -5.133182817458320502e-01
4.347999999999999687e+01 -5.194818561435206039e-01 -1.592002321415542099e-06 -5.194802641411991884e-01
4.349000000000000199e+01 -5.123819922356709355e-01 -1.544627266425457890e-06 -5.123804476084045101e-01
4.350000000000000000e+01 -4.912846733257100751e-01 -1.498504916541687493e-06 -4.912831748207935334e-01
4.350999999999999801e+01 -4.562968027472399379e-01 -1.453633189207881315e-06 -4.562953491140507301e-01
4.352000000000000313e+01 -4.082534756084122418e-01 -1.410008115543259777e-06 -4.082520656002966986e-01
4.353000000000000114e+01 -3.489089473157271915e-01 -1.367623915227156317e-06 -3.489075796918119643e-01
4.353999999999999915e+01 -2.807110368928850685e-01 -1.326473071883160770e-06 -2.807097104198131854e-01
4.354999999999999716e+01 -2.068729321211082439e-01 -1.286546409878797093e-06 -2.068716455746983651e-01
4.356000000000000227e+01 -1.310410360715397182e-01 -1.247833171319490120e-06 -1.310397882383683987e-01
4.357000000000000028e+01 -5.712556288625308953e-02 -1.210321093562949368e-06 -5.712435256515952658e-02
4.357999999999999829e+01 1.080995202547074818e-02 -1.173996487068354466e-06 1.081112602195781654e-02
4.359000000000000341e+01 6.902522152517209797e-02 -1.138844312964515382e-06 6.902636036948506248e-02
4.360000000000000142e+01 1.141466301713472964e-01 -1.104848260644053504e-06 1.141477350196079404e-01
4.360999999999999943e+01 1.436762884793783002e-01 -1.071990824913493512e-06 1.436773604702032137e-01
4.361999999999999744e+01 1.558855204863440758e-01 -1.040253382489364498e-06 1.558865607397265651e-01
4.363000000000000256e+01 1.501906331502712577e-01 -1.009616268005109063e-06 1.501916427665392628e-01
4.364000000000000057e+01 1.271618785621457803e-01 -9.800588487984818187e-07 1.271628586209945788e-01
4.364999999999999858e+01 8.853059308574673381e-02 -9.515595990883252142e-07 8.853154464534582213e-02
4.365999999999999659e+01 3.706257462794504409e-02 -9.240961726109109264e-07 3.706349872411765500e-02
4.367000000000000171e+01 -2.356216687161677426e-02 -8.976454742327943936e-07 -2.356126922614254146e-02
4.367999999999999972e+01 -8.894908686774083417e-02 -8.721837300024182227e-07 -8.894821468401083175e-02
4.368999999999999773e+01 -1.542559650591754927e-01 -8.476865557827117925e-07 -1.542551173726197100e-01
4.370000000000000284e+01 -2.146426722788149499e-01 -8.241290241350895940e-07 -2.146418481497908148e-01
4.371000000000000085e+01 -2.654325686417794428e-01 -8.014857297289346150e-07 -2.654317671560497138e-01
4.371999999999999886e+01 -3.025912768809735365e-01 -7.797308527734969630e-07 -3.025904971501207630e-01
4.372999999999999687e+01 -3.229026180749999808e-01 -7.588382204826160660e-07 -3.229018592367794982e-01
4.374000000000000199e+01 -3.242525592156432213e-01 -7.387813670267640020e-07 -3.242518204342761945e-01
4.375000000000000000e+01 -3.058060979491854514e-01 -7.195335912091316288e-07 -3.058053784155942423e-01
4.375999999999999801e+01 -2.681190927842614924e-01 -7.010680121988244196e-07 -2.681183917162492936e-01
4.377000000000000313e+01 -2.130021298534053864e-01 -6.833576231268789769e-07 -2.130014464957822595e-01
4.378000000000000114e+01 -1.436015926975848789e-01 -6.663753428504115561e-07 -1.436009263222420285e-01
4.378999999999999915e+01 -6.395816290248457214e-02 -6.500940654963205390e-07 -6.395751280841907582e-02
4.379999999999999716e+01 2.103597862595640855e-02 -6.344867078504623503e-07 2.103661311266425901e-02
4.381000000000000227e+01 1.060809610644409817e-01 -6.195262547553648247e-07 1.060815805906957371e-01
4.382000000000000028e+01 1.859007608579054116e-01 -6.051858024158640603e-07 1.859013660437078275e-01
4.382999999999999829e+01 2.554382136873520892e-01 -5.914385995398063756e-07 2.554388051259516290e-01
4.384000000000000341e+01 3.104032995094672120e-01 -5.782580865254516311e-07 3.104038777675537375e-01
4.385000000000000142e+01 3.474175670309994635e-01 -5.656179325463916996e-07 3.474181326489320099e-01
4.385999999999999943e+01 3.643946427398017107e-01 -5.534920708427648606e-07 3.643951962318725535e-01
4.386999999999999744e+01 3.605938520212148557e-01 -5.418547314728350273e-07 3.605943938759463285e-01
4.388000000000000256e+01 3.367530585930678111e-01 -5.306804730098590994e-07 3.367535892735408209e-01
4.389000000000000057e+01 2.949768964904853075e-01 -5.199442116299302086e-07 2.949774164346969374e-01
4.389999999999999858e+01 2.386066200879959354e-01 -5.096212485067308506e-07 2.386071297092444421e-01
4.390999999999999659e+01 1.720078276344259027e-01 -4.996872959017739646e-07 1.720083273217218045e-01
4.392000000000000171e+01 1.002543198792695822e-01 -4.901185008954200839e-07 1.002548099977704776e-01
4.392999999999999972e+01 2.868733711380122564e-02 -4.808914677509323887e-07 2.868781800526897657e-02
4.393999999999999773e+01 -3.738562295562508631e-02 -4.719832787103417360e-07 -3.738515097234637596e-02
4.395000000000000284e+01 -9.314126390390531363e-02 -4.633715131180382585e-07 -9.314080053239219559e-02
4.396000000000000085e+01 -1.345001565578818337e-01 -4.550342650733174565e-07 -1.344997015236167603e-01
4.396999999999999886e+01 -1.585356230943517630e-01 -4.469501596326974635e-07 -1.585351761441921303e-01
4.397999999999999687e+01 -1.636219298575438685e-01 -4.390983678048687722e-07 -1.636214907591760637e-01
4.399000000000000199e+01 -1.495519515934022881e-01 -4.314586198872483180e-07 -1.495515201347824008e-01
4.400000000000000000e+01 -1.175145277157754187e-01 -4.240112179004773552e-07 -1.175141037045575182e-01
4.400999999999999801e+01 -7.012176964911853716e-02 -4.167370466351405511e-07 -7.012135291207190202e-02
4.402000000000000313e+01 -1.099659365431859825e-02 -4.096175836437732087e-07 -1.099618403673495448e-02
4.403000000000000114e+01 5.524925570371475025e-02 -4.026349080601954178e-07 5.524965833862281045e-02
4.403999999999999915e+01 1.236464595169841640e-01 -3.957717084890344239e-07 1.236468552886926531e-01
4.404999999999999716e+01 1.889784784620516245e-01 -3.890112899029851690e-07 1.889788674733415275e-01
4.406000000000000227e+01 2.464109003279140175e-01 -3.823375795408701094e-07 2.464112826654935584e-01
4.407000000000000028e+01 2.917007564283612409e-01 -3.757351320632373870e-07 2.917011321634933041e-01
4.407999999999999829e+01 3.215548673913622979e-01 -3.691891337087582770e-07 3.215552365804960067e-01
4.409000000000000341e+01 3.339183602751019109e-01 -3.626854058191852914e-07 3.339187229605077301e-01
4.410000000000000142e+01 3.280905696852184361e-01 -3.562104076149097409e-07 3.280909258956260510e-01
4.410999999999999943e+01 3.047915895144336362e-01 -3.497512380823408762e-07 3.047919392656717186e-01
4.411999999999999744e+01 2.660917745042260529e-01 -3.432956373061735178e-07 2.660921177998633591e-01
4.413000000000000256e+01 2.152724992954881955e-01 -3.368319871910330221e-07 2.152728361274753865e-01
4.414000000000000057e+01 1.564824663211885625e-01 -3.303493116002531593e-07 1.564827966705001627e-01
4.414999999999999858e+01 9.461181424554121477e-02 -3.238372755925977842e-07 9.461213808281680737e-02
4.415999999999999659e+01 3.467121909152370840e-02 -3.172861845063268404e-07 3.467153637770821473e-02
4.417000000000000171e+01 -1.834389419648863040e-02 -3.106869821967173095e-07 -1.834358350950643368e-02
4.417999999999999972e+01 -6.009999494874507242e-02 -3.040312488156171611e-07 -6.009969091749625680e-02
4.418999999999999773e+01 -8.698399446766014176e-02 -2.973111980775211549e-07 -8.698369715646206424e-02
4.420000000000000284e+01 -9.658782714709590600e-02 -2.905196739982907062e-07 -9.658753662742190771e-02
4.421000000000000085e+01 -8.777526131804658238e-02 -2.836501470926400259e-07 -8.777497766789948974e-02
4.421999999999999886e+01 -6.084418640061317607e-02 -2.766967100789607947e-07 -6.084390970390309711e-02
4.422999999999999687e+01 -1.735665233845207212e-02 -2.696540731123020507e-07 -1.735638268437895981e-02
4.424000000000000199e+01 3.972405611467777486e-02 -2.625175584344829893e-07 3.972431863223620935e-02
4.425000000000000000e+01 1.065920438410447035e-01 -2.552830945801165541e-07 1.065922991241392837e-01
4.425999999999999801e+01 1.785228990344329691e-01 -2.479472100691548775e-07 1.785231469816430383e-01
4.427000000000000313e+01 2.505960805581525230e-01 -2.405070264610564834e-07 2.505963210651789841e-01
4.428000000000000114e+01 3.177694893657563302e-01 -2.329602512007866721e-07 3.177697223260075310e-01
4.428999999999999915e+01 3.754091863017819941e-01 -2.253051695211283345e-07 3.754094116069515152e-01
4.429999999999999716e+01 4.195852902450312172e-01 -2.175406360049869647e-07 4.195855077856672222e-01
4.431000000000000227e+01 4.473661558300321417e-01 -2.096660658423843415e-07 4.473663654960979841e-01
4.432000000000000028e+01 4.570589835583854788e-01 -2.016814250604959113e-07 4.570591852398105392e-01
4.432999999999999829e+01 4.481730528739171771e-01 -1.935872204761324156e-07 4.481732464611376532e-01
4.434000000000000341e+01 4.216587881512904312e-01 -1.853844890931100053e-07 4.216589735357795243e-01
4.435000000000000142e+01 3.796178676963817278e-01 -1.770747870000199953e-07 3.796180447711687278e-01
4.435999999999999943e+01 3.252085676973212047e-01 -1.686601771022644414e-07 3.252087363574983070e-01
4.436999999999999744e+01 2.624404991417787492e-01 -1.601432172426697775e-07 2.624406592849959918e-01
4.438000000000000256e+01 1.957068499185129484e-01 -1.515269468510549444e-07 1.957070014454597995e-01
4.439000000000000057e+01 1.295421914863443824e-01 -1.428148733439993379e-07 1.295423343012177264e-01
4.439999999999999858e+01 6.832485492876194666e-02 -1.340109580943993350e-07 6.832498893972004106e-02
4.440999999999999659e+01 1.580483018401424022e-02 -1.251196014399880152e-07 1.580495530361568021e-02
4.442000000000000171e+01 -2.504990052226574448e-02 -1.161456273414407381e-07 -2.504978437663840304e-02
4.442999999999999972e+01 -5.236071475712100742e-02 -1.070942673569996728e-07 -5.236060766285365042e-02
4.443999999999999773e+01 -6.534152346604782391e-02 -9.797114400300621639e-08 -6.534142549490382090e-02
4.445000000000000284e+01 -6.443390294409989671e-02 -8.878225357666913453e-08 -6.443381416184632005e-02
4.446000000000000085e+01 -5.117630821643526229e-02 -7.953394837861837985e-08 -5.117622868248688367e-02
4.446999999999999886e+01 -2.810446438681168946e-02 -7.023291839075573861e-08 -2.810439415389329870e-02
4.447999999999999687e+01 1.602003182967493000e-03 -6.088617235475851652e-08 1.602064069139847759e-03
4.449000000000000199e+01 3.419767964821324169e-02 -5.150101838741205640e-08 3.419773114923162910e-02
4.450000000000000000e+01 6.590923306057788755e-02 -4.208504404690227574e-08 6.590927514562193446e-02
4.450999999999999801e+01 9.307810535782062855e-02 -3.264609592379397185e-08 9.307813800391655235e-02
4.452000000000000313e+01 1.126051065869346779e-01 -2.319225878011366149e-08 1.126051297791934580e-01
4.453000000000000114e+01 1.220990125373119517e-01 -1.373183421138346461e-08 1.220990262691461631e-01
4.453999999999999915e+01 1.201159673769938152e-01 -4.273319004211018068e-09 1.201159716503128194e-01
4.454999999999999716e+01 1.062958795499652498e-01 5.174617040415441238e-09 1.062958743753482094e-01
4.456000000000000227e+01 8.137057202668210310e-02 1.460315338097650795e-08 8.137055742352872212e-02
4.457000000000000028e+01 4.708210938520304700e-02 2.400334151581029474e-08 4.708208538186153119e-02
4.457999999999999829e+01 6.032171764652372037e-03 3.336612793784082820e-08 6.032138398524434196e-03
4.459000000000000341e+01 -3.847425598398240831e-02 4.268237723675794015e-08 -3.847429866635964507e-02
4.460000000000000142e+01 -8.275102759527380725e-02 5.194289545706887168e-08 -8.275107953816926432e-02
4.460999999999999943e+01 -1.230164639642970237e-01 6.113845353594715704e-08 -1.230165251027505596e-01
4.461999999999999744e+01 -1.556882696507759511e-01 7.025981077490861537e-08 -1.556883399105867261e-01
4.463000000000000256e+01 -1.776752187573332198e-01 7.929773840342768665e-08 -1.776752980550716232e-01
4.464000000000000057e+01 -1.866478569902399742e-01 8.824304301158214514e-08 -1.866479452332829858e-01
4.464999999999999858e+01 -1.812250977588101830e-01 9.708658996188113122e-08 -1.812251948454001449e-01
4.465999999999999659e+01 -1.609608576398589008e-01 1.058193267178264563e-07 -1.609609634591856187e-01
4.467000000000000171e+01 -1.266288227526471410e-01 1.144323057422624856e-07 -1.266289371849528833e-01
4.467999999999999972e+01 -7.990737228971700468e-02 1.229167074512371727e-07 -7.990749520642445591e-02
4.468999999999999773e+01 -2.346561345913783514e-02 1.312638625745876642e-07 -2.346574472300040973e-02
4.470000000000000284e+01 3.945859106988858223e-02 1.394652743777480275e-07 3.945845160461420448e-02
4.471000000000000085e+01 1.050277907332349825e-01 1.475126402972204431e-07 1.050276432205946853e-01
4.471999999999999886e+01 1.693735557656191881e-01 1.553978731805294444e-07 1.693734003677460076e-01
4.472999999999999687e+01 2.287418170314615695e-01 1.631131219814729860e-07 2.287416539183395880e-01
4.474000000000000199e+01 2.796392526437975201e-01 1.706507918308730609e-07 2.796390819930056892e-01
4.475000000000000000e+01 3.193980423227051890e-01 1.780035635556842522e-07 3.193978643191416333e-01
4.475999999999999801e+01 3.460202949471351541e-01 1.851644123584961221e-07 3.460201097827227956e-01
4.477000000000000313e+01 3.585504196637656626e-01 1.921266257753906359e-07 3.585502275371398873e-01
4.478000000000000114e+01 3.569456589878041708e-01 1.988838211341992235e-07 3.569454601039830366e-01
4.478999999999999915e+01 3.421599376183412922e-01 2.054299617082477880e-07 3.421597321883795839e-01
4.479999999999999716e+01 3.159461081934413773e-01 2.117593722594790506e-07 3.159458964340691178e-01
4.481000000000000227e+01 2.808056004327668109e-01 2.178667535823741730e-07 2.808053825660132286e-01
4.482000000000000028e+01 2.395994085982322552e-01 2.237471962984738383e-07 2.395991848510359568e-01
4.482999999999999829e+01 1.955302890511751990e-01 2.293961930133203708e-07 1.955300596549821857e-01
4.484000000000000341e+01 1.516859891475619282e-01 2.348096502791108264e-07 1.516857543379116491e-01
4.485000000000000142e+01 1.110332938465703467e-01 2.399838988087488190e-07 1.110330538626715380e-01
4.485999999999999943e+01 7.587265884889160539e-02 2.449157028711068662e-07 7.587241393318873428e-02
4.486999999999999744e+01 4.802319895229367752e-02 2.496022685413712416e-07 4.802294935002513615e-02
4.488000000000000256e+01 2.854781626489999447e-02 2.540412507960609911e-07 2.854756222364919840e-02
4.489000000000000057e+01 1.766828230504735586e-02 2.582307593416988123e-07 1.766802407428801416e-02
4.489999999999999858e+01 1.499012718092029850e-02 2.621693633662186551e-07 1.498986501155693228e-02
4.490999999999999659e+01 1.932723367999389374e-02 2.658560950344335261e-07 1.932696782389885931e-02
4.492000000000000171e+01 2.904607967683103809e-02 2.692904517986871582e-07 2.904581038637923940e-02
4.492999999999999972e+01 4.210961445543381920e-02 2.724723974709131191e-07 4.210934198303634829e-02
4.493999999999999773e+01 5.635078959948880417e-02 2.754023621168166791e-07 5.635051419712668735e-02
4.495000000000000284e+01 6.965579021101309110e-02 2.780812407010557763e-07 6.965551212977239004e-02
4.496000000000000085e+01 8.011702570701317860e-02 2.805103905684225296e-07 8.011674519662261018e-02
4.496999999999999886e+01 8.617594091386893140e-02 2.826916276760238489e-07 8.617565822224125538e-02
4.497999999999999687e+01 8.677569848732091806e-02 2.846272217083001266e-07 8.677541386009920976e-02
4.499000000000000199e+01 8.145376481784150080e-02 2.863198900193708596e-07 8.145347849795148143e-02
4.500000000000000000e+01 7.028440641626398921e-02 2.877727903333182624e-07 7.028411864347365590e-02
