# r (A) 	 dmag data 	 dmag fit
5.000000000000071054e-02 2.488252996699131525e-01 2.659776722415062022e-01
6.000000000000227374e-02 2.982255442872350781e-01 3.186505217871666296e-01
7.000000000000028422e-02 3.474273477954626932e-01 3.710891091386331331e-01
8.000000000000184741e-02 3.963980934018472846e-01 4.232560398608237184e-01
8.999999999999985789e-02 4.451053742199877483e-01 4.751136596952467706e-01
1.000000000000014211e-01 4.935170226223292711e-01 5.266251001384720798e-01
1.099999999999994316e-01 5.416011393405018026e-01 5.777534607126819655e-01
1.200000000000009948e-01 5.893261222829071500e-01 6.284623179985107111e-01
1.299999999999990052e-01 6.366606950392827979e-01 6.787159465466992003e-01
1.400000000000005684e-01 6.835739350423366556e-01 7.284785983094750339e-01
1.500000000000021316e-01 7.300353013569372829e-01 7.777154186860583129e-01
1.600000000000001421e-01 7.760146620677712548e-01 8.263917532005913280e-01
1.700000000000017053e-01 8.214823212368402849e-01 8.744735681776460989e-01
1.799999999999997158e-01 8.664090454026656118e-01 9.219276503896095543e-01
1.900000000000012790e-01 9.107660895935922873e-01 9.687210069336826823e-01
1.999999999999992895e-01 9.545252228281375650e-01 1.014821616259967474e+00
2.100000000000008527e-01 9.976587530759271072e-01 1.060197887612823742e+00
2.199999999999988631e-01 1.040139551653366468e+00 1.104818975577087414e+00
2.300000000000004263e-01 1.081941077028852671e+00 1.148654952164749554e+00
2.400000000000019895e-01 1.123037398013001731e+00 1.191676351113653443e+00
2.500000000000000000e-01 1.163403216310072485e+00 1.233854724184126228e+00
2.600000000000015632e-01 1.203013888407497012e+00 1.275162276325368493e+00
2.699999999999995737e-01 1.241845446781181472e+00 1.315572060051481307e+00
2.800000000000011369e-01 1.279874620395031970e+00 1.355058114659813073e+00
2.899999999999991473e-01 1.317078854473950233e+00 1.393595173706842383e+00
3.000000000000007105e-01 1.353436329530383286e+00 1.431159003864923562e+00
3.100000000000022737e-01 1.388925979625361462e+00 1.467726232374622519e+00
3.200000000000002842e-01 1.423527509845829098e+00 1.503274411575884928e+00
3.300000000000018474e-01 1.457221412980952202e+00 1.537782121121941348e+00
3.399999999999998579e-01 1.489988985381029307e+00 1.571228851356483824e+00
3.500000000000014211e-01 1.521812341983517891e+00 1.603595110010372471e+00
3.599999999999994316e-01 1.552674430491674640e+00 1.634862451328993105e+00
3.700000000000009948e-01 1.582559044692239736e+00 1.665013405928293055e+00
3.799999999999990052e-01 1.611450836899585015e+00 1.694031543175024357e+00
3.900000000000005684e-01 1.639335329514734818e+00 1.721901536571664115e+00
4.000000000000021316e-01 1.666198925688657351e+00 1.748609032254873297e+00
4.100000000000001421e-01 1.692028919080254656e+00 1.774140881501598432e+00
4.200000000000017053e-01 1.716813502700481164e+00 1.798484936226801389e+00
4.299999999999997158e-01 1.740541776835069276e+00 1.821630070099282239e+00
4.400000000000012790e-01 1.763203756039357639e+00 1.843566425079918414e+00
4.499999999999992895e-01 1.784790375199784451e+00 1.864285044733964503e+00
4.600000000000008527e-01 1.805293494657631115e+00 1.883778303915673913e+00
4.699999999999988631e-01 1.824705904391672906e+00 1.902039575479280042e+00
4.800000000000004263e-01 1.843021327257439612e+00 1.919063210134541730e+00
4.900000000000019895e-01 1.860234421281834027e+00 1.934844956247485870e+00
5.000000000000000000e-01 1.876340781012931336e+00 1.949381370055706553e+00
5.100000000000015632e-01 1.891336937925816253e+00 1.962670428510473242e+00
5.199999999999995737e-01 1.905220359886371284e+00 1.974711077931210257e+00
5.300000000000011369e-01 1.917989449675982838e+00 1.985503174026890250e+00
5.399999999999991473e-01 1.929643542581159554e+00 1.995048060228127973e+00
5.500000000000007105e-01 1.940182903053095931e+00 2.003347775646843854e+00
5.600000000000022737e-01 1.949608720443252174e+00 2.010405829625050433e+00
5.700000000000002842e-01 1.957923103822017952e+00 2.016226647922650717e+00
5.800000000000018474e-01 1.965129075888554011e+00 2.020815475687899543e+00
5.899999999999998579e-01 1.971230565980886640e+00 2.024179093214501624e+00
6.000000000000014211e-01 1.976232402196331561e+00 2.026324850569970248e+00
6.099999999999994316e-01 1.980140302633270455e+00 2.027261575662246074e+00
6.200000000000009948e-01 1.982960865766277170e+00 2.026998937911978160e+00
6.299999999999990052e-01 1.984701559967527063e+00 2.025547318198909430e+00
6.400000000000005684e-01 1.985370712188335940e+00 2.022918635284518096e+00
6.500000000000021316e-01 1.984977495815585913e+00 2.019125243122520175e+00
6.600000000000001421e-01 1.983531917718685422e+00 2.014180938485944150e+00
6.700000000000017053e-01 1.981044804503563350e+00 2.008100265755917935e+00
6.799999999999997158e-01 1.977527787991056440e+00 2.000898358956598511e+00
6.900000000000012790e-01 1.972993289937851946e+00 1.992591847385567050e+00
6.999999999999992895e-01 1.967454506018970761e+00 1.983197657423199090e+00
7.100000000000008527e-01 1.960925389091524584e+00 1.972734081210950619e+00
7.199999999999988631e-01 1.953420631760254045e+00 1.961220049026997980e+00
7.300000000000004263e-01 1.944955648266064152e+00 1.948674949413338187e+00
7.400000000000019895e-01 1.935546555719480200e+00 1.935119579012195556e+00
7.500000000000000000e-01 1.925210154701608722e+00 1.920574894960043855e+00
7.600000000000015632e-01 1.913963909255843809e+00 1.905063102978622247e+00
7.699999999999995737e-01 1.901825926294163249e+00 1.888606925670607950e+00
7.800000000000011369e-01 1.888814934442445637e+00 1.871229407407980494e+00
7.899999999999991473e-01 1.874950262349798003e+00 1.852954871142683979e+00
8.000000000000007105e-01 1.860251816487402898e+00 1.833807670012139512e+00
8.100000000000022737e-01 1.844740058462892796e+00 1.813813251651844816e+00
8.200000000000002842e-01 1.828435981876717076e+00 1.792997451534919184e+00
8.300000000000018474e-01 1.811361088747392767e+00 1.771386289707992168e+00
8.399999999999998579e-01 1.793537365532937855e+00 1.749006896538428002e+00
8.500000000000014211e-01 1.774987258776136612e+00 1.725886312842878523e+00
8.599999999999994316e-01 1.755733650401627877e+00 1.702052487349788645e+00
8.700000000000009948e-01 1.735799832693097899e+00 1.677533623865244516e+00
8.799999999999990052e-01 1.715209482979119349e+00 1.652357977100890274e+00
8.900000000000005684e-01 1.693986638056419247e+00 1.626554709995265080e+00
9.000000000000021316e-01 1.672155668379535332e+00 1.600152790443390982e+00
9.100000000000001421e-01 1.649741252045997086e+00 1.573181880663230503e+00
9.200000000000017053e-01 1.626768348606280057e+00 1.545671765481693383e+00
9.299999999999997158e-01 1.603262172727880186e+00 1.517652154394153463e+00
9.400000000000012790e-01 1.579248167742907327e+00 1.489153435255558433e+00
9.499999999999992895e-01 1.554751979108620175e+00 1.460205712549778934e+00
9.600000000000008527e-01 1.529799427810313972e+00 1.430839550913158398e+00
9.700000000000024158e-01 1.504416483735913523e+00 1.401085509227560921e+00
9.800000000000004263e-01 1.478629239051557409e+00 1.370973955689737789e+00
9.900000000000019895e-01 1.452463881607335416e+00 1.340535686251738356e+00
1.000000000000000000e+00 1.425946668402183759e+00 1.309801144411589124e+00
1.010000000000001563e+00 1.399103899136780793e+00 1.278800986219732705e+00
1.019999999999999574e+00 1.371961889883037022e+00 1.247565741213469082e+00
1.030000000000001137e+00 1.344546946898558915e+00 1.216125646674013128e+00
1.039999999999999147e+00 1.316885340614155853e+00 1.184511104091765743e+00
1.050000000000000711e+00 1.289003279822154679e+00 1.152752113842971271e+00
1.060000000000002274e+00 1.260926886092949450e+00 1.120878635489205299e+00
1.070000000000000284e+00 1.232682168446818771e+00 1.088920392005653603e+00
1.080000000000001847e+00 1.204294998307651410e+00 1.056906728588333788e+00
1.089999999999999858e+00 1.175791084764776562e+00 1.024866886461976101e+00
1.100000000000001421e+00 1.147195950168622414e+00 9.928296777570253528e-01
1.109999999999999432e+00 1.118534906085446812e+00 9.608236225865791624e-01
1.120000000000000995e+00 1.089833029635841610e+00 9.288769076652424461e-01
1.129999999999999005e+00 1.061115140241177146e+00 8.970172740310795589e-01
1.140000000000000568e+00 1.032405776801564645e+00 8.652720944881210352e-01
1.150000000000002132e+00 1.003729175328318846e+00 8.336683048010306019e-01
1.160000000000000142e+00 9.751092470532689571e-01 8.022323076241291151e-01
1.170000000000001705e+00 9.465695570366204903e-01 7.709900906681549371e-01
1.179999999999999716e+00 9.181333032943915784e-01 7.399671465606323384e-01
1.190000000000001279e+00 8.898232964657473154e-01 7.091883478657019513e-01
1.199999999999999289e+00 8.616619400398422002e-01 6.786781407070932026e-01
1.210000000000000853e+00 8.336712111610402598e-01 6.484602148144785749e-01
1.220000000000002416e+00 8.058726420306173699e-01 6.185577800901671530e-01
1.230000000000000426e+00 7.782873019222876776e-01 5.889935205911980276e-01
1.240000000000001990e+00 7.509357798280792418e-01 5.597892691106437502e-01
1.250000000000000000e+00 7.238381677502979672e-01 5.309664588981791722e-01
1.260000000000001563e+00 6.970140446544716983e-01 5.025455685323907407e-01
1.269999999999999574e+00 6.704824610973397769e-01 4.745465493071788221e-01
1.280000000000001137e+00 6.442619245430891706e-01 4.469888140260550591e-01
1.289999999999999147e+00 6.183703853801800765e-01 4.198907212534837563e-01
1.300000000000000711e+00 5.928252236502234984e-01 3.932702703264661648e-01
1.310000000000002274e+00 5.676432364994846713e-01 3.671443390919448269e-01
1.320000000000000284e+00 5.428406263626923689e-01 3.415292482234750793e-01
1.330000000000001847e+00 5.184329898879318499e-01 3.164407842213557975e-01
1.339999999999999858e+00 4.944353076104868183e-01 2.918935113328542386e-01
1.350000000000001421e+00 4.708619343825795611e-01 2.679016849477988127e-01
1.359999999999999432e+00 4.477265905650427147e-01 2.444783090869441788e-01
1.370000000000000995e+00 4.250423539860296862e-01 2.216358178259778544e-01
1.379999999999999005e+00 4.028216526709463285e-01 1.993861306422412827e-01
1.390000000000000568e+00 3.810762583468639830e-01 1.777398173439597440e-01
1.400000000000002132e+00 3.598172807237429160e-01 1.567071956220403572e-01
1.410000000000000142e+00 3.390551625538777425e-01 1.362972431768351422e-01
1.420000000000001705e+00 3.187996754700493929e-01 1.165183711139523293e-01
1.429999999999999716e+00 2.990599166019581312e-01 9.737850861518405898e-02
1.440000000000001279e+00 2.798443059695854829e-01 7.888415270874842011e-02
1.449999999999999289e+00 2.611605846512458085e-01 6.104160759132873371e-02
1.460000000000000853e+00 2.430158137231687165e-01 4.385579309902440381e-02
1.470000000000002416e+00 2.254163739665739352e-01 2.733108047595963347e-02
1.480000000000000426e+00 2.083679663373168844e-01 1.147140231553111026e-02
1.490000000000001990e+00 1.918756131923017305e-01 -3.720775627982857506e-03
1.500000000000000000e+00 1.759436602660101323e-01 -1.824312238215919021e-02
1.510000000000001563e+00 1.605757793896339936e-01 -3.209468990111030706e-02
1.519999999999999574e+00 1.457749719444708103e-01 -4.527504793572766084e-02
1.530000000000001137e+00 1.315435730404197756e-01 -5.778415373943907724e-02
1.539999999999999147e+00 1.178832564096012891e-01 -6.962341700663654542e-02
1.550000000000000711e+00 1.047950400043485275e-01 -8.079432895928667646e-02
1.560000000000002274e+00 9.227929228802708717e-02 -9.129971646783914541e-02
1.570000000000000284e+00 8.033573920640083021e-02 -1.011428827668584690e-01
1.580000000000001847e+00 6.896347182651287044e-02 -1.103274623907209567e-01
1.589999999999999858e+00 5.816095462934264826e-02 -1.188584791947623898e-01
1.600000000000001421e+00 4.792603444179691780e-02 -1.267409932711425768e-01
1.609999999999999432e+00 3.825594999292215165e-02 -1.339813087328873831e-01
1.620000000000000995e+00 2.914734207856774229e-02 -1.405861563342225562e-01
1.629999999999999005e+00 2.059626431810235997e-02 -1.465625396649456180e-01
1.640000000000000568e+00 1.259819448617829213e-02 -1.519187418113841503e-01
1.650000000000002132e+00 5.148046401950867428e-03 -1.566630473960510250e-01
1.660000000000000142e+00 -1.759817642395227182e-03 -1.608048520844600204e-01
1.670000000000001705e+00 -8.131573932491821186e-03 -1.643539226040811319e-01
1.679999999999999716e+00 -1.397392388120370123e-02 -1.673202404385976116e-01
1.690000000000001279e+00 -1.929408009627823703e-02 -1.697149136650664969e-01
1.699999999999999289e+00 -2.409975198636702884e-02 -1.715490297457391011e-01
1.710000000000000853e+00 -2.839913092596486194e-02 -1.728346172811465742e-01
1.720000000000002416e+00 -3.220087500022959792e-02 -1.735840169149102663e-01
1.730000000000000426e+00 -3.551409335100729620e-02 -1.738097287436452254e-01
1.740000000000001990e+00 -3.834833014573714449e-02 -1.735251886063323146e-01
1.750000000000000000e+00 -4.071354819122244284e-02 -1.727438033232787662e-01
1.760000000000001563e+00 -4.262011221454688886e-02 -1.714797197387317174e-01
1.769999999999999574e+00 -4.407877183366078894e-02 -1.697473365829534619e-01
1.780000000000001137e+00 -4.510064424040902131e-02 -1.675611615544808919e-01
1.789999999999999147e+00 -4.569719661895092766e-02 -1.649364157752862270e-01
1.800000000000000711e+00 -4.588022832270801515e-02 -1.618882970670464938e-01
1.810000000000002274e+00 -4.566185283310716936e-02 -1.584325177862823120e-01
1.820000000000000284e+00 -4.505447952350042501e-02 -1.545849829780936990e-01
1.830000000000001847e+00 -4.407079525172016843e-02 -1.503616626078362606e-01
1.839999999999999858e+00 -4.272374580478511402e-02 -1.457789939016130021e-01
1.850000000000001421e+00 -4.102651721928856493e-02 -1.408534101560287577e-01
1.859999999999999432e+00 -3.899251700099704010e-02 -1.356016170740581284e-01
1.870000000000000995e+00 -3.663535526714936652e-02 -1.300404566287307606e-01
1.879999999999999005e+00 -3.396882583487779994e-02 -1.241867992421110262e-01
1.890000000000000568e+00 -3.100688727908379808e-02 -1.180577211116436154e-01
1.900000000000002132e+00 -2.776364398297408512e-02 -1.116703262301921434e-01
1.910000000000000142e+00 -2.425332720431040007e-02 -1.050417406136320148e-01
1.920000000000001705e+00 -2.049027618025224193e-02 -9.818917439001206837e-02
1.929999999999999716e+00 -1.648891929345988258e-02 -9.112983787332312735e-02
1.940000000000001279e+00 -1.226375532189460417e-02 -8.388087948087266654e-02
1.949999999999999289e+00 -7.829334794490497990e-03 -7.645951743290935188e-02
1.960000000000000853e+00 -3.200241474588623111e-03 -6.888274209017307415e-02
1.970000000000002416e+00 1.608926007292501778e-03 -6.116758113181532119e-02
1.980000000000000426e+00 6.583572350108408619e-03 -5.333104248410856091e-02
1.990000000000001990e+00 1.170912358748810167e-02 -4.538980776106484732e-02
2.000000000000000000e+00 1.697104488098746464e-02 -3.736067791713931774e-02
2.009999999999998010e+00 2.235485808131950844e-02 -2.925998549727319709e-02
2.020000000000003126e+00 2.784615903790701660e-02 -2.110405963915463340e-02
2.030000000000001137e+00 3.343063463757055959e-02 -1.290919773163598863e-02
2.039999999999999147e+00 3.909407955362484421e-02 -4.691119119421459371e-03
2.049999999999997158e+00 4.482241268716996574e-02 3.534283752923611521e-03
2.060000000000002274e+00 5.060169328286446416e-02 1.175180946345753125e-02
2.070000000000000284e+00 5.641813670201411418e-02 1.994629435189760464e-02
2.079999999999998295e+00 6.225812983636182241e-02 2.810261139797916655e-02
2.090000000000003411e+00 6.810824614652946640e-02 3.620644159056413819e-02
2.100000000000001421e+00 7.395526030966159681e-02 4.424323854663868294e-02
2.109999999999999432e+00 7.978616246141284618e-02 5.219934350582287885e-02
2.119999999999997442e+00 8.558817201805425656e-02 6.006116353196076785e-02
2.130000000000002558e+00 9.134875106509052212e-02 6.781514134825812612e-02
2.140000000000000568e+00 9.705561729944686689e-02 7.544872746743430669e-02
2.149999999999998579e+00 1.026967565129206367e-01 8.294909417973336807e-02
2.160000000000003695e+00 1.082604346052865596e-01 9.030446472517994483e-02
2.170000000000001705e+00 1.137352091161051987e-01 9.750315036428706950e-02
2.179999999999999716e+00 1.191099402649924699e-01 1.045334927123311719e-01
2.189999999999997726e+00 1.243738014907911915e-01 1.113850033216873259e-01
2.200000000000002842e+00 1.295162894808079279e-01 1.180468720599478216e-01
2.210000000000000853e+00 1.345272336819799408e-01 1.245094636213148614e-01
2.219999999999998863e+00 1.393968052865666163e-01 1.307632477693380646e-01
2.230000000000003979e+00 1.441155256856749833e-01 1.367987167622177758e-01
2.240000000000001990e+00 1.486742743846675152e-01 1.426076511071467379e-01
2.250000000000000000e+00 1.530642963752211760e-01 1.481814773531987817e-01
2.259999999999998010e+00 1.572772089595494693e-01 1.535128764410696456e-01
2.270000000000003126e+00 1.613050080230261363e-01 1.585946472284731623e-01
2.280000000000001137e+00 1.651400737521899476e-01 1.634196025365629856e-01
2.289999999999999147e+00 1.687751757958350640e-01 1.679819131915847585e-01
2.299999999999997158e+00 1.722034778676362898e-01 1.722753784140010902e-01
2.310000000000002274e+00 1.754185417894682797e-01 1.762950837167404639e-01
2.320000000000000284e+00 1.784143309753241369e-01 1.800362422734084200e-01
2.329999999999998295e+00 1.811852133564414158e-01 1.834940739091857620e-01
2.340000000000003411e+00 1.837259637489691289e-01 1.866651746079856233e-01
2.350000000000001421e+00 1.860317656662131280e-01 1.895457686104944084e-01
2.359999999999999432e+00 1.880982125781985870e-01 1.921333489885828083e-01
2.369999999999997442e+00 1.899213086219839197e-01 1.944255442799557032e-01
2.380000000000002558e+00 1.914974687668392350e-01 1.964199853673984641e-01
2.390000000000000568e+00 1.928235184390813539e-01 1.981156446066412724e-01
2.399999999999998579e+00 1.938966926120164469e-01 1.995111421452969436e-01
2.410000000000003695e+00 1.947146343670969060e-01 2.006063001866669748e-01
2.420000000000001705e+00 1.952753929330313665e-01 2.014010834153968088e-01
2.429999999999999716e+00 1.955774212102236453e-01 2.018954591357376704e-01
2.439999999999997726e+00 1.956195727885165492e-01 2.020906492487922756e-01
2.450000000000002842e+00 1.954010984668238804e-01 2.019875639510781695e-01
2.460000000000000853e+00 1.949216422838116192e-01 2.015882012323972905e-01
2.469999999999998863e+00 1.941812370693548062e-01 2.008947088387893487e-01
2.480000000000003979e+00 1.931802995270535117e-01 1.999092432601146385e-01
2.490000000000001990e+00 1.919196248586122477e-01 1.986350790647216646e-01
2.500000000000000000e+00 1.904003809414164528e-01 1.970752409061653776e-01
2.509999999999998010e+00 1.886241020711220129e-01 1.952336830620192698e-01
2.520000000000003126e+00 1.865926822815644204e-01 1.931145179723071093e-01
2.530000000000001137e+00 1.843083682547410895e-01 1.907218796736132593e-01
2.539999999999999147e+00 1.817737518340684366e-01 1.880608385150361606e-01
2.549999999999997158e+00 1.789917621545236426e-01 1.851362972736425028e-01
2.560000000000002274e+00 1.759656574036899956e-01 1.819538915200119567e-01
2.570000000000000284e+00 1.726990162280866714e-01 1.785194251519242048e-01
2.579999999999998295e+00 1.691957287995302095e-01 1.748387436688759455e-01
2.590000000000003411e+00 1.654599875566025169e-01 1.709184079938108058e-01
2.600000000000001421e+00 1.614962776366064001e-01 1.667649125585655978e-01
2.609999999999999432e+00 1.573093670136877509e-01 1.623852558620225428e-01
2.619999999999997442e+00 1.529042963590542259e-01 1.577866169815979047e-01
2.630000000000002558e+00 1.482863686394802483e-01 1.529762436786620272e-01
2.640000000000000568e+00 1.434611384704859716e-01 1.479618468018692734e-01
2.649999999999998579e+00 1.384344012407949520e-01 1.427511876465656915e-01
2.660000000000003695e+00 1.332121820248273469e-01 1.373522790367340263e-01
2.670000000000001705e+00 1.278007243001527959e-01 1.317733287031943590e-01
2.679999999999999716e+00 1.222064784869351939e-01 1.260226466244058485e-01
2.689999999999997726e+00 1.164360903265172914e-01 1.201087310752720766e-01
2.700000000000002842e+00 1.104963891163600331e-01 1.140402596857051504e-01
2.710000000000000853e+00 1.043943758186167831e-01 1.078258944164423583e-01
2.719999999999998863e+00 9.813721105963878200e-02 1.014745081726662335e-01
2.730000000000003979e+00 9.173220303773625683e-02 9.499511503995054784e-02
2.740000000000001990e+00 8.518679535647967482e-02 8.839663017890095342e-02
2.750000000000000000e+00 7.850855480081414539e-02 8.168828419940993291e-02
2.759999999999998010e+00 7.170515907316769855e-02 7.487902011395149160e-02
2.770000000000003126e+00 6.478438450668537463e-02 6.797800889975588734e-02
2.780000000000001137e+00 5.775409377257688381e-02 6.099460541562864990e-02
2.789999999999999147e+00 5.062222359847346614e-02 5.393777667359772598e-02
2.799999999999997158e+00 4.339677251450529266e-02 4.681694288202720156e-02
2.810000000000002274e+00 3.608578864367318478e-02 3.964097037361556664e-02
2.820000000000000284e+00 2.869735755285750256e-02 3.241897038246378815e-02
2.829999999999998295e+00 2.123959018063363569e-02 2.516028245774474398e-02
2.840000000000003411e+00 1.372061085779532549e-02 1.787357875962762577e-02
2.850000000000001421e+00 6.148545436253333857e-03 1.056811795045756522e-02
2.859999999999999432e+00 -1.468490458299589498e-03 3.252354672974574774e-03
2.869999999999997442e+00 -9.122403034867856281e-03 -4.064996043062218262e-03
2.880000000000002558e+00 -1.680513179198003457e-02 -1.137494708323801354e-02
2.890000000000000568e+00 -2.450866080441587574e-02 -1.866943783034554979e-02
2.899999999999998579e+00 -3.222502982771040941e-02 -2.593969873527195505e-02
2.910000000000003695e+00 -3.994634520669449601e-02 -3.317798804889159764e-02
2.920000000000001705e+00 -4.766479057468946123e-02 -4.037629121162852885e-02
2.929999999999999716e+00 -5.537263733038764318e-02 -4.752628113468284482e-02
2.939999999999997726e+00 -6.306225487983822819e-02 -5.462078525389187783e-02
2.950000000000002842e+00 -7.072612063140255867e-02 -6.165181705091846848e-02
2.960000000000000853e+00 -7.835682973195765011e-02 -6.861260560863707836e-02
2.969999999999998863e+00 -8.594710453309623022e-02 -7.549609961970475680e-02
2.980000000000003979e+00 -9.348980377651529283e-02 -8.229490094232014274e-02
2.990000000000001990e+00 -1.009779314882755102e-01 -8.900295304312372258e-02
3.000000000000000000e+00 -1.084046455720779623e-01 -9.561330418737853942e-02
3.009999999999998010e+00 -1.157632660922204570e-01 -1.021203614077670074e-01
3.020000000000003126e+00 -1.230472832373772779e-01 -1.085182504755578675e-01
3.030000000000001137e+00 -1.302503649568766964e-01 -1.148007250055397277e-01
3.039999999999999147e+00 -1.373663642616546054e-01 -1.209630176396537526e-01
3.049999999999997158e+00 -1.443893261826020291e-01 -1.269994142837745643e-01
3.060000000000002274e+00 -1.513134943795454435e-01 -1.329056507681660171e-01
3.070000000000000284e+00 -1.581333173946492254e-01 -1.386771893506027198e-01
3.079999999999998295e+00 -1.648434545445595922e-01 -1.443091065361453429e-01
3.090000000000003411e+00 -1.714387814461699466e-01 -1.497980383570319263e-01
3.100000000000001421e+00 -1.779143951714275418e-01 -1.551396575320472815e-01
3.109999999999999432e+00 -1.842656190271548811e-01 -1.603311200459461849e-01
3.119999999999997442e+00 -1.904880069564266476e-01 -1.653693262956564547e-01
3.130000000000002558e+00 -1.965773475585745333e-01 -1.702507915634231261e-01
3.140000000000000568e+00 -2.025296677254754818e-01 -1.749736087382918748e-01
3.149999999999998579e+00 -2.083412358923046881e-01 -1.795349300796268421e-01
3.160000000000003695e+00 -2.140085649015192049e-01 -1.839333626415746159e-01
3.170000000000001705e+00 -2.195284144793561432e-01 -1.881672876865694843e-01
3.179999999999999716e+00 -2.248977933247089389e-01 -1.922347183798133186e-01
3.189999999999997726e+00 -2.301139608107647949e-01 -1.961351976340020009e-01
3.200000000000002842e+00 -2.351744283003447122e-01 -1.998673928159152569e-01
3.210000000000000853e+00 -2.400769600764091349e-01 -2.034313338006389638e-01
3.219999999999998863e+00 -2.448195738897332718e-01 -2.068268674742175239e-01
3.230000000000003979e+00 -2.494005411262691096e-01 -2.100535076839428195e-01
3.240000000000001990e+00 -2.538183865972351572e-01 -2.131121828609982283e-01
3.250000000000000000e+00 -2.580718879554767531e-01 -2.160030551577502289e-01
3.259999999999998010e+00 -2.621600747421433675e-01 -2.187274932496597879e-01
3.270000000000003126e+00 -2.660822270682159374e-01 -2.212867394140300981e-01
3.280000000000001137e+00 -2.698378739359040268e-01 -2.236817570609787587e-01
3.289999999999999147e+00 -2.734267912053939265e-01 -2.259147426063711217e-01
3.299999999999997158e+00 -2.768489992128983501e-01 -2.279872799170740427e-01
3.310000000000002274e+00 -2.801047600463961174e-01 -2.299019419917269214e-01
3.320000000000000284e+00 -2.831945744858954117e-01 -2.316612460976049115e-01
3.329999999999998295e+00 -2.861191786154707595e-01 -2.332675043149199934e-01
3.340000000000003411e+00 -2.888795401147370989e-01 -2.347240169112486119e-01
3.350000000000001421e+00 -2.914768542378188831e-01 -2.360336684737417978e-01
3.359999999999999432e+00 -2.939125394882603493e-01 -2.372000583791499806e-01
3.369999999999997442e+00 -2.961882329986804119e-01 -2.382268147452077933e-01
3.380000000000002558e+00 -2.983057856243415129e-01 -2.391174533462464558e-01
3.390000000000000568e+00 -3.002672567601312736e-01 -2.398761754988024131e-01
3.399999999999998579e+00 -3.020749088907785929e-01 -2.405070038741674021e-01
3.410000000000003695e+00 -3.037312018844368633e-01 -2.410143511733375821e-01
3.420000000000001705e+00 -3.052387870400531944e-01 -2.414027562435687169e-01
3.429999999999999716e+00 -3.066005008992151448e-01 -2.416767564729525308e-01
3.439999999999997726e+00 -3.078193588334246500e-01 -2.418412218526419522e-01
3.450000000000002842e+00 -3.088985484179894714e-01 -2.419011163232599737e-01
3.460000000000000853e+00 -3.098414226039397090e-01 -2.418614271337700683e-01
3.469999999999998863e+00 -3.106514926995864734e-01 -2.417273765212528680e-01
3.480000000000003979e+00 -3.113324211735184477e-01 -2.415043122789281571e-01
3.490000000000001990e+00 -3.118880142910139264e-01 -2.411975210303883288e-01
3.500000000000000000e+00 -3.123222145959790308e-01 -2.408126853339107587e-01
3.509999999999998010e+00 -3.126390932506710185e-01 -2.403551125316722437e-01
3.520000000000003126e+00 -3.128428422455689084e-01 -2.398304631156248090e-01
3.530000000000001137e+00 -3.129377664918542856e-01 -2.392446636056792530e-01
3.539999999999999147e+00 -3.129282758090433658e-01 -2.386031558756252224e-01
3.549999999999997158e+00 -3.128188768203663539e-01 -2.379121015107069359e-01
3.560000000000002274e+00 -3.126141647685369285e-01 -2.371768681318536243e-01
3.570000000000000284e+00 -3.123188152645715032e-01 -2.364033012830059621e-01
3.579999999999998295e+00 -3.119375759823297956e-01 -2.355976630767167568e-01
3.590000000000003411e+00 -3.114752583114260842e-01 -2.347652902805202890e-01
3.600000000000001421e+00 -3.109367289811383883e-01 -2.339125761012665061e-01
3.609999999999999432e+00 -3.103269016678882330e-01 -2.330446934762130662e-01
3.619999999999997442e+00 -3.096507285987996072e-01 -2.321674214056278496e-01
3.630000000000002558e+00 -3.089131921637608968e-01 -2.312871120483588894e-01
3.640000000000000568e+00 -3.081192965483147139e-01 -2.304087477624437164e-01
3.649999999999998579e+00 -3.072740593995808012e-01 -2.295387071820977898e-01
3.660000000000003695e+00 -3.063825035372840233e-01 -2.286817281878801011e-01
3.670000000000001705e+00 -3.054496487218100742e-01 -2.278432825283575880e-01
3.679999999999999716e+00 -3.044805034910424424e-01 -2.270295732071697103e-01
3.689999999999997726e+00 -3.034800570775558204e-01 -2.262449992578788316e-01
3.700000000000002842e+00 -3.024532714175391934e-01 -2.254956883769179410e-01
3.710000000000000853e+00 -3.014050732626149531e-01 -2.247857265271757943e-01
3.719999999999998863e+00 -3.003403464054875127e-01 -2.241200569533274845e-01
3.730000000000003979e+00 -2.992639240301217529e-01 -2.235045088248431844e-01
3.740000000000001990e+00 -2.981805811968871178e-01 -2.229426976473026234e-01
3.750000000000000000e+00 -2.970950274728479945e-01 -2.224402815700150804e-01
3.759999999999998010e+00 -2.960118997170853583e-01 -2.220005090955184390e-01
3.770000000000003126e+00 -2.949357550306581088e-01 -2.216276007423033101e-01
3.780000000000001137e+00 -2.938710638804934439e-01 -2.213268090255117171e-01
3.789999999999999147e+00 -2.928222034061904178e-01 -2.211008014676334454e-01
3.799999999999997158e+00 -2.917934509183869318e-01 -2.209545728042560664e-01
3.810000000000002274e+00 -2.907889775970081692e-01 -2.208903862893459302e-01
3.820000000000000284e+00 -2.898128423973647116e-01 -2.209115788652293300e-01
3.829999999999998295e+00 -2.888689861717165241e-01 -2.210226517036720795e-01
3.840000000000003411e+00 -2.879612260135478441e-01 -2.212252011670176044e-01
3.850000000000001421e+00 -2.870932498314359149e-01 -2.215233952941731421e-01
3.859999999999999432e+00 -2.862686111590042604e-01 -2.219184069253717917e-01
3.869999999999997442e+00 -2.854907242070769957e-01 -2.224125668736632866e-01
3.880000000000002558e+00 -2.847628591637470508e-01 -2.230094834410624727e-01
3.890000000000000568e+00 -2.840881377476806025e-01 -2.237096037922641223e-01
3.899999999999998579e+00 -2.834695290195706763e-01 -2.245161411066453061e-01
3.910000000000003695e+00 -2.829098454562484211e-01 -2.254291184336477127e-01
3.920000000000001705e+00 -2.824117392915458380e-01 -2.264497795777888900e-01
3.929999999999999716e+00 -2.819776991275919076e-01 -2.275807352718933196e-01
3.939999999999997726e+00 -2.816100468198024509e-01 -2.288212526816861547e-01
3.950000000000002842e+00 -2.813109346384066178e-01 -2.301735002097194394e-01
3.960000000000000853e+00 -2.810823427089298443e-01 -2.316363389159657726e-01
3.969999999999998863e+00 -2.809260767336358433e-01 -2.332098881499905518e-01
3.980000000000003979e+00 -2.808437659954985399e-01 -2.348956954262513275e-01
3.990000000000001990e+00 -2.808368616458641331e-01 -2.366918646472182530e-01
4.000000000000000000e+00 -2.809066352765348662e-01 -2.385994694283170570e-01
4.009999999999998010e+00 -2.810541777765887539e-01 -2.406162434298465547e-01
4.020000000000003126e+00 -2.812803984738357910e-01 -2.427411876631010990e-01
4.030000000000001137e+00 -2.815860245603912237e-01 -2.449747605875173262e-01
4.039999999999999147e+00 -2.819716008014418462e-01 -2.473139656547664045e-01
4.049999999999997158e+00 -2.824374895258688345e-01 -2.497587717875378865e-01
4.060000000000002274e+00 -2.829838708969918404e-01 -2.523058645133505751e-01
4.070000000000000284e+00 -2.836107434613014400e-01 -2.549531747344581101e-01
4.079999999999998295e+00 -2.843179249726523472e-01 -2.577000851643282964e-01
4.090000000000003411e+00 -2.851050534890082755e-01 -2.605426045684313685e-01
4.100000000000001421e+00 -2.859715887384465804e-01 -2.634796261616308977e-01
4.109999999999999432e+00 -2.869168137507601135e-01 -2.665069075689273093e-01
4.119999999999997442e+00 -2.879398367506321166e-01 -2.696213969966110846e-01
4.130000000000002558e+00 -2.890395933079988322e-01 -2.728214518522675824e-01
4.140000000000000568e+00 -2.902148487408694466e-01 -2.761022302972370168e-01
4.149999999999998579e+00 -2.914642007655353639e-01 -2.794616151873989818e-01
4.160000000000003695e+00 -2.927860823887692976e-01 -2.828945922965658832e-01
4.170000000000001705e+00 -2.941787650362956419e-01 -2.863972494772918931e-01
4.179999999999999716e+00 -2.956403619115063885e-01 -2.899670031654315028e-01
4.189999999999997726e+00 -2.971688315780955381e-01 -2.935983373774694316e-01
4.200000000000002842e+00 -2.987619817599987404e-01 -2.972882226258332650e-01
4.210000000000000853e+00 -3.004174733517482876e-01 -3.010310583554161590e-01
4.219999999999998863e+00 -3.021328246320909017e-01 -3.048222239504221331e-01
4.230000000000003979e+00 -3.039054156734590229e-01 -3.086583088077254344e-01
4.240000000000001990e+00 -3.057324929396497692e-01 -3.125333246357858696e-01
4.250000000000000000e+00 -3.076111740638364234e-01 -3.164434555953901107e-01
4.259999999999998010e+00 -3.095384527988234158e-01 -3.203827224963801679e-01
4.270000000000003126e+00 -3.115112041312493307e-01 -3.243459713947998146e-01
4.280000000000001137e+00 -3.135261895512613806e-01 -3.283291030207447503e-01
4.289999999999999147e+00 -3.155800624690042744e-01 -3.323258762079329687e-01
4.300000000000004263e+00 -3.176693737691025921e-01 -3.363318372555869074e-01
4.310000000000002274e+00 -3.197905774941749990e-01 -3.403408502416624959e-01
4.320000000000000284e+00 -3.219400366482773612e-01 -3.443474193521867677e-01
4.329999999999998295e+00 -3.241140291110581328e-01 -3.483469136569564695e-01
4.340000000000003411e+00 -3.263087536532954247e-01 -3.523330678811345540e-01
4.350000000000001421e+00 -3.285203360444028386e-01 -3.563009554102447574e-01
4.359999999999999432e+00 -3.307448352424043336e-01 -3.602445113805194943e-01
4.369999999999997442e+00 -3.329782496568223227e-01 -3.641580985677114191e-01
4.380000000000002558e+00 -3.352165234748698541e-01 -3.680367238027440480e-01
4.390000000000000568e+00 -3.374555530413019810e-01 -3.718743273640321423e-01
4.399999999999998579e+00 -3.396911932822664348e-01 -3.756656847622209527e-01
4.410000000000003695e+00 -3.419192641634764551e-01 -3.794050274950075963e-01
4.420000000000001705e+00 -3.441355571730516094e-01 -3.830867789673008672e-01
4.429999999999999716e+00 -3.463358418193754895e-01 -3.867057592113034015e-01
4.439999999999997726e+00 -3.485158721343697419e-01 -3.902563363123184859e-01
4.450000000000002842e+00 -3.506713931726235800e-01 -3.937331665807600189e-01
4.460000000000000853e+00 -3.527981474968849840e-01 -3.971309925689098241e-01
4.469999999999998863e+00 -3.548918816404932897e-01 -4.004444946714840192e-01
4.480000000000003979e+00 -3.569483525374227972e-01 -4.036684812416780899e-01
4.490000000000001990e+00 -3.589633339107071719e-01 -4.067979551415181749e-01
4.500000000000000000e+00 -3.609326226101369217e-01 -4.098276294798309793e-01
4.509999999999998010e+00 -3.628520448902338713e-01 -4.127529543603792872e-01
4.520000000000003126e+00 -3.647174626196665881e-01 -4.155690510090156997e-01
4.530000000000001137e+00 -3.665247794134021131e-01 -4.182708848394810497e-01
4.539999999999999147e+00 -3.682699466790695375e-01 -4.208542780010706696e-01
4.550000000000004263e+00 -3.699489695691729474e-01 -4.233141677720960727e-01
4.560000000000002274e+00 -3.715579128309859369e-01 -4.256468833189753775e-01
4.570000000000000284e+00 -3.730929065461492944e-01 -4.278481518294685593e-01
4.579999999999998295e+00 -3.745501517522080714e-01 -4.299132525602726851e-01
4.590000000000003411e+00 -3.759259259385326346e-01 -4.318389827639245171e-01
4.600000000000001421e+00 -3.772165884093010568e-01 -4.336206572356415823e-01
4.609999999999999432e+00 -3.784185855064549631e-01 -4.352556249619040085e-01
4.619999999999997442e+00 -3.795284556857827507e-01 -4.367403601712972483e-01
4.630000000000002558e+00 -3.805428344395411222e-01 -4.380705958721429205e-01
4.640000000000000568e+00 -3.814584590592836610e-01 -4.392442264469667013e-01
4.649999999999998579e+00 -3.822721732328377420e-01 -4.402570788583968775e-01
4.660000000000003695e+00 -3.829809314696412947e-01 -4.411076273526555180e-01
4.670000000000001705e+00 -3.835818033489437617e-01 -4.417932058985822863e-01
4.679999999999999716e+00 -3.840719775856512586e-01 -4.423101201814597649e-01
4.689999999999997726e+00 -3.844487659089017018e-01 -4.426574461519540149e-01
4.700000000000002842e+00 -3.847096067487530968e-01 -4.428316350777375954e-01
4.710000000000000853e+00 -3.848520687266699380e-01 -4.428323533619323293e-01
4.719999999999998863e+00 -3.848738539458057550e-01 -4.426578758416768733e-01
4.730000000000003979e+00 -3.847728010773937002e-01 -4.423051756302006088e-01
4.740000000000001990e+00 -3.845468882398699328e-01 -4.417745546962508763e-01
4.750000000000000000e+00 -3.841942356676821269e-01 -4.410631753768864405e-01
4.759999999999998010e+00 -3.837131081670481225e-01 -4.401719227849967275e-01
4.770000000000003126e+00 -3.831019173562643654e-01 -4.391000602039150102e-01
4.780000000000001137e+00 -3.823592236884825191e-01 -4.378452965528782381e-01
4.789999999999999147e+00 -3.814837382552035971e-01 -4.364091633325519748e-01
4.800000000000004263e+00 -3.804743243690646426e-01 -4.347895934953404651e-01
4.810000000000002274e+00 -3.793299989248249404e-01 -4.329886767247210777e-01
4.820000000000000284e+00 -3.780499335377788261e-01 -4.310066780437430412e-01
4.829999999999998295e+00 -3.766334554591569406e-01 -4.288420830116853599e-01
4.840000000000003411e+00 -3.750800482683991910e-01 -4.264976157415927283e-01
4.850000000000001421e+00 -3.733893523425030891e-01 -4.239720113198945373e-01
4.859999999999999432e+00 -3.715611651029827600e-01 -4.212685102540360549e-01
4.869999999999997442e+00 -3.695954410412762847e-01 -4.183883588119707841e-01
4.880000000000002558e+00 -3.674922915237740506e-01 -4.153308323359336529e-01
4.890000000000000568e+00 -3.652519843779349351e-01 -4.120997720991270707e-01
4.899999999999998579e+00 -3.628749432612765058e-01 -4.086947190234113125e-01
4.910000000000003695e+00 -3.603617468153247905e-01 -4.051199735309808925e-01
4.920000000000001705e+00 -3.577131276069050458e-01 -4.013777105200065920e-01
4.929999999999999716e+00 -3.549299708594553793e-01 -3.974679814040881221e-01
4.939999999999997726e+00 -3.520133129773259650e-01 -3.933956338293117527e-01
4.950000000000002842e+00 -3.489643398663112572e-01 -3.891609916128493940e-01
4.960000000000000853e+00 -3.457843850539362718e-01 -3.847692907062072454e-01
4.969999999999998863e+00 -3.424749276132899034e-01 -3.802235526460814308e-01
4.980000000000003979e+00 -3.390375898944537059e-01 -3.755245660975682909e-01
4.990000000000001990e+00 -3.354741350678354661e-01 -3.706780433074675085e-01
5.000000000000000000e+00 -3.317864644839534916e-01 -3.656850434624339119e-01
5.009999999999998010e+00 -3.279766148544676074e-01 -3.605515849497421543e-01
5.020000000000003126e+00 -3.240467552594684109e-01 -3.552814282599961460e-01
5.030000000000001137e+00 -3.199991839862737497e-01 -3.498760379336569581e-01
5.039999999999999147e+00 -3.158363252051688552e-01 -3.443418233823342112e-01
5.050000000000004263e+00 -3.115607254877634236e-01 -3.386805129186751806e-01
5.060000000000002274e+00 -3.071750501737930406e-01 -3.328987251643983347e-01
5.070000000000000284e+00 -3.026820795924127783e-01 -3.270008306086265026e-01
5.079999999999998295e+00 -2.980847051441706808e-01 -3.209888950195778912e-01
5.090000000000003411e+00 -2.933859252500423120e-01 -3.148698349502844773e-01
5.100000000000001421e+00 -2.885888411740387127e-01 -3.086459600427660654e-01
5.109999999999999432e+00 -2.836966527260548210e-01 -3.023242966665677378e-01
5.119999999999997442e+00 -2.787126538517496477e-01 -2.959096802241636959e-01
5.130000000000002558e+00 -2.736402281163812233e-01 -2.894046810516048285e-01
5.140000000000000568e+00 -2.684828440896188662e-01 -2.828165230442743483e-01
5.149999999999998579e+00 -2.632440506384620127e-01 -2.761479948087492975e-01
5.160000000000003695e+00 -2.579274721354840039e-01 -2.694063283686429777e-01
5.170000000000001705e+00 -2.525368035896876084e-01 -2.625966682345484138e-01
5.179999999999999716e+00 -2.470758057073418335e-01 -2.557219808406560047e-01
5.189999999999997726e+00 -2.415482998902083178e-01 -2.487895917270510904e-01
5.200000000000002842e+00 -2.359581631786240863e-01 -2.418026557921942044e-01
5.210000000000000853e+00 -2.303093231469254820e-01 -2.347684059117448041e-01
5.219999999999998863e+00 -2.246057527587375369e-01 -2.276921348167396664e-01
5.230000000000003979e+00 -2.188514651896488195e-01 -2.205770891263951761e-01
5.240000000000001990e+00 -2.130505086248041802e-01 -2.134304913386780023e-01
5.250000000000000000e+00 -2.072069610389198346e-01 -2.062557440777015305e-01
5.259999999999998010e+00 -2.013249249662272256e-01 -1.990598803790256943e-01
5.270000000000003126e+00 -1.954085222677965084e-01 -1.918481808421101942e-01
5.280000000000001137e+00 -1.894618889036634446e-01 -1.846240533332358380e-01
5.289999999999999147e+00 -1.834891697171129321e-01 -1.773944203267535380e-01
5.300000000000004263e+00 -1.774945132384319890e-01 -1.701628121148676953e-01
5.310000000000002274e+00 -1.714820665153440338e-01 -1.629358718123476435e-01
5.320000000000000284e+00 -1.654559699772725212e-01 -1.557187134707777865e-01
5.329999999999998295e+00 -1.594203523404703893e-01 -1.485147885493548758e-01
5.340000000000003411e+00 -1.533793255609660067e-01 -1.413305364751737958e-01
5.350000000000001421e+00 -1.473369798421443888e-01 -1.341694978918195058e-01
5.359999999999999432e+00 -1.412973787036744810e-01 -1.270377524910790978e-01
5.369999999999997442e+00 -1.352645541183455646e-01 -1.199401042945533180e-01
5.380000000000002558e+00 -1.292425017232551876e-01 -1.128799360319638345e-01
5.390000000000000568e+00 -1.232351761116230876e-01 -1.058630406230853943e-01
5.399999999999998579e+00 -1.172464862113575812e-01 -9.889285840471949418e-02
5.410000000000003695e+00 -1.112802907563374966e-01 -9.197475396169589590e-02
5.420000000000001705e+00 -1.053403938561872089e-01 -8.511309317204433789e-02
5.429999999999999716e+00 -9.943054067016131314e-02 -7.831108669823486079e-02
5.439999999999997726e+00 -9.355441319054939864e-02 -7.157374183914544385e-02
5.450000000000002842e+00 -8.771562614083146248e-02 -6.490429810220516016e-02
5.460000000000000853e+00 -8.191772299359849352e-02 -5.830727945047126104e-02
5.469999999999998863e+00 -7.616417211306739099e-02 -5.178650460719944754e-02
5.480000000000003979e+00 -7.045836302678486207e-02 -4.534492095849938786e-02
5.490000000000001990e+00 -6.480360283091522733e-02 -3.898663923370174894e-02
5.500000000000000000e+00 -5.920311273326830936e-02 -3.271461065614704455e-02
5.509999999999998010e+00 -5.366002473801331080e-02 -2.653242255839671424e-02
5.520000000000003126e+00 -4.817737847577756305e-02 -2.044325952739454305e-02
5.530000000000001137e+00 -4.275811818260603914e-02 -1.444972913796664996e-02
5.539999999999999147e+00 -3.740508983100392093e-02 -8.554965516834250189e-03
5.550000000000004263e+00 -3.212103841606107207e-02 -2.761559524881780636e-03
5.560000000000002274e+00 -2.690860539939437732e-02 2.927902401163338247e-03
5.570000000000000284e+00 -2.177032631341022789e-02 8.510932714955333350e-03
5.579999999999998295e+00 -1.670862852812418642e-02 1.398532363017109849e-02
5.590000000000003411e+00 -1.172582918254685622e-02 1.934896511971801250e-02
5.600000000000001421e+00 -6.824133282366521246e-03 2.459968175483362093e-02
5.609999999999999432e+00 -2.005631965428847450e-03 2.973591942302240831e-02
5.619999999999997442e+00 2.727699063761537812e-03 3.475592531635642718e-02
5.630000000000002558e+00 7.374000929524390964e-03 3.965793367104036848e-02
5.640000000000000568e+00 1.193153280974980184e-02 4.444087305086417278e-02
5.649999999999998579e+00 1.639867298943144605e-02 4.910302058871510167e-02
5.660000000000003695e+00 2.077391974275993522e-02 5.364385314026966223e-02
5.670000000000001705e+00 2.505589204380933438e-02 5.806236492059971277e-02
5.679999999999999716e+00 2.924333010608799396e-02 6.235725620022831983e-02
5.689999999999997726e+00 3.333509575147845794e-02 6.652847627957231280e-02
5.700000000000002842e+00 3.733017260933561149e-02 7.057477380967097647e-02
5.710000000000000853e+00 4.122766614675187763e-02 7.449662363401222953e-02
5.719999999999998863e+00 4.502680353123565682e-02 7.829375454830300729e-02
5.730000000000003979e+00 4.872693332728796761e-02 8.196533885615775450e-02
5.740000000000001990e+00 5.232752502858901977e-02 8.551229812503688410e-02
5.750000000000000000e+00 5.582816842774201982e-02 8.893385374507684071e-02
5.759999999999998010e+00 5.922857282572990822e-02 9.223141613440680175e-02
5.770000000000003126e+00 6.252856608347515111e-02 9.540541301890381742e-02
5.780000000000001137e+00 6.572809351809151546e-02 9.845547757554093393e-02
5.789999999999999147e+00 6.882721664663893346e-02 1.013834272580891316e-01
5.800000000000004263e+00 7.182611178037769106e-02 1.041889407372594695e-01
5.810000000000002274e+00 7.472506847273049924e-02 1.068742752722721401e-01
5.820000000000000284e+00 7.752448782434021024e-02 1.094405009237486570e-01
5.829999999999998295e+00 8.022488064880357872e-02 1.118876848586148054e-01
5.840000000000003411e+00 8.282686550282873650e-02 1.142184396760541343e-01
5.850000000000001421e+00 8.533116658474534932e-02 1.164328707918405870e-01
5.859999999999999432e+00 8.773861150545020360e-02 1.185339711462915779e-01
5.869999999999997442e+00 9.005012893603756008e-02 1.205233784901378613e-01
5.880000000000002558e+00 9.226674613650105716e-02 1.224015533048100901e-01
5.890000000000000568e+00 9.438958637004593588e-02 1.241717824787257340e-01
5.899999999999998579e+00 9.641986620767736826e-02 1.258345546200814735e-01
5.910000000000003695e+00 9.835889272785805493e-02 1.273934692768060040e-01
5.920000000000001705e+00 1.002080606161501602e-01 1.288506425941134681e-01
5.929999999999999716e+00 1.019688491698576005e-01 1.302068762308373762e-01
5.939999999999997726e+00 1.036428192127969578e-01 1.314659951596997556e-01
5.950000000000002842e+00 1.052316099254075321e-01 1.326288170271565647e-01
5.960000000000000853e+00 1.067369355955071070e-01 1.336994059547759739e-01
5.969999999999998863e+00 1.081605822950640755e-01 1.346802562932579439e-01
5.980000000000003979e+00 1.095044044884354306e-01 1.355724499010294848e-01
5.990000000000001990e+00 1.107703215775705380e-01 1.363802033848434681e-01
6.000000000000000000e+00 1.119603143897381498e-01 1.371046013353175719e-01
6.009999999999998010e+00 1.130764216133688382e-01 1.377500226578006748e-01
6.020000000000003126e+00 1.141207361876441506e-01 1.383192327928895737e-01
6.030000000000001137e+00 1.150954016514851991e-01 1.388135267778700110e-01
6.039999999999999147e+00 1.160026084576103317e-01 1.392373614079738531e-01
6.050000000000004263e+00 1.168445902573372608e-01 1.395920209781854326e-01
6.060000000000002274e+00 1.176236201618065663e-01 1.398820468972538922e-01
6.070000000000000284e+00 1.183420069852903767e-01 1.401103656778605322e-01
6.079999999999998295e+00 1.190020914762360410e-01 1.402784153324220795e-01
6.090000000000003411e+00 1.196062425416622582e-01 1.403907416119376528e-01
6.100000000000001421e+00 1.201568534704971075e-01 1.404487589447597773e-01
6.109999999999999432e+00 1.206563381613991043e-01 1.404570216120236414e-01
6.119999999999997442e+00 1.211071273605554555e-01 1.404185082131590989e-01
6.130000000000002558e+00 1.215116649148883232e-01 1.403347291598811830e-01
6.140000000000000568e+00 1.218724040460404529e-01 1.402101731249907057e-01
6.149999999999998579e+00 1.221918036504296839e-01 1.400463154955823297e-01
6.160000000000003695e+00 1.224723246305855356e-01 1.398475812828549325e-01
6.170000000000001705e+00 1.227164262628912678e-01 1.396168969274901028e-01
6.179999999999999716e+00 1.229265626067571338e-01 1.393557769507998423e-01
6.189999999999997726e+00 1.231051789601511764e-01 1.390685167101724795e-01
6.200000000000002842e+00 1.232547083663007581e-01 1.387565863157371182e-01
6.210000000000000853e+00 1.233775681762659948e-01 1.384241512359163928e-01
6.219999999999998863e+00 1.234761566719607129e-01 1.380739896036538017e-01
6.230000000000003979e+00 1.235528497540721721e-01 1.377075564594654744e-01
6.240000000000001990e+00 1.236099976991932581e-01 1.373288314693270895e-01
6.250000000000000000e+00 1.236499219903440805e-01 1.369392184414330305e-01
6.259999999999998010e+00 1.236749122249142935e-01 1.365425086845862834e-01
6.270000000000003126e+00 1.236872231039090470e-01 1.361412468724069735e-01
6.280000000000001137e+00 1.236890715062234636e-01 1.357367717634893056e-01
6.289999999999999147e+00 1.236826336515163965e-01 1.353326422274955532e-01
6.300000000000004263e+00 1.236700423550881056e-01 1.349301418869442992e-01
6.310000000000002274e+00 1.236533843779995673e-01 1.345325920130341912e-01
6.320000000000000284e+00 1.236346978755008263e-01 1.341422320274042179e-01
6.329999999999998295e+00 1.236159699466623518e-01 1.337602360999905482e-01
6.340000000000003411e+00 1.235991342879242533e-01 1.333896571327167768e-01
6.350000000000001421e+00 1.235860689531006890e-01 1.330316133555652924e-01
6.359999999999999432e+00 1.235785942221908212e-01 1.326888811622359832e-01
6.369999999999997442e+00 1.235784705811663192e-01 1.323633380508341673e-01
6.380000000000002558e+00 1.235873968147174623e-01 1.320559550671411564e-01
6.390000000000000568e+00 1.236070082137490228e-01 1.317692157597792346e-01
6.399999999999998579e+00 1.236388748992331699e-01 1.315040375417952656e-01
6.410000000000003695e+00 1.236845002638292945e-01 1.312625995944551871e-01
6.420000000000001705e+00 1.237453195324948463e-01 1.310463770696706498e-01
6.429999999999999716e+00 1.238226984431160388e-01 1.308561099488699531e-01
6.439999999999997726e+00 1.239179320479968788e-01 1.306936718391837615e-01
6.450000000000002842e+00 1.240322436368527653e-01 1.305597543538040139e-01
6.460000000000000853e+00 1.241667837817633097e-01 1.304559102492301448e-01
6.469999999999998863e+00 1.243226295043498436e-01 1.303831886408972351e-01
6.480000000000003979e+00 1.245007835652520434e-01 1.303420814667132221e-01
6.490000000000001990e+00 1.247021738757896070e-01 1.303338347727660829e-01
6.500000000000000000e+00 1.249276530315113348e-01 1.303589000453316826e-01
6.509999999999998010e+00 1.251779979671456544e-01 1.304181973092748970e-01
6.520000000000003126e+00 1.254539097322857344e-01 1.305123425393402703e-01
6.530000000000001137e+00 1.257560133869638497e-01 1.306415735318820492e-01
6.539999999999999147e+00 1.260848580160879584e-01 1.308065134830120324e-01
6.550000000000004263e+00 1.264409168615447665e-01 1.310073698698953348e-01
6.560000000000002274e+00 1.268245875705960035e-01 1.312444455764869844e-01
6.570000000000000284e+00 1.272361925590326237e-01 1.315179321799357648e-01
6.579999999999998295e+00 1.276759794873836007e-01 1.318278176221206188e-01
6.590000000000003411e+00 1.281441218483161948e-01 1.321741279024972182e-01
6.600000000000001421e+00 1.286407196632108896e-01 1.325568324504114437e-01
6.609999999999999432e+00 1.291658002857389298e-01 1.329756527695350465e-01
6.619999999999997442e+00 1.297193193101256747e-01 1.334303793563224871e-01
6.630000000000002558e+00 1.303011615816390967e-01 1.339207641025335627e-01
6.640000000000000568e+00 1.309111423067056967e-01 1.344462803515450999e-01
6.649999999999998579e+00 1.315490082599230781e-01 1.350066743463175234e-01
6.660000000000003695e+00 1.322144390851122120e-01 1.356011397873994051e-01
6.670000000000001705e+00 1.329070486874278367e-01 1.362291022480420777e-01
6.679999999999999716e+00 1.336263867134338812e-01 1.368900997084580851e-01
6.689999999999997726e+00 1.343719401159360893e-01 1.375831136665545962e-01
6.700000000000002842e+00 1.351431348002596067e-01 1.383076897144136508e-01
6.710000000000000853e+00 1.359393373485650591e-01 1.390625622771181069e-01
6.719999999999998863e+00 1.367598568186971786e-01 1.398468388985412147e-01
6.730000000000003979e+00 1.376039466139799550e-01 1.406598726878318661e-01
6.740000000000001990e+00 1.384708064202889444e-01 1.415002273190474058e-01
6.750000000000000000e+00 1.393595842066567558e-01 1.423672765012501396e-01
6.759999999999998010e+00 1.402693782856050120e-01 1.432593756104652838e-01
6.770000000000003126e+00 1.411992394293285769e-01 1.441753694144083386e-01
6.780000000000001137e+00 1.421481730378106878e-01 1.451144604842515007e-01
6.789999999999999147e+00 1.431151413548942819e-01 1.460748785333792488e-01
6.800000000000004263e+00 1.440990657282972265e-01 1.470558588024490632e-01
6.810000000000002274e+00 1.450988289095246353e-01 1.480554660417950641e-01
6.820000000000000284e+00 1.461132773895998382e-01 1.490723433097699835e-01
6.829999999999998295e+00 1.471412237665219169e-01 1.501055805542250987e-01
6.840000000000003411e+00 1.481814491403357914e-01 1.511531636897025521e-01
6.850000000000001421e+00 1.492327055316959028e-01 1.522142258936597381e-01
6.859999999999999432e+00 1.502937183198072846e-01 1.532866342982150409e-01
6.869999999999997442e+00 1.513631886956254280e-01 1.543688945230615728e-01
6.880000000000002558e+00 1.524397961262148604e-01 1.554600236512801992e-01
6.890000000000000568e+00 1.535222008261806770e-01 1.565578566799870064e-01
6.899999999999998579e+00 1.546090462321134118e-01 1.576614624642517504e-01
6.910000000000003695e+00 1.556989614760188878e-01 1.587686045226608111e-01
6.920000000000001705e+00 1.567905638537406832e-01 1.598777159394975389e-01
6.929999999999999716e+00 1.578824612844251518e-01 1.609877808430760504e-01
6.939999999999997726e+00 1.589732547571316157e-01 1.620965754313111462e-01
6.950000000000002842e+00 1.600615407607392238e-01 1.632031417268448303e-01
6.960000000000000853e+00 1.611459136933715286e-01 1.643052312056729192e-01
6.969999999999998863e+00 1.622249682476143706e-01 1.654012675148669731e-01
6.980000000000003979e+00 1.632973017678860106e-01 1.664902403081000570e-01
6.990000000000001990e+00 1.643615165763858965e-01 1.675699550755122003e-01
7.000000000000000000e+00 1.654162222641391844e-01 1.686394627888694597e-01
7.009999999999998010e+00 1.664600379437322364e-01 1.696965888621910779e-01
7.020000000000003126e+00 1.674915944604327411e-01 1.707398065800275755e-01
7.030000000000001137e+00 1.685095365584831639e-01 1.717681467589277922e-01
7.039999999999999147e+00 1.695125249994555439e-01 1.727795253105554873e-01
7.050000000000004263e+00 1.704992386296607376e-01 1.737730349515924089e-01
7.060000000000002274e+00 1.714683763937180638e-01 1.747466526450192070e-01
7.070000000000000284e+00 1.724186592914979665e-01 1.756989544371953260e-01
7.079999999999998295e+00 1.733488322757749944e-01 1.766290439054921668e-01
7.090000000000003411e+00 1.742576660880401918e-01 1.775350190350218071e-01
7.100000000000001421e+00 1.751439590300519489e-01 1.784160430408482934e-01
7.109999999999999432e+00 1.760065386688261235e-01 1.792703113581674002e-01
7.119999999999997442e+00 1.768442634729006091e-01 1.800965483911756981e-01
7.130000000000002558e+00 1.776560243778323722e-01 1.808939570906958616e-01
7.140000000000000568e+00 1.784407462790295607e-01 1.816608776664824509e-01
7.149999999999998579e+00 1.791973894501496245e-01 1.823965677360750715e-01
7.160000000000003695e+00 1.799249508854353086e-01 1.830994956487414227e-01
7.170000000000001705e+00 1.806224655644984856e-01 1.837685710458820121e-01
7.179999999999999716e+00 1.812890076382061566e-01 1.844031172073869462e-01
7.189999999999997726e+00 1.819236915344588645e-01 1.850017637365735379e-01
7.200000000000002842e+00 1.825256729828027280e-01 1.855638811670062560e-01
7.210000000000000853e+00 1.830941499569503639e-01 1.860882514933807907e-01
7.219999999999998863e+00 1.836283635344408693e-01 1.865739969814313171e-01
7.230000000000003979e+00 1.841275986728042602e-01 1.870205761510422005e-01
7.240000000000001990e+00 1.845911849017437545e-01 1.874269412731379425e-01
7.250000000000000000e+00 1.850184969309951466e-01 1.877925886489619778e-01
7.259999999999998010e+00 1.854089551736628760e-01 1.881166402921074510e-01
7.270000000000003126e+00 1.857620261849758370e-01 1.883984486304419725e-01
7.280000000000001137e+00 1.860772230165502472e-01 1.886376161837585441e-01
7.289999999999999147e+00 1.863541054863845914e-01 1.888334369303718563e-01
7.300000000000004263e+00 1.865922803649527895e-01 1.889855401195052187e-01
7.310000000000002274e+00 1.867914014778986054e-01 1.890933997278202161e-01
7.320000000000000284e+00 1.869511697259713667e-01 1.891566060839844077e-01
7.329999999999998295e+00 1.870713330229755722e-01 1.891749084771267020e-01
7.340000000000003411e+00 1.871516861526395792e-01 1.891479476145835059e-01
7.350000000000001421e+00 1.871920705454373224e-01 1.890754874361446070e-01
7.359999999999999432e+00 1.871923739765241901e-01 1.889573518735678803e-01
7.369999999999997442e+00 1.871525301860710866e-01 1.887933675265502098e-01
7.380000000000002558e+00 1.870725184234027505e-01 1.885834276347758409e-01
7.390000000000000568e+00 1.869523629164624168e-01 1.883275113716179894e-01
7.399999999999998579e+00 1.867921322682412621e-01 1.880255141207926861e-01
7.410000000000003695e+00 1.865919387819198749e-01 1.876775947877031003e-01
7.420000000000001705e+00 1.863519377165769042e-01 1.872838060155208872e-01
7.429999999999999716e+00 1.860723264754238770e-01 1.868441771974692078e-01
7.439999999999997726e+00 1.857533437286240652e-01 1.863590056202822642e-01
7.450000000000002842e+00 1.853952684728477907e-01 1.858283105031369453e-01
7.460000000000000853e+00 1.849984190298087361e-01 1.852525591862740906e-01
7.469999999999998863e+00 1.845631519861109793e-01 1.846320125896323827e-01
7.480000000000003979e+00 1.840898610768216814e-01 1.839668242613277105e-01
7.490000000000001990e+00 1.835789760152572447e-01 1.832575787443575244e-01
7.500000000000000000e+00 1.830309612715471379e-01 1.825044078877824383e-01
7.509999999999998010e+00 1.824463148026084780e-01 1.817080511462746129e-01
7.520000000000003126e+00 1.818255667362226879e-01 1.808689536965557565e-01
7.530000000000001137e+00 1.811692780119716628e-01 1.799873779386775008e-01
7.539999999999999147e+00 1.804780389818332609e-01 1.790641562033830625e-01
7.550000000000004263e+00 1.797524679733005781e-01 1.780995190238336412e-01
7.560000000000002274e+00 1.789932098179115028e-01 1.770944339145568425e-01
7.570000000000000284e+00 1.782009343481344155e-01 1.760495014823426352e-01
7.579999999999998295e+00 1.773763348655726380e-01 1.749650753414389026e-01
7.590000000000003411e+00 1.765201265834870914e-01 1.738421896406849576e-01
7.600000000000001421e+00 1.756330450466546678e-01 1.726811578140362569e-01
7.609999999999999432e+00 1.747158445316012998e-01 1.714831258719955454e-01
7.619999999999997442e+00 1.737692964302534337e-01 1.702488177557857363e-01
7.630000000000002558e+00 1.727941876200680960e-01 1.689786593142440507e-01
7.640000000000000568e+00 1.717913188236953881e-01 1.676738362767104251e-01
7.649999999999998579e+00 1.707615029612273294e-01 1.663347282600182164e-01
7.660000000000003695e+00 1.697055634980789707e-01 1.649626070032091385e-01
7.670000000000001705e+00 1.686243327915304124e-01 1.635582859772268527e-01
7.679999999999999716e+00 1.675186504389450382e-01 1.621222439133758464e-01
7.689999999999997726e+00 1.663893616306496848e-01 1.606557658775889796e-01
7.700000000000002842e+00 1.652373155104391311e-01 1.591592808775369738e-01
7.710000000000000853e+00 1.640633635466285656e-01 1.576341327014705307e-01
7.719999999999998863e+00 1.628683579165459694e-01 1.560811903519304655e-01
7.730000000000003979e+00 1.616531499073063649e-01 1.545009666207640409e-01
7.740000000000001990e+00 1.604185883356679942e-01 1.528947938595639766e-01
7.750000000000000000e+00 1.591655179897161210e-01 1.512631343807706863e-01
7.759999999999998010e+00 1.578947780950641644e-01 1.496073516184645014e-01
7.770000000000003126e+00 1.566072008082016465e-01 1.479283373261509882e-01
7.780000000000001137e+00 1.553036097395548987e-01 1.462266208630954023e-01
7.789999999999999147e+00 1.539848185087545618e-01 1.445035320618261176e-01
7.800000000000004263e+00 1.526516293345361319e-01 1.427595518273958586e-01
7.810000000000002274e+00 1.513048316616207589e-01 1.409960141151394841e-01
7.820000000000000284e+00 1.499452008268448988e-01 1.392138031198059400e-01
7.829999999999998295e+00 1.485734967667223239e-01 1.374134492678092956e-01
7.840000000000003411e+00 1.471904627685388933e-01 1.355962341476381339e-01
7.850000000000001421e+00 1.457968242669906156e-01 1.337626444500804590e-01
7.859999999999999432e+00 1.443932876882805805e-01 1.319139405540281085e-01
7.869999999999997442e+00 1.429805393434948613e-01 1.300509723095698289e-01
7.880000000000002558e+00 1.415592443729884742e-01 1.281742582099884564e-01
7.890000000000000568e+00 1.401300457433971303e-01 1.262849915072648266e-01
7.899999999999998579e+00 1.386935632988051947e-01 1.243836541548285629e-01
7.910000000000003695e+00 1.372503928674801421e-01 1.224713953214739692e-01
7.920000000000001705e+00 1.358011054254912309e-01 1.205490080709220868e-01
7.929999999999999716e+00 1.343462463184112721e-01 1.186169887995651012e-01
7.939999999999997726e+00 1.328863345421998354e-01 1.166764091882091792e-01
7.950000000000002842e+00 1.314218620842465823e-01 1.147277384314437237e-01
7.960000000000000853e+00 1.299532933254517741e-01 1.127719844037643054e-01
7.969999999999998863e+00 1.284810645040982691e-01 1.108098658526627256e-01
7.980000000000003979e+00 1.270055832421639885e-01 1.088418499115631766e-01
7.990000000000001990e+00 1.255272281346047625e-01 1.068688611799939875e-01
8.000000000000000000e+00 1.240463484020234708e-01 1.048913506316126870e-01
8.009999999999998010e+00 1.225632636070319442e-01 1.029101630209072193e-01
8.020000000000003126e+00 1.210782634344905462e-01 1.009259304679414465e-01
8.030000000000001137e+00 1.195916075357004449e-01 9.893908666450190736e-02
8.039999999999999147e+00 1.181035254365091630e-01 9.695039183661419147e-02
8.050000000000004263e+00 1.166142165091779842e-01 9.496027574064962173e-02
8.060000000000002274e+00 1.151238500077414600e-01 9.296940676842434248e-02
8.070000000000000284e+00 1.136325651664878422e-01 9.097832336974050194e-02
8.079999999999998295e+00 1.121404713610692216e-01 8.898742443382902378e-02
8.090000000000003411e+00 1.106476483316490705e-01 8.699729685981419380e-02
8.100000000000001421e+00 1.091541464673794065e-01 8.500834842690965787e-02
8.109999999999999432e+00 1.076599871514039852e-01 8.302106645266270346e-02
8.119999999999997442e+00 1.061651631654706857e-01 8.103589374953268365e-02
8.130000000000002558e+00 1.046696391531401621e-01 7.905319555122175545e-02
8.140000000000000568e+00 1.031733521404755161e-01 7.707338458026140315e-02
8.149999999999998579e+00 1.016762121130033031e-01 7.509684777239307440e-02
8.160000000000003695e+00 1.001781026476367825e-01 7.312389478484630778e-02
8.170000000000001705e+00 9.867888159816567972e-02 7.115487549116684962e-02
8.179999999999999716e+00 9.717838183282156983e-02 6.919012469971713708e-02
8.189999999999997726e+00 9.567641202234691833e-02 6.722988764940746043e-02
8.200000000000002842e+00 9.417275747690811993e-02 6.527453302984273509e-02
8.210000000000000853e+00 9.266718103011553631e-02 6.332420365477610391e-02
8.219999999999998863e+00 9.115942396833501271e-02 6.137916322790380047e-02
8.230000000000003979e+00 8.964920700340110737e-02 5.943972093550333596e-02
8.240000000000001990e+00 8.813623128677575136e-02 5.750596792363663057e-02
8.250000000000000000e+00 8.662017946312465522e-02 5.557825820979665765e-02
8.259999999999998010e+00 8.510071676122606121e-02 5.365658499191537645e-02
8.270000000000003126e+00 8.357749212006318484e-02 5.174113590348464187e-02
8.280000000000001137e+00 8.205013934790003627e-02 4.983220032213564465e-02
8.289999999999999147e+00 8.051827831208695219e-02 4.792973431275860535e-02
8.300000000000004263e+00 7.898151615729928632e-02 4.603408125897173742e-02
8.310000000000002274e+00 7.743944854985986004e-02 4.414510717643112953e-02
8.320000000000000284e+00 7.589166094577363963e-02 4.226293621725873279e-02
8.329999999999998295e+00 7.433772988005014903e-02 4.038784419210490750e-02
8.340000000000003411e+00 7.277722427487411105e-02 3.851967546720005964e-02
8.350000000000001421e+00 7.120970676414783984e-02 3.665876678825805146e-02
8.359999999999999432e+00 6.963473503191497382e-02 3.480488327300141488e-02
8.369999999999997442e+00 6.805186316215272591e-02 3.295809977354914599e-02
8.380000000000002558e+00 6.646064299741076542e-02 3.111868463562820347e-02
8.390000000000000568e+00 6.486062550376080205e-02 2.928639692008764769e-02
8.399999999999998579e+00 6.325136213952378683e-02 2.746157021785207084e-02
8.410000000000003695e+00 6.163240622523558782e-02 2.564389744450846706e-02
8.420000000000001705e+00 6.000331431231967910e-02 2.383341902026529444e-02
8.429999999999999716e+00 5.836364754794202275e-02 2.203040126574939625e-02
8.439999999999997726e+00 5.671297303353807495e-02 2.023454593504127319e-02
8.450000000000002842e+00 5.505086517451816819e-02 1.844618602665669405e-02
8.460000000000000853e+00 5.337690701867775500e-02 1.666497190397317821e-02
8.469999999999998863e+00 5.169069158086851690e-02 1.489092423923580287e-02
8.480000000000003979e+00 4.999182315150644401e-02 1.312431165565385374e-02
8.490000000000001990e+00 4.827991858654207685e-02 1.136480681701229276e-02
8.500000000000000000e+00 4.655460857653911932e-02 9.612743448368018043e-03
8.509999999999998010e+00 4.481553889255985440e-02 7.867758553445573094e-03
8.520000000000003126e+00 4.306237160659711488e-02 6.129866760532357017e-03
8.530000000000001137e+00 4.129478628434152254e-02 4.399341856475668354e-03
8.539999999999999147e+00 3.951248114812612455e-02 2.675854538972869887e-03
8.550000000000004263e+00 3.771517420794603254e-02 9.597391147406759797e-04
8.560000000000002274e+00 3.590260435850890774e-02 -7.493533438379228889e-04
8.570000000000000284e+00 3.407453244033822187e-02 -2.451402214559168270e-03
8.579999999999998295e+00 3.223074226301254203e-02 -4.146127394656056418e-03
8.590000000000003411e+00 3.037104158869717921e-02 -5.833835300239813802e-03
8.600000000000001421e+00 2.849526307419405005e-02 -7.514192758733908434e-03
8.609999999999999432e+00 2.660326516980974706e-02 -9.187510115784879375e-03
8.619999999999997442e+00 2.469493297342193611e-02 -1.085375093252098286e-02
8.630000000000002558e+00 2.277017903820285558e-02 -1.251262946610630887e-02
8.640000000000000568e+00 2.082894413253638319e-02 -1.416440767044728141e-02
8.649999999999998579e+00 1.887119795075970288e-02 -1.580875678309820107e-02
8.660000000000003695e+00 1.689693977343743880e-02 -1.744592792171669599e-02
8.670000000000001705e+00 1.490619907597041938e-02 -1.907586161525961707e-02
8.679999999999999716e+00 1.289903608442833152e-02 -2.069826897771906080e-02
8.689999999999997726e+00 1.087554227759107359e-02 -2.231334999501955602e-02
8.700000000000002842e+00 8.835840834273597441e-03 -2.392078502457025552e-02
8.710000000000000853e+00 6.780087025108042127e-03 -2.552074989939078983e-02
8.719999999999998863e+00 4.708468548045499115e-03 -2.711315773210728683e-02
8.730000000000003979e+00 2.621205806948217597e-03 -2.869772068111690541e-02
8.740000000000001990e+00 5.185521327299925020e-04 -3.027456388826740841e-02
8.750000000000000000e+00 -1.599206053392675632e-03 -3.184338274055060342e-02
8.759999999999998010e+00 -3.731749134879390126e-03 -3.340426679065244125e-02
8.770000000000003126e+00 -5.878724253314110242e-03 -3.495710023563201180e-02
8.780000000000001137e+00 -8.039745320464437156e-03 -3.650160191256630188e-02
8.789999999999999147e+00 -1.021439308899513287e-02 -3.803781418504373346e-02
8.800000000000004263e+00 -1.240221528177245722e-02 -3.956545425263568311e-02
8.810000000000002274e+00 -1.460272677960964931e-02 -4.108451966565615510e-02
8.820000000000000284e+00 -1.681540986719004885e-02 -4.259486698030760798e-02
8.829999999999998295e+00 -1.903971453681882128e-02 -4.409622845125937829e-02
8.840000000000003411e+00 -2.127505884954892720e-02 -4.558856073542030124e-02
8.850000000000001421e+00 -2.352082935313640905e-02 -4.707161010072928586e-02
8.859999999999999432e+00 -2.577638155617819823e-02 -4.854528160393507819e-02
8.869999999999997442e+00 -2.804104045770052303e-02 -5.000940794731884714e-02
8.880000000000002558e+00 -3.031410113136287152e-02 -5.146374222707895268e-02
8.890000000000000568e+00 -3.259482936336365044e-02 -5.290815729617638630e-02
8.899999999999998579e+00 -3.488246234303146731e-02 -5.434243576848731688e-02
8.910000000000003695e+00 -3.717620940500854232e-02 -5.576639466300923470e-02
8.920000000000001705e+00 -3.947525282184479595e-02 -5.717984873549939590e-02
8.929999999999999716e+00 -4.177874864573286745e-02 -5.858257955987739712e-02
8.939999999999997726e+00 -4.408582759804267892e-02 -5.997438252608691678e-02
8.950000000000002842e+00 -4.639559600522277782e-02 -6.135508341767192259e-02
8.960000000000000853e+00 -4.870713677957714399e-02 -6.272442011838572085e-02
8.969999999999998863e+00 -5.101951044333204871e-02 -6.408219696988830261e-02
8.980000000000003979e+00 -5.333175619435386733e-02 -6.542823137333277084e-02
8.990000000000001990e+00 -5.564289301180133651e-02 -6.676225145248770865e-02
9.000000000000000000e+00 -5.795192079993521928e-02 -6.808413205751298602e-02
9.009999999999998010e+00 -6.025782156824292801e-02 -6.939354460245765466e-02
9.020000000000003126e+00 -6.255956064598121313e-02 -7.069029160382427068e-02
9.030000000000001137e+00 -6.485608792917925414e-02 -7.197423285592098596e-02
9.039999999999999147e+00 -6.714633915809893605e-02 -7.324504253374074236e-02
9.050000000000004263e+00 -6.942923722309060630e-02 -7.450264908121653762e-02
9.060000000000002274e+00 -7.170369349675262405e-02 -7.574667304419128999e-02
9.070000000000000284e+00 -7.396860919024099423e-02 -7.697692415105410191e-02
9.079999999999998295e+00 -7.622287673155635213e-02 -7.819330990469372522e-02
9.090000000000003411e+00 -7.846538116358843518e-02 -7.939546612248812862e-02
9.100000000000001421e+00 -8.069500155967369859e-02 -8.058337761227676865e-02
9.109999999999999432e+00 -8.291061245439131089e-02 -8.175663166338331678e-02
9.119999999999997442e+00 -8.511108528730187972e-02 -8.291505408705023006e-02
9.130000000000002558e+00 -8.729528985731042912e-02 -8.405860374914093935e-02
9.140000000000000568e+00 -8.946209578532630935e-02 -8.518689506104064335e-02
9.149999999999998579e+00 -9.161037398287059930e-02 -8.629996989926465301e-02
9.160000000000003695e+00 -9.373899812428217182e-02 -8.739740094138265247e-02
9.170000000000001705e+00 -9.584684612016697303e-02 -8.847903819980235118e-02
9.179999999999999716e+00 -9.793280158973315108e-02 -8.954489356601727512e-02
9.189999999999997726e+00 -9.999575532966002711e-02 -9.059457742380955247e-02
9.200000000000002842e+00 -1.020346067771554788e-01 -9.162818714756518212e-02
9.210000000000000853e+00 -1.040482654648670346e-01 -9.264529950028796423e-02
9.219999999999998863e+00 -1.060356524653314481e-01 -9.364579553327226358e-02
9.230000000000003979e+00 -1.079957018226575249e-01 -9.462973960307842491e-02
9.240000000000001990e+00 -1.099273619691675391e-01 -9.559675496213486390e-02
9.250000000000000000e+00 -1.118295971247460774e-01 -9.654699053861814928e-02
9.259999999999998010e+00 -1.137013886766743559e-01 -9.748004499248283383e-02
9.270000000000003126e+00 -1.155417365377598704e-01 -9.839583552900110774e-02
9.280000000000001137e+00 -1.173496604806132659e-01 -9.929447606816536875e-02
9.289999999999999147e+00 -1.191242014459591714e-01 -1.001756183032981584e-01
9.300000000000004263e+00 -1.208644228229126122e-01 -1.010394564226115011e-01
9.310000000000002274e+00 -1.225694116992051275e-01 -1.018856270557415150e-01
9.320000000000000284e+00 -1.242382800793840614e-01 -1.027140866205071973e-01
9.329999999999998295e+00 -1.258701660690727808e-01 -1.035249933620974866e-01
9.340000000000003411e+00 -1.274642350234280186e-01 -1.043180409256936059e-01
9.350000000000001421e+00 -1.290196806579955446e-01 -1.050934602637645654e-01
9.359999999999999432e+00 -1.305357261202211017e-01 -1.058509395784067719e-01
9.369999999999997442e+00 -1.320116250199460384e-01 -1.065904752925527776e-01
9.380000000000002558e+00 -1.334466624172743199e-01 -1.073122625311310890e-01
9.390000000000000568e+00 -1.348401557662810002e-01 -1.080160477394447455e-01
9.399999999999998579e+00 -1.361914558130888075e-01 -1.087020882046430270e-01
9.410000000000003695e+00 -1.374999474469265348e-01 -1.093701342549381894e-01
9.420000000000001705e+00 -1.387650505028540093e-01 -1.100202207695066270e-01
9.429999999999999716e+00 -1.399862205149166039e-01 -1.106525703509501357e-01
9.439999999999997726e+00 -1.411629494185746292e-01 -1.112669899885265073e-01
9.450000000000002842e+00 -1.422947662013340220e-01 -1.118637513199217115e-01
9.460000000000000853e+00 -1.433812375005884543e-01 -1.124426738988239527e-01
9.469999999999998863e+00 -1.444219681477695583e-01 -1.130038272316088582e-01
9.480000000000003979e+00 -1.454166016579861165e-01 -1.135474504019662323e-01
9.490000000000001990e+00 -1.463648206644221628e-01 -1.140734153160029157e-01
9.500000000000000000e+00 -1.472663472968539777e-01 -1.145819948982202269e-01
9.509999999999998010e+00 -1.481209435037316724e-01 -1.150730813548986042e-01
9.520000000000003126e+00 -1.489284113173664770e-01 -1.155467729040201147e-01
9.530000000000001137e+00 -1.496885930618516991e-01 -1.160033129774389327e-01
9.539999999999999147e+00 -1.504013715034373255e-01 -1.164426393155706951e-01
9.550000000000004263e+00 -1.510666699431729432e-01 -1.168650125369345011e-01
9.560000000000002274e+00 -1.516844522517221960e-01 -1.172703972286800733e-01
9.570000000000000284e+00 -1.522547228463434488e-01 -1.176589126332560353e-01
9.579999999999998295e+00 -1.527775266101273899e-01 -1.180307937953807562e-01
9.590000000000003411e+00 -1.532529487536680168e-01 -1.183860418473408754e-01
9.600000000000001421e+00 -1.536811146194380084e-01 -1.187248915814898553e-01
9.609999999999999432e+00 -1.540621894292305005e-01 -1.190473761551532200e-01
9.619999999999997442e+00 -1.543963779751136023e-01 -1.193536267959181274e-01
9.630000000000002558e+00 -1.546839242544402748e-01 -1.196438574091522045e-01
9.640000000000000568e+00 -1.549251110495381556e-01 -1.199181269818397899e-01
9.649999999999998579e+00 -1.551202594527911482e-01 -1.201766316581940053e-01
9.660000000000003695e+00 -1.552697283379149140e-01 -1.204194661489685209e-01
9.670000000000001705e+00 -1.553739137783037294e-01 -1.206467637769472745e-01
9.679999999999999716e+00 -1.554332484134168801e-01 -1.208587051488485692e-01
9.689999999999997726e+00 -1.554482007642475072e-01 -1.210553988911215045e-01
9.700000000000002842e+00 -1.554192744989992547e-01 -1.212369909965811399e-01
9.710000000000000853e+00 -1.553470076501700936e-01 -1.214036279914701560e-01
9.719999999999998863e+00 -1.552319717843198277e-01 -1.215554351108635578e-01
9.730000000000003979e+00 -1.550747711258690931e-01 -1.216925487019355767e-01
9.740000000000001990e+00 -1.548760416363488823e-01 -1.218151166807256852e-01
9.750000000000000000e+00 -1.546364500505864881e-01 -1.219232252901701619e-01
9.759999999999998010e+00 -1.543566928713803466e-01 -1.220170610220626950e-01
9.770000000000003126e+00 -1.540374953242791833e-01 -1.220967311327966626e-01
9.780000000000001137e+00 -1.536796102741390391e-01 -1.221623185196801381e-01
9.789999999999999147e+00 -1.532838171051938148e-01 -1.222139985438709248e-01
9.800000000000004263e+00 -1.528509205664223547e-01 -1.222517905279761063e-01
9.810000000000002274e+00 -1.523817495840552594e-01 -1.222759076682143065e-01
9.820000000000000284e+00 -1.518771560431051715e-01 -1.222864302252801988e-01
9.829999999999998295e+00 -1.513380135398567361e-01 -1.222833807378472387e-01
9.840000000000003411e+00 -1.507652161072883801e-01 -1.222669493758438697e-01
9.850000000000001421e+00 -1.501596769154431021e-01 -1.222370842335372548e-01
9.859999999999999432e+00 -1.495223269487971074e-01 -1.221940112954968266e-01
9.869999999999997442e+00 -1.488541136627090922e-01 -1.221377762328576255e-01
9.880000000000002558e+00 -1.481559996210633778e-01 -1.220683370227496067e-01
9.890000000000000568e+00 -1.474289611172434900e-01 -1.219858859449399618e-01
9.899999999999998579e+00 -1.466739867805963438e-01 -1.218902987428569368e-01
9.910000000000003695e+00 -1.458920761705668756e-01 -1.217818003921309206e-01
9.920000000000001705e+00 -1.450842383606969765e-01 -1.216603962916574383e-01
9.929999999999999716e+00 -1.442514905146940751e-01 -1.215259786757110494e-01
9.939999999999997726e+00 -1.433948564567850970e-01 -1.213787298916642748e-01
9.950000000000002842e+00 -1.425153652385732495e-01 -1.212184555889908033e-01
9.960000000000000853e+00 -1.416140497046211033e-01 -1.210453668091762136e-01
9.969999999999998863e+00 -1.406919450589728948e-01 -1.208594253088108722e-01
9.980000000000003979e+00 -1.397500874348347466e-01 -1.206604596094925930e-01
9.990000000000001990e+00 -1.387895124696108817e-01 -1.204486314145989667e-01
1.000000000000000000e+01 -1.378112538874880499e-01 -1.202472130410064538e-01
1.000999999999999801e+01 -1.368163420917422601e-01 -1.215836277203483917e-01
1.002000000000000313e+01 -1.358058027689219016e-01 -1.213731702723201827e-01
1.003000000000000114e+01 -1.347806555070381607e-01 -1.211452419247117662e-01
1.003999999999999915e+01 -1.337419124298686590e-01 -1.208996776645508420e-01
1.005000000000000426e+01 -1.326905768494502091e-01 -1.206363142307354946e-01
1.006000000000000227e+01 -1.316276419387986951e-01 -1.203549903820217981e-01
1.007000000000000028e+01 -1.305540894268705510e-01 -1.200555471653257794e-01
1.007999999999999829e+01 -1.294708883177255743e-01 -1.197378281840639491e-01
1.009000000000000341e+01 -1.283789936358204764e-01 -1.194016798662562023e-01
1.010000000000000142e+01 -1.272793451993114722e-01 -1.190469517321149917e-01
1.010999999999999943e+01 -1.261728664231978603e-01 -1.186734966608474079e-01
1.011999999999999744e+01 -1.250604631540891687e-01 -1.182811711563954843e-01
1.013000000000000256e+01 -1.239430225383215123e-01 -1.178698356118425272e-01
1.014000000000000057e+01 -1.228214119250943814e-01 -1.174393545722151877e-01
1.014999999999999858e+01 -1.216964778062424452e-01 -1.169895969954116710e-01
1.016000000000000369e+01 -1.205690447941919624e-01 -1.165204365109892976e-01
1.017000000000000171e+01 -1.194399146395902916e-01 -1.160317516765469043e-01
1.017999999999999972e+01 -1.183098652900295561e-01 -1.155234262314395050e-01
1.018999999999999773e+01 -1.171796499912222539e-01 -1.149953493475660143e-01
1.020000000000000284e+01 -1.160499964319078176e-01 -1.144474158769734629e-01
1.021000000000000085e+01 -1.149216059337081902e-01 -1.138795265960247105e-01
1.021999999999999886e+01 -1.137951526870670388e-01 -1.132915884458792766e-01
1.023000000000000398e+01 -1.126712830343411381e-01 -1.126835147690417177e-01
1.024000000000000199e+01 -1.115506148010263349e-01 -1.120552255417347348e-01
1.025000000000000000e+01 -1.104337366760325817e-01 -1.114066476018596014e-01
1.025999999999999801e+01 -1.093212076418323825e-01 -1.107377148723089066e-01
1.027000000000000313e+01 -1.082135564552366980e-01 -1.100483685794031580e-01
1.028000000000000114e+01 -1.071112811794620312e-01 -1.093385574662261023e-01
1.028999999999999915e+01 -1.060148487680781793e-01 -1.086082380006390125e-01
1.030000000000000426e+01 -1.049246947013345588e-01 -1.078573745777591658e-01
1.031000000000000227e+01 -1.038412226752849915e-01 -1.070859397166932930e-01
1.032000000000000028e+01 -1.027648043440463621e-01 -1.062939142513214669e-01
1.032999999999999829e+01 -1.016957791154382007e-01 -1.054812875149336304e-01
1.034000000000000341e+01 -1.006344540001679611e-01 -1.046480575185253364e-01
1.035000000000000142e+01 -9.958110351464247167e-02 -1.037942311225671793e-01
1.035999999999999943e+01 -9.853596963739855163e-02 -1.029198242020656490e-01
1.036999999999999744e+01 -9.749926181906351519e-02 -1.020248618047426836e-01
1.038000000000000256e+01 -9.647115704567034433e-02 -1.011093783021647929e-01
1.039000000000000057e+01 -9.545179995506823667e-02 -1.001734175336608940e-01
1.039999999999999858e+01 -9.444130300608810646e-02 -9.921703294287363695e-02
1.041000000000000369e+01 -9.343974670003583893e-02 -9.824028770679643641e-02
1.042000000000000171e+01 -9.244717985400921489e-02 -9.724325485715500095e-02
1.042999999999999972e+01 -9.146361992544879693e-02 -9.622601739399889997e-02
1.043999999999999773e+01 -9.048905338725604652e-02 -9.518866839137687941e-02
1.045000000000000284e+01 -8.952343615273428146e-02 -9.413131109497471782e-02
1.046000000000000085e+01 -8.856669404952766111e-02 -9.305405901160460069e-02
1.046999999999999886e+01 -8.761872334165896059e-02 -9.195703599043980603e-02
1.048000000000000398e+01 -8.667939129869527137e-02 -9.084037629589694629e-02
1.049000000000000199e+01 -8.574853681099472991e-02 -8.970422467207632422e-02
1.050000000000000000e+01 -8.482597104991740355e-02 -8.854873639867670565e-02
1.050999999999999801e+01 -8.391147817181740520e-02 -8.737407733831029089e-02
1.052000000000000313e+01 -8.300481606456218409e-02 -8.618042397515035535e-02
1.053000000000000114e+01 -8.210571713526372550e-02 -8.496796344485164909e-02
1.053999999999999915e+01 -8.121388913784383101e-02 -8.373689355569222115e-02
1.055000000000000426e+01 -8.032901603899242349e-02 -8.248742280089188528e-02
1.056000000000000227e+01 -7.945075892102251847e-02 -8.121977036207213285e-02
1.057000000000000028e+01 -7.857875692007293411e-02 -7.993416610382841903e-02
1.057999999999999829e+01 -7.771262819804797273e-02 -7.863085055939378343e-02
1.059000000000000341e+01 -7.685197094664701634e-02 -7.731007490738237009e-02
1.060000000000000142e+01 -7.599636442177437612e-02 -7.597210093960674038e-02
1.060999999999999943e+01 -7.514537000658878807e-02 -7.461720101997244836e-02
1.061999999999999744e+01 -7.429853230140043285e-02 -7.324565803446048129e-02
1.063000000000000256e+01 -7.345538023859046750e-02 -7.185776533221592544e-02
1.064000000000000057e+01 -7.261542822068789427e-02 -7.045382665776901698e-02
1.064999999999999858e+01 -7.177817727971159967e-02 -6.903415607442275892e-02
1.066000000000000369e+01 -7.094311625584709402e-02 -6.759907787884833485e-02
1.067000000000000171e+01 -7.010972299351037051e-02 -6.614892650693732223e-02
1.067999999999999972e+01 -6.927746555281971697e-02 -6.468404643096783979e-02
1.068999999999999773e+01 -6.844580343448164461e-02 -6.320479204814836993e-02
1.070000000000000284e+01 -6.761418881607485221e-02 -6.171152756061066419e-02
1.071000000000000085e+01 -6.678206779770846924e-02 -6.020462684693109190e-02
1.071999999999999886e+01 -6.594888165501294752e-02 -5.868447332526569721e-02
1.073000000000000398e+01 -6.511406809741994428e-02 -5.715145980819328481e-02
1.074000000000000199e+01 -6.427706252968115597e-02 -5.560598834936524015e-02
1.075000000000000000e+01 -6.343729931457416094e-02 -5.404847008207103176e-02
1.075999999999999801e+01 -6.259421303474706211e-02 -5.247932504983197910e-02
1.077000000000000313e+01 -6.174723975165875151e-02 -5.089898202914472369e-02
1.078000000000000114e+01 -6.089581825957939704e-02 -4.930787834450161417e-02
1.078999999999999915e+01 -6.003939133262846395e-02 -4.770645967582209934e-02
1.080000000000000426e+01 -5.917740696284250895e-02 -4.609517985843476079e-02
1.081000000000000227e+01 -5.830931958728124975e-02 -4.447450067575669380e-02
1.082000000000000028e+01 -5.743459130220542053e-02 -4.284489164482303131e-02
1.082999999999999829e+01 -5.655269306238037974e-02 -4.120682979482432479e-02
1.084000000000000341e+01 -5.566310586358726165e-02 -3.956079943881665728e-02
1.085000000000000142e+01 -5.476532190645713033e-02 -3.790729193877395709e-02
1.085999999999999943e+01 -5.385884573977133688e-02 -3.624680546415777471e-02
1.086999999999999744e+01 -5.294319538141144255e-02 -3.457984474418560744e-02
1.088000000000000256e+01 -5.201790341517981142e-02 -3.290692081398292890e-02
1.089000000000000057e+01 -5.108251806175050092e-02 -3.122855075481043713e-02
1.089999999999999858e+01 -5.013660422205967054e-02 -2.954525742856103920e-02
1.091000000000000369e+01 -4.917974449148633520e-02 -2.785756920672823392e-02
1.092000000000000171e+01 -4.821154014322600462e-02 -2.616601969404912242e-02
1.092999999999999972e+01 -4.723161207931089733e-02 -2.447114744703222239e-02
1.093999999999999773e+01 -4.623960174778386778e-02 -2.277349568758220769e-02
1.095000000000000284e+01 -4.523517202458986197e-02 -2.107361201193900038e-02
1.096000000000000085e+01 -4.421800805880698321e-02 -1.937204809515208695e-02
1.096999999999999886e+01 -4.318781807989752891e-02 -1.766935939131342170e-02
1.098000000000000398e+01 -4.214433416572672259e-02 -1.596610482977749157e-02
1.099000000000000199e+01 -4.108731297015425638e-02 -1.426284650759842773e-02
1.100000000000000000e+01 -4.001653640907439080e-02 -1.256014937841783141e-02
1.100999999999999801e+01 -3.893181230384743646e-02 -1.085858093803989365e-02
1.102000000000000313e+01 -3.783297498112889179e-02 -9.158710906932808829e-03
1.103000000000000114e+01 -3.671988582818738051e-02 -7.461110909896362213e-03
1.103999999999999915e+01 -3.559243380284841940e-02 -5.766354153140807771e-03
1.105000000000000426e+01 -3.445053589730660143e-02 -4.075015099021116367e-03
1.106000000000000227e+01 -3.329413755509215422e-02 -2.387669138672840821e-03
1.107000000000000028e+01 -3.212321304057655369e-02 -7.048922627998545094e-04
1.107999999999999829e+01 -3.093776576045912871e-02 9.727392691384412681e-04
1.109000000000000341e+01 -2.973782853676713162e-02 2.644649261088245426e-03
1.110000000000000142e+01 -2.852346383097077373e-02 4.310261913660162411e-03
1.110999999999999943e+01 -2.729476391889110870e-02 5.969002158232708348e-03
1.111999999999999744e+01 -2.605185101616704427e-02 7.620295991648261789e-03
1.113000000000000256e+01 -2.479487735411023408e-02 9.263570811248898404e-03
1.114000000000000057e+01 -2.352402520586637652e-02 1.089825574999784934e-02
1.114999999999999858e+01 -2.223950686287833739e-02 1.252378201143531690e-02
1.116000000000000369e+01 -2.094156456171625963e-02 1.413958320421497723e-02
1.117000000000000171e+01 -1.963047036142854737e-02 1.574509567597025261e-02
1.117999999999999972e+01 -1.830652597163548098e-02 1.733975884625879940e-02
1.118999999999999773e+01 -1.697006253167106585e-02 1.892301553833521111e-02
1.120000000000000284e+01 -1.562144034114981705e-02 2.049431230950274352e-02
1.121000000000000085e+01 -1.426104854241391946e-02 2.205309977979798275e-02
1.121999999999999886e+01 -1.288930475538525508e-02 2.359883295876031434e-02
1.123000000000000398e+01 -1.150665466543347726e-02 2.513097157004432966e-02
1.124000000000000199e+01 -1.011357156492162165e-02 2.664898037363120156e-02
1.125000000000000000e+01 -8.710555849187255270e-03 2.815232948540040067e-02
1.125999999999999801e+01 -7.298134467766418873e-03 2.964049469382355056e-02
1.127000000000000313e+01 -5.876860331747944463e-03 3.111295777354526615e-02
1.128000000000000114e+01 -4.447311678209282804e-03 3.256920679561873394e-02
1.128999999999999915e+01 -3.010091392748148135e-03 3.400873643416700565e-02
1.130000000000000426e+01 -1.565826291192989840e-03 3.543104826924298179e-02
1.131000000000000227e+01 -1.151663616302095033e-04 3.683565108566524970e-02
1.132000000000000028e+01 1.341216032046365888e-03 3.822206116761045491e-02
1.132999999999999829e+01 2.802626983805884750e-03 3.958980258874530284e-02
1.134000000000000341e+01 4.268351915056453443e-03 4.093840749768701964e-02
1.135000000000000142e+01 5.737656478754646870e-03 4.226741639858262733e-02
1.135999999999999943e+01 7.209787496631149019e-03 4.357637842660339045e-02
1.136999999999999744e+01 8.683973928061113415e-03 4.486485161815453176e-02
1.138000000000000256e+01 1.015942786906262954e-02 4.613240317560347165e-02
1.139000000000000057e+01 1.163534557986549076e-02 4.737860972633663875e-02
1.139999999999999858e+01 1.311090853944400433e-02 4.860305757595743958e-02
1.141000000000000369e+01 1.458528452537551784e-02 4.980534295544337270e-02
1.142000000000000171e+01 1.605762871734505229e-02 5.098507226208667115e-02
1.142999999999999972e+01 1.752708482258608785e-02 5.214186229404499384e-02
1.143999999999999773e+01 1.899278622151184814e-02 5.327534047833701325e-02
1.145000000000000284e+01 2.045385713176892453e-02 5.438514509212035580e-02
1.146000000000000085e+01 2.190941378891329491e-02 5.547092547709708832e-02
1.146999999999999886e+01 2.335856564189400797e-02 5.653234224689474702e-02
1.148000000000000398e+01 2.480041656149959903e-02 5.756906748727995404e-02
1.149000000000000199e+01 2.623406605991543752e-02 5.858078494906384520e-02
1.150000000000000000e+01 2.765861051952024988e-02 5.956719023356688014e-02
1.150999999999999801e+01 2.907314442904065238e-02 6.052799097051525523e-02
1.152000000000000313e+01 3.047676162517471213e-02 6.146290698824747462e-02
1.153000000000000114e+01 3.186855653778989522e-02 6.237167047611592852e-02
1.153999999999999915e+01 3.324762543679842669e-02 6.325402613897347648e-02
1.155000000000000426e+01 3.461306767881400931e-02 6.410973134364285342e-02
1.156000000000000227e+01 3.596398695169848725e-02 6.493855625727086578e-02
1.157000000000000028e+01 3.729949251511038150e-02 6.574028397747819219e-02
1.157999999999999829e+01 3.861870043518182694e-02 6.651471065421933615e-02
1.159000000000000341e+01 3.992073481145579084e-02 6.726164560327534125e-02
1.160000000000000142e+01 4.120472899423881230e-02 6.798091141130842285e-02
1.160999999999999943e+01 4.246982679053572934e-02 6.867234403241262441e-02
1.161999999999999744e+01 4.371518365675659129e-02 6.933579287610285025e-02
1.163000000000000256e+01 4.493996787640845009e-02 6.997112088669038554e-02
1.164000000000000057e+01 4.614336172101523442e-02 7.057820461399914869e-02
1.164999999999999858e+01 4.732456259252716679e-02 7.115693427538394289e-02
1.166000000000000369e+01 4.848278414552704280e-02 7.170721380901952380e-02
1.167000000000000171e+01 4.961725738756421478e-02 7.222896091843337973e-02
1.167999999999999972e+01 5.072723175598074785e-02 7.272210710826429447e-02
1.168999999999999773e+01 5.181197616965369651e-02 7.318659771123392499e-02
1.170000000000000284e+01 5.287078005408881592e-02 7.362239190632498265e-02
1.171000000000000085e+01 5.390295433836812117e-02 7.402946272816783579e-02
1.171999999999999886e+01 5.490783242249118457e-02 7.440779706764140411e-02
1.173000000000000398e+01 5.588477111369490047e-02 7.475739566370245837e-02
1.174000000000000199e+01 5.683315153039260326e-02 7.507827308646380926e-02
1.175000000000000000e+01 5.775237997242037291e-02 7.537045771154708695e-02
1.175999999999999801e+01 5.864188875633627451e-02 7.563399168574369558e-02
1.177000000000000313e+01 5.950113701456979237e-02 7.586893088402225926e-02
1.178000000000000114e+01 6.032961145728030911e-02 7.607534485792921686e-02
1.178999999999999915e+01 6.112682709583890789e-02 7.625331677543281672e-02
1.180000000000000426e+01 6.189232792690932405e-02 7.640294335226942291e-02
1.181000000000000227e+01 6.262568757616868154e-02 7.652433477485522106e-02
1.182000000000000028e+01 6.332650990076565956e-02 7.661761461483394819e-02
1.182999999999999829e+01 6.399442954968451169e-02 7.668291973533541972e-02
1.184000000000000341e+01 6.462911248124492136e-02 7.672040018902788472e-02
1.185000000000000142e+01 6.523025643703608822e-02 7.673021910805029322e-02
1.185999999999999943e+01 6.579759137164933880e-02 7.671255258591813675e-02
1.186999999999999744e+01 6.633087983764422713e-02 7.666758955150211607e-02
1.188000000000000256e+01 6.682991732524824757e-02 7.659553163518265095e-02
1.189000000000000057e+01 6.729453255636463904e-02 7.649659302729056032e-02
1.189999999999999858e+01 6.772458773252847120e-02 7.637100032894865442e-02
1.191000000000000369e+01 6.811997873652275715e-02 7.621899239543418469e-02
1.192000000000000171e+01 6.848063528743911221e-02 7.604082017218663503e-02
1.192999999999999972e+01 6.880652104903453581e-02 7.583674652359218005e-02
1.193999999999999773e+01 6.909763369131023680e-02 7.560704605467816197e-02
1.195000000000000284e+01 6.935400490530532758e-02 7.535200492585800158e-02
1.196000000000000085e+01 6.957570037117224993e-02 7.507192066087042814e-02
1.196999999999999886e+01 6.976281967966982411e-02 7.476710194806145127e-02
1.198000000000000398e+01 6.991549620727625924e-02 7.443786843516222995e-02
1.199000000000000199e+01 7.003389694519972231e-02 7.408455051771921374e-02
1.200000000000000000e+01 7.011822228262798440e-02 7.370748912133867625e-02
1.200999999999999801e+01 7.016870574462787113e-02 7.330703547790930197e-02
1.202000000000000313e+01 7.018561368517374499e-02 7.288355089597302328e-02
1.203000000000000114e+01 7.016924493584728029e-02 7.243740652541515168e-02
1.203999999999999915e+01 7.011993041081891753e-02 7.196898311665056447e-02
1.205000000000000426e+01 7.003803266878430578e-02 7.147867077448451234e-02
1.206000000000000227e+01 6.992394543259040918e-02 7.096686870683069359e-02
1.207000000000000028e+01 6.977809306735019423e-02 7.043398496847172452e-02
1.207999999999999829e+01 6.960093001790097766e-02 6.988043620005066070e-02
1.209000000000000341e+01 6.939294020652499173e-02 6.930664736248363933e-02
1.210000000000000142e+01 6.915463639190215506e-02 6.871305146698783450e-02
1.210999999999999943e+01 6.888655949032460035e-02 6.810008930092058266e-02
1.211999999999999744e+01 6.858927786025439954e-02 6.746820914962732563e-02
1.213000000000000256e+01 6.826338655135708033e-02 6.681786651449854453e-02
1.214000000000000057e+01 6.790950651919343273e-02 6.614952382743881365e-02
1.214999999999999858e+01 6.752828380680178655e-02 6.546365016194999331e-02
1.216000000000000369e+01 6.712038869444539313e-02 6.476072094103575705e-02
1.217000000000000171e+01 6.668651481884708965e-02 6.404121764213351053e-02
1.217999999999999972e+01 6.622737826327085298e-02 6.330562749928154986e-02
1.218999999999999773e+01 6.574371661985253801e-02 6.255444320273144398e-02
1.220000000000000284e+01 6.523628802561659557e-02 6.178816259621519591e-02
1.221000000000000085e+01 6.470587017365292404e-02 6.100728837207864547e-02
1.221999999999999886e+01 6.415325930095638896e-02 6.021232776449202823e-02
1.223000000000000398e+01 6.357926915446604488e-02 5.940379224095061056e-02
1.224000000000000199e+01 6.298472993686475563e-02 5.858219719227693301e-02
1.225000000000000000e+01 6.237048723372629749e-02 5.774806162133729048e-02
1.225999999999999801e+01 6.173740092362064308e-02 5.690190783068542479e-02
1.227000000000000313e+01 6.108634407280477685e-02 5.604426110934483674e-02
1.228000000000000114e+01 6.041820181614797336e-02 5.517564941894215896e-02
1.228999999999999915e+01 5.973387022595078033e-02 5.429660307940294139e-02
1.230000000000000426e+01 5.903425517033303316e-02 5.340765445442029191e-02
1.231000000000000227e+01 5.832027116287167440e-02 5.250933763690637801e-02
1.232000000000000028e+01 5.759284020518126018e-02 5.160218813463638560e-02
1.232999999999999829e+01 5.685289062412784977e-02 5.068674255629145725e-02
1.234000000000000341e+01 5.610135590537563416e-02 4.976353829810842289e-02
1.235000000000000142e+01 5.533917352495668074e-02 4.883311323134104792e-02
1.235999999999999943e+01 5.456728378056104750e-02 4.789600539073599755e-02
1.236999999999999744e+01 5.378662862422562557e-02 4.695275266422607729e-02
1.238000000000000256e+01 5.299815049810436413e-02 4.600389248404054138e-02
1.239000000000000057e+01 5.220279117498028559e-02 4.504996151943007482e-02
1.239999999999999858e+01 5.140149060517373858e-02 4.409149537120343743e-02
1.241000000000000369e+01 5.059518577148082452e-02 4.312902826826845587e-02
1.242000000000000171e+01 4.978480955375863548e-02 4.216309276636909936e-02
1.242999999999999972e+01 4.897128960475222864e-02 4.119421944920767520e-02
1.243999999999999773e+01 4.815554723873759907e-02 4.022293663213785675e-02
1.245000000000000284e+01 4.733849633452201500e-02 3.924977006861221640e-02
1.246000000000000085e+01 4.652104225432522611e-02 3.827524265956463306e-02
1.246999999999999886e+01 4.570408078002533708e-02 3.729987416590541810e-02
1.248000000000000398e+01 4.488849706822457125e-02 3.632418092430281242e-02
1.249000000000000199e+01 4.407516462556046455e-02 3.534867556642309894e-02
1.250000000000000000e+01 4.326494430563813248e-02 3.437386674179621071e-02
1.250999999999999801e+01 4.245868332893657643e-02 3.340025884447164750e-02
1.252000000000000313e+01 4.165721432698949594e-02 3.242835174362565520e-02
1.253000000000000114e+01 4.086135441210414498e-02 3.145864051827670926e-02
1.253999999999999915e+01 4.007190427383734016e-02 3.049161519626276615e-02
1.255000000000000426e+01 3.928964730339817857e-02 2.952776049763000676e-02
1.256000000000000227e+01 3.851534874710593054e-02 2.856755558257909056e-02
1.257000000000000028e+01 3.774975488997588807e-02 2.761147380411014748e-02
1.257999999999999829e+01 3.699359227046073589e-02 2.665998246550449133e-02
1.259000000000000341e+01 3.624756692731807145e-02 2.571354258277705127e-02
1.260000000000000142e+01 3.551236367952785578e-02 2.477260865222759983e-02
1.260999999999999943e+01 3.478864544012286175e-02 2.383762842321728373e-02
1.261999999999999744e+01 3.407705256474372058e-02 2.290904267629011865e-02
1.263000000000000256e+01 3.337820223567335848e-02 2.198728500675595568e-02
1.264000000000000057e+01 3.269268788204469228e-02 2.107278161384694079e-02
1.264999999999999858e+01 3.202107863686392414e-02 2.016595109555439566e-02
1.266000000000000369e+01 3.136391883142561343e-02 1.926720424924893010e-02
1.267000000000000171e+01 3.072172752763984577e-02 1.837694387818195399e-02
1.267999999999999972e+01 3.009499808873337956e-02 1.749556460396182664e-02
1.268999999999999773e+01 2.948419778872042249e-02 1.662345268509334700e-02
1.270000000000000284e+01 2.888976746098351547e-02 1.576098584166443425e-02
1.271000000000000085e+01 2.831212118624141724e-02 1.490853308625974920e-02
1.271999999999999886e+01 2.775164602011672213e-02 1.406645456117480188e-02
1.273000000000000398e+01 2.720870176046177868e-02 1.323510138200068020e-02
1.274000000000000199e+01 2.668362075453085611e-02 1.241481548764438586e-02
1.275000000000000000e+01 2.617670774603391565e-02 1.160592949684391938e-02
1.275999999999999801e+01 2.568823976203967255e-02 1.080876657123383024e-02
1.277000000000000313e+01 2.521846603963893291e-02 1.002364028501146268e-02
1.278000000000000114e+01 2.476760799221787435e-02 9.250854501248616593e-03
1.278999999999999915e+01 2.433585921512912420e-02 8.490703254889923890e-03
1.280000000000000426e+01 2.392338553049339067e-02 7.743470642472926116e-03
1.281000000000000227e+01 2.353032507080219174e-02 7.009430718601039438e-03
1.282000000000000028e+01 2.315678840093626789e-02 6.288847399195089498e-03
1.282999999999999829e+01 2.280285867815712991e-02 5.581974371545086328e-03
1.284000000000000341e+01 2.246859184957410507e-02 4.889055011177456320e-03
1.285000000000000142e+01 2.215401688653218307e-02 4.210322305550914281e-03
1.285999999999999943e+01 2.185913605531501422e-02 3.545998784586248259e-03
1.286999999999999744e+01 2.158392522350327525e-02 2.896296458033281035e-03
1.288000000000000256e+01 2.132833420127847046e-02 2.261416759671565704e-03
1.289000000000000057e+01 2.109228711690995864e-02 1.641550498338435055e-03
1.289999999999999858e+01 2.087568282561820185e-02 1.036877815771782875e-03
1.291000000000000369e+01 2.067839535095901404e-02 4.475681512518693951e-04
1.292000000000000171e+01 2.050027435782458482e-02 -1.262197869790400190e-04
1.292999999999999972e+01 2.034114565611971209e-02 -6.843380435448147194e-04
1.293999999999999773e+01 2.020081173412658498e-02 -1.226649431040357282e-03
1.295000000000000284e+01 2.007905232052709446e-02 -1.753027538448196721e-03
1.296000000000000085e+01 1.997562497402321363e-02 -2.263356732904743627e-03
1.296999999999999886e+01 1.989026569944833331e-02 -2.757532154858857981e-03
1.298000000000000398e+01 1.982268958923659105e-02 -3.235459706669450378e-03
1.299000000000000199e+01 1.977259148907811737e-02 -3.697056034693396807e-03
1.300000000000000000e+01 1.973964668656284782e-02 -4.142248504918285418e-03
1.300999999999999801e+01 1.972351162158301682e-02 -4.570975172198736731e-03
1.302000000000000313e+01 1.972382461723875061e-02 -4.983184743159839100e-03
1.303000000000000114e+01 1.974020662997000297e-02 -5.378836532833234686e-03
1.303999999999999915e+01 1.977226201760883678e-02 -5.757900415096713770e-03
1.305000000000000426e+01 1.981957932403559039e-02 -6.120356766991309413e-03
1.306000000000000227e+01 1.988173207909547935e-02 -6.466196406993119337e-03
1.307000000000000028e+01 1.995827961242070334e-02 -6.795420527320573424e-03
1.307999999999999829e+01 2.004876787979289338e-02 -7.108040620362316570e-03
1.309000000000000341e+01 2.015273030066096552e-02 -7.404078399312096978e-03
1.310000000000000142e+01 2.026968860543042900e-02 -7.683565713102690452e-03
1.310999999999999943e+01 2.039915369112551072e-02 -7.946544455732187928e-03
1.311999999999999744e+01 2.054062648402611019e-02 -8.193066470079158475e-03
1.313000000000000256e+01 2.069359880787750502e-02 -8.423193446307751867e-03
1.314000000000000057e+01 2.085755425627029355e-02 -8.636996814964006952e-03
1.314999999999999858e+01 2.103196906779179753e-02 -8.834557634870142395e-03
1.316000000000000369e+01 2.121631300255437391e-02 -9.015966475923608073e-03
1.317000000000000171e+01 2.141005021871331820e-02 -9.181323296912357462e-03
1.317999999999999972e+01 2.161264014759189250e-02 -9.330737318458732013e-03
1.318999999999999773e+01 2.182353836605073136e-02 -9.464326891207698253e-03
1.320000000000000284e+01 2.204219746474334746e-02 -9.582219359376390952e-03
1.321000000000000085e+01 2.226806791092099738e-02 -9.684550919785230721e-03
1.321999999999999886e+01 2.250059890446234889e-02 -9.771466476491439540e-03
1.323000000000000398e+01 2.273923922582989782e-02 -9.843119491149108363e-03
1.324000000000000199e+01 2.298343807466916508e-02 -9.899671829220892116e-03
1.325000000000000000e+01 2.323264589779486244e-02 -9.941293602168102192e-03
1.325999999999999801e+01 2.348631520533274800e-02 -9.968163005748055180e-03
1.327000000000000313e+01 2.374390137381204857e-02 -9.980466154548478519e-03
1.328000000000000114e+01 2.400486343503355213e-02 -9.978396912890786022e-03
1.328999999999999915e+01 2.426866484956760606e-02 -9.962156722234050132e-03
1.330000000000000426e+01 2.453477426377275936e-02 -9.931954425214360033e-03
1.331000000000000227e+01 2.480266624925239749e-02 -9.888006086454298113e-03
1.332000000000000028e+01 2.507182202371296270e-02 -9.830534810277373123e-03
1.332999999999999829e+01 2.534173015221261732e-02 -9.759770555465750730e-03
1.334000000000000341e+01 2.561188722783987876e-02 -9.675949947196869211e-03
1.335000000000000142e+01 2.588179853089124863e-02 -9.579316086298417243e-03
1.335999999999999943e+01 2.615097866566410204e-02 -9.470118355959311965e-03
1.336999999999999744e+01 2.641895217402544585e-02 -9.348612226035682427e-03
1.338000000000000256e+01 2.668525412495161703e-02 -9.215059055092003279e-03
1.339000000000000057e+01 2.694943067929236533e-02 -9.069725890315438396e-03
1.339999999999999858e+01 2.721103962904430559e-02 -8.912885265444640825e-03
1.341000000000000369e+01 2.746965091047740351e-02 -8.744814996851115602e-03
1.342000000000000171e+01 2.772484709049724896e-02 -8.565797977913595582e-03
1.342999999999999972e+01 2.797622382567981764e-02 -8.376121971825297580e-03
1.343999999999999773e+01 2.822339029346058320e-02 -8.176079402971389923e-03
1.345000000000000284e+01 2.846596959501250870e-02 -7.965967147017503219e-03
1.346000000000000085e+01 2.870359912939399877e-02 -7.746086319846186979e-03
1.346999999999999886e+01 2.893593093860272539e-02 -7.516742065479838433e-03
1.348000000000000398e+01 2.916263202321802209e-02 -7.278243343126608068e-03
1.349000000000000199e+01 2.938338462836893872e-02 -7.030902713486336317e-03
1.350000000000000000e+01 2.959788649981427017e-02 -6.775036124451528849e-03
1.350999999999999801e+01 2.980585110997181070e-02 -6.510962696338477677e-03
1.352000000000000313e+01 3.000700785378952046e-02 -6.239004506782181575e-03
1.353000000000000114e+01 3.020110221439677514e-02 -5.959486375427353218e-03
1.353999999999999915e+01 3.038789589852963768e-02 -5.672735648547550663e-03
1.355000000000000426e+01 3.056716694177245494e-02 -5.379081983722562577e-03
1.356000000000000227e+01 3.073870978371093590e-02 -5.078857134702817466e-03
1.357000000000000028e+01 3.090233531313808443e-02 -4.772394736588803955e-03
1.357999999999999829e+01 3.105787088350977013e-02 -4.460030091451507202e-03
1.359000000000000341e+01 3.120516029889065443e-02 -4.142099954518747677e-03
1.360000000000000142e+01 3.134406377068076760e-02 -3.818942321050429380e-03
1.360999999999999943e+01 3.147445784546583358e-02 -3.490896214024046158e-03
1.361999999999999744e+01 3.159623530437184746e-02 -3.158301472750726663e-03
1.363000000000000256e+01 3.170930503435913372e-02 -2.821498542539125146e-03
1.364000000000000057e+01 3.181359187193348592e-02 -2.480828265524332582e-03
1.364999999999999858e+01 3.190903641979167538e-02 -2.136631672774965459e-03
1.366000000000000369e+01 3.199559483697051593e-02 -1.789249777791901332e-03
1.367000000000000171e+01 3.207323860310074687e-02 -1.439023371508434037e-03
1.367999999999999972e+01 3.214195425741617207e-02 -1.086292818900427707e-03
1.368999999999999773e+01 3.220174311320009308e-02 -7.313978573126773963e-04
1.370000000000000284e+01 3.225262094839748822e-02 -3.746773966058330996e-04
1.371000000000000085e+01 3.229461767314852766e-02 -1.646932122565819906e-05
1.371999999999999886e+01 3.232777697504347902e-02 3.428897057057286933e-04
1.373000000000000398e+01 3.235215594292494001e-02 7.030644361782475895e-04
1.374000000000000199e+01 3.236782467010068665e-02 1.063721228868382907e-03
1.375000000000000000e+01 3.237486583785792460e-02 1.424528238404822785e-03
1.375999999999999801e+01 3.237337428020088670e-02 1.785155602236062960e-03
1.377000000000000313e+01 3.236345653075717310e-02 2.145275625011919696e-03
1.378000000000000114e+01 3.234523035282915043e-02 2.504562960391777497e-03
1.378999999999999915e+01 3.231882425358405947e-02 2.862694790198056123e-03
1.380000000000000426e+01 3.228437698340377165e-02 3.219351000832514683e-03
1.381000000000000227e+01 3.224203702143263461e-02 3.574214356878105663e-03
1.382000000000000028e+01 3.219196204837783404e-02 3.926970671809852653e-03
1.382999999999999829e+01 3.213431840763938258e-02 4.277308975741402237e-03
1.384000000000000341e+01 3.206928055585338971e-02 4.624921680137107811e-03
1.385000000000000142e+01 3.199703050395141107e-02 4.969504739420183524e-03
1.385999999999999943e+01 3.191775724984484419e-02 5.310757809412302959e-03
1.386999999999999744e+01 3.183165620385372541e-02 5.648384402541026771e-03
1.388000000000000256e+01 3.173892860800678339e-02 5.982092039753839595e-03
1.389000000000000057e+01 3.163978095034138821e-02 6.311592399081989227e-03
1.389999999999999858e+01 3.153442437533907072e-02 6.636601460797641149e-03
1.391000000000000369e+01 3.142307409162822113e-02 6.956839649111717754e-03
1.392000000000000171e+01 3.130594877808948184e-02 7.272031970362326930e-03
1.392999999999999972e+01 3.118326998949151607e-02 7.581908147645780201e-03
1.393999999999999773e+01 3.105526156278358776e-02 7.886202751844881634e-03
1.395000000000000284e+01 3.092214902516311065e-02 8.184655329012222730e-03
1.396000000000000085e+01 3.078415900502584970e-02 8.477010524067974881e-03
1.396999999999999886e+01 3.064151864690019961e-02 8.763018200774679023e-03
1.398000000000000398e+01 3.049445503144916289e-02 9.042433557954240864e-03
1.399000000000000199e+01 3.034319460161356841e-02 9.315017241914342813e-03
1.400000000000000000e+01 3.018796259595191850e-02 9.580535455053844698e-03
1.400999999999999801e+01 3.002898249021490606e-02 9.838760060620553929e-03
1.402000000000000313e+01 2.986647544817294317e-02 1.008946868359531825e-02
1.403000000000000114e+01 2.970065978269523579e-02 1.033244480768068761e-02
1.403999999999999915e+01 2.953175042805231132e-02 1.056747786837196855e-02
1.405000000000000426e+01 2.935995842439496906e-02 1.079436334209430901e-02
1.406000000000000227e+01 2.918549041533170449e-02 1.101290283139030358e-02
1.407000000000000028e+01 2.900854815950183740e-02 1.122290414614415463e-02
1.407999999999999829e+01 2.882932805701151485e-02 1.142418138083253244e-02
1.409000000000000341e+01 2.864802069157116465e-02 1.161655498779195703e-02
1.410000000000000142e+01 2.846481038913805175e-02 1.179985184649798118e-02
1.410999999999999943e+01 2.827987479383804043e-02 1.197390532885111297e-02
1.411999999999999744e+01 2.809338446190537408e-02 1.213855536046720869e-02
1.413000000000000256e+01 2.790550247434118655e-02 1.229364847797382969e-02
1.414000000000000057e+01 2.771638406896172191e-02 1.243903788231361281e-02
1.414999999999999858e+01 2.752617629246126990e-02 1.257458348805971272e-02
1.416000000000000369e+01 2.733501767308389382e-02 1.270015196874966536e-02
1.417000000000000171e+01 2.714303791445303593e-02 1.281561679824649164e-02
1.417999999999999972e+01 2.695035761107341873e-02 1.292085828813671795e-02
1.418999999999999773e+01 2.675708798597293409e-02 1.301576362117915983e-02
1.420000000000000284e+01 2.656333065091503326e-02 1.310022688081739425e-02
1.421000000000000085e+01 2.636917738956853080e-02 1.317414907677272838e-02
1.421999999999999886e+01 2.617470996397762081e-02 1.323743816673658528e-02
1.423000000000000398e+01 2.597999994463404475e-02 1.329000907418071732e-02
1.424000000000000199e+01 2.578510856440928423e-02 1.333178370230795641e-02
1.425000000000000000e+01 2.559008659655751319e-02 1.336269094416652446e-02
1.425999999999999801e+01 2.539497425696028710e-02 1.338266668895299501e-02
1.427000000000000313e+01 2.519980113073870889e-02 1.339165382453070229e-02
1.428000000000000114e+01 2.500458612331106154e-02 1.338960223619158063e-02
1.428999999999999915e+01 2.480933743593231183e-02 1.337646880169190630e-02
1.430000000000000426e+01 2.461405256570899092e-02 1.335221738259249023e-02
1.431000000000000227e+01 2.441871833003411360e-02 1.331681881193715923e-02
1.432000000000000028e+01 2.422331091534593930e-02 1.327025087830313935e-02
1.432999999999999829e+01 2.402779595007172378e-02 1.321249830625905244e-02
1.434000000000000341e+01 2.383212860156946195e-02 1.314355273326820936e-02
1.435000000000000142e+01 2.363625369684255878e-02 1.306341268307508255e-02
1.435999999999999943e+01 2.344010586675700919e-02 1.297208353561452726e-02
1.436999999999999744e+01 2.324360971345018623e-02 1.286957749348528399e-02
1.438000000000000256e+01 2.304668000057722918e-02 1.275591354502943892e-02
1.439000000000000057e+01 2.284922186600190502e-02 1.263111742406072303e-02
1.439999999999999858e+01 2.265113105650005260e-02 1.249522156628741706e-02
1.441000000000000369e+01 2.245229418400093019e-02 1.234826506247378893e-02
1.442000000000000171e+01 2.225258900285705457e-02 1.219029360838742686e-02
1.442999999999999972e+01 2.205188470759581257e-02 1.202135945158019047e-02
1.443999999999999773e+01 2.185004225056771249e-02 1.184152133505069621e-02
1.445000000000000284e+01 2.164691467887265228e-02 1.165084443783823316e-02
1.446000000000000085e+01 2.144234748991317996e-02 1.144940031259818365e-02
1.446999999999999886e+01 2.123617900488653648e-02 1.123726682021077006e-02
1.448000000000000398e+01 2.102824075950161450e-02 1.101452806147382515e-02
1.449000000000000199e+01 2.081835791117199810e-02 1.078127430593422108e-02
1.450000000000000000e+01 2.060634966190868361e-02 1.053760191790998994e-02
1.450999999999999801e+01 2.039202969611195876e-02 1.028361327975834370e-02
1.452000000000000313e+01 2.017520663242998447e-02 1.001941671244407223e-02
1.453000000000000114e+01 1.995568448883178886e-02 9.745126393464465658e-03
1.453999999999999915e+01 1.973326316001887751e-02 9.460862272186419675e-03
1.455000000000000426e+01 1.950773890627396576e-02 9.166749982653174186e-03
1.456000000000000227e+01 1.927890485283258529e-02 8.862920753917957403e-03
1.457000000000000028e+01 1.904655149883783052e-02 8.549511317961583368e-03
1.457999999999999829e+01 1.881046723492698497e-02 8.226663815254295006e-03
1.459000000000000341e+01 1.857043886848110462e-02 7.894525698019155824e-03
1.460000000000000142e+01 1.832625215555661741e-02 7.553249631256707224e-03
1.460999999999999943e+01 1.807769233850513649e-02 7.202993391591206059e-03
1.461999999999999744e+01 1.782454468828060037e-02 6.843919763998259145e-03
1.463000000000000256e+01 1.756659505041958252e-02 6.476196436473885716e-03
1.464000000000000057e+01 1.730363039368040118e-02 6.099995892707131724e-03
1.464999999999999858e+01 1.703543936031813241e-02 5.715495302815844572e-03
1.466000000000000369e+01 1.676181281696845216e-02 5.322876412208139840e-03
1.467000000000000171e+01 1.648254440511879096e-02 4.922325428631023000e-03
1.467999999999999972e+01 1.619743109013692742e-02 4.514032907468010745e-03
1.468999999999999773e+01 1.590627370783652059e-02 4.098193635347679824e-03
1.470000000000000284e+01 1.560887750756119810e-02 3.675006512126158080e-03
1.471000000000000085e+01 1.530505269077178133e-02 3.244674431305363729e-03
1.471999999999999886e+01 1.499461494413386990e-02 2.807404158950145470e-03
1.473000000000000398e+01 1.467738596610834549e-02 2.363406211167131711e-03
1.474000000000000199e+01 1.435319398606108542e-02 1.912894730207692975e-03
1.475000000000000000e+01 1.402187427491737373e-02 1.456087359258777031e-03
1.475999999999999801e+01 1.368326964640559883e-02 9.932051159841745643e-04
1.477000000000000313e+01 1.333723094794560943e-02 5.244722648796915337e-04
1.478000000000000114e+01 1.298361754026284252e-02 5.011618850489296873e-05
1.478999999999999915e+01 1.262229776480893600e-02 -4.296327423444107102e-04
1.480000000000000426e+01 1.225314939812593464e-02 -9.145412994607086694e-04
1.481000000000000227e+01 1.187606009227056177e-02 -1.404373528982751692e-03
1.482000000000000028e+01 1.149092780047059753e-02 -1.898890884023414667e-03
1.482999999999999829e+01 1.109766118719728890e-02 -2.397852358104699769e-03
1.484000000000000341e+01 1.069618002186452713e-02 -2.901014619337192145e-03
1.485000000000000142e+01 1.028641555539538954e-02 -3.408132145279535712e-03
1.485999999999999943e+01 9.868310878925494814e-03 -3.918957358416517642e-03
1.486999999999999744e+01 9.441821263940568601e-03 -4.433240762192281262e-03
1.488000000000000256e+01 9.006914483180408423e-03 -4.950731077535363428e-03
1.489000000000000057e+01 8.563571111669134733e-03 -5.471175379813944181e-03
1.489999999999999858e+01 8.111784807271295306e-03 -5.994319236158046800e-03
1.491000000000000369e+01 7.651562570201099651e-03 -6.519906843086708745e-03
1.492000000000000171e+01 7.182924980953376073e-03 -7.047681164377430155e-03
1.492999999999999972e+01 6.705906416157421217e-03 -7.577384069116900080e-03
1.493999999999999773e+01 6.220555241892865121e-03 -8.108756469869643144e-03
1.495000000000000284e+01 5.726933984046052133e-03 -8.641538460904226934e-03
1.496000000000000085e+01 5.225119475322770150e-03 -9.175469456414706709e-03
1.496999999999999886e+01 4.715202978571564861e-03 -9.710288328676770775e-03
1.498000000000000398e+01 4.197290286113420504e-03 -1.024573354607657104e-02
1.499000000000000199e+01 3.671501794814071087e-03 -1.078154331095247491e-02
1.500000000000000000e+01 3.137972556672722832e-03 -1.131745569718829551e-02
1.500999999999999801e+01 2.596852304746526379e-03 -1.185320878749820429e-02
1.502000000000000313e+01 2.048305454268024937e-03 -1.238854081034331325e-02
1.503000000000000114e+01 1.492511078856517204e-03 -1.292319027641945783e-02
1.503999999999999915e+01 9.296628617648926719e-04 -1.345689611465754679e-02
1.505000000000000426e+01 3.599690221450554516e-04 -1.398939780767670220e-02
1.506000000000000227e+01 -2.163477836407394646e-04 -1.452043552663179193e-02
1.507000000000000028e+01 -7.990505855972281947e-04 -1.504975026539574594e-02
1.507999999999999829e+01 -1.387888248450624105e-03 -1.557708397402017032e-02
1.509000000000000341e+01 -1.982595644632400601e-03 -1.610217969141418404e-02
1.510000000000000142e+01 -2.582893851697406346e-03 -1.662478167718579522e-02
1.510999999999999943e+01 -3.188490373945734174e-03 -1.714463554258754269e-02
1.511999999999999744e+01 -3.799079387974399046e-03 -1.766148838050993902e-02
1.513000000000000256e+01 -4.414342011842975304e-03 -1.817508889446613554e-02
1.514000000000000057e+01 -5.033946597505346496e-03 -1.868518752651193715e-02
1.514999999999999858e+01 -5.657549046108876697e-03 -1.919153658404533155e-02
1.516000000000000369e+01 -6.284793145736415447e-03 -1.969389036543039290e-02
1.517000000000000171e+01 -6.915310931119260721e-03 -2.019200528439115197e-02
1.517999999999999972e+01 -7.548723064818833699e-03 -2.068563999312008489e-02
1.518999999999999773e+01 -8.184639239333839703e-03 -2.117455550404876569e-02
1.520000000000000284e+01 -8.822658599559315973e-03 -2.165851531022610493e-02
1.521000000000000085e+01 -9.462370184985791771e-03 -2.213728550425188291e-02
1.521999999999999886e+01 -1.010335339099619270e-02 -2.261063489571291801e-02
1.523000000000000398e+01 -1.074517844858487517e-02 -2.307833512707036655e-02
1.524000000000000199e+01 -1.138740692179209327e-02 -2.354016078794625086e-02
1.525000000000000000e+01 -1.202959222211825649e-02 -2.399588952775874584e-02
1.525999999999999801e+01 -1.267128013915365566e-02 -2.444530216665658298e-02
1.527000000000000313e+01 -1.331200938662979033e-02 -2.488818280470121713e-02
1.528000000000000114e+01 -1.395131216307629943e-02 -2.532431892924997055e-02
1.528999999999999915e+01 -1.458871472623849037e-02 -2.575350152048979172e-02
1.530000000000000426e+01 -1.522373798039116516e-02 -2.617552515507515221e-02
1.531000000000000227e+01 -1.585589807565887174e-02 -2.659018810782182510e-02
1.532000000000000028e+01 -1.648470701843445310e-02 -2.699729245141151146e-02
1.532999999999999829e+01 -1.710967329196869113e-02 -2.739664415405979742e-02
1.534000000000000341e+01 -1.773030248618463756e-02 -2.778805317510387243e-02
1.535000000000000142e+01 -1.834609793575685613e-02 -2.817133355846467013e-02
1.535999999999999943e+01 -1.895656136547916801e-02 -2.854630352394037576e-02
1.536999999999999744e+01 -1.956119354193119539e-02 -2.891278555628808838e-02
1.538000000000000256e+01 -2.015949493044731297e-02 -2.927060649205192808e-02
1.539000000000000057e+01 -2.075096635637621936e-02 -2.961959760409604847e-02
1.539999999999999858e+01 -2.133510966961400107e-02 -2.995959468380201413e-02
1.541000000000000369e+01 -2.191142841138783715e-02 -3.029043812089167800e-02
1.542000000000000171e+01 -2.247942848226362408e-02 -3.061197298083546611e-02
1.542999999999999972e+01 -2.303861881034209233e-02 -3.092404907981039300e-02
1.543999999999999773e+01 -2.358851201861634356e-02 -3.122652105716782964e-02
1.545000000000000284e+01 -2.412862509045439127e-02 -3.151924844537866421e-02
1.546000000000000085e+01 -2.465848003217741002e-02 -3.180209573741724083e-02
1.546999999999999886e+01 -2.517760453170999821e-02 -3.207493245155327438e-02
1.548000000000000398e+01 -2.568553261227627532e-02 -3.233763319351566634e-02
1.549000000000000199e+01 -2.618180528013162867e-02 -3.259007771599891495e-02
1.550000000000000000e+01 -2.666597116532245029e-02 -3.283215097547893119e-02
1.550999999999999801e+01 -2.713758715447807737e-02 -3.306374318630984910e-02
1.552000000000000313e+01 -2.759621901465231231e-02 -3.328474987207204194e-02
1.553000000000000114e+01 -2.804144200724235578e-02 -3.349507191414452523e-02
1.553999999999999915e+01 -2.847284149103189790e-02 -3.369461559747387314e-02
1.555000000000000426e+01 -2.889001351341465365e-02 -3.388329265351563285e-02
1.556000000000000227e+01 -2.929256538888399750e-02 -3.406102030032288203e-02
1.557000000000000028e+01 -2.968011626387963287e-02 -3.422772127975996087e-02
1.557999999999999829e+01 -3.005229766711425832e-02 -3.438332389181801563e-02
1.559000000000000341e+01 -3.040875404452046682e-02 -3.452776202601382655e-02
1.560000000000000142e+01 -3.074914327798162345e-02 -3.466097518985055553e-02
1.560999999999999943e+01 -3.107313718703812178e-02 -3.478290853432404461e-02
1.561999999999999744e+01 -3.138042201278092025e-02 -3.489351287645706123e-02
1.563000000000000256e+01 -3.167069888318103238e-02 -3.499274471884630117e-02
1.564000000000000057e+01 -3.194368425912030157e-02 -3.508056626620884022e-02
1.564999999999999858e+01 -3.219911036043018177e-02 -3.515694543891398349e-02
1.566000000000000369e+01 -3.243672557126724143e-02 -3.522185588349120711e-02
1.567000000000000171e+01 -3.265629482419066948e-02 -3.527527698010254203e-02
1.567999999999999972e+01 -3.285759996233947322e-02 -3.531719384697252356e-02
1.568999999999999773e+01 -3.304044007913811698e-02 -3.534759734176792789e-02
1.570000000000000284e+01 -3.320463183499807597e-02 -3.536648405992246641e-02
1.571000000000000085e+01 -3.335000975051431726e-02 -3.537385632990209389e-02
1.571999999999999886e+01 -3.347642647569608332e-02 -3.536972220540873790e-02
1.573000000000000398e+01 -3.358375303480353596e-02 -3.535409545452169316e-02
1.574000000000000199e+01 -3.367187904640413232e-02 -3.532699554577758277e-02
1.575000000000000000e+01 -3.374071291829796454e-02 -3.528844763119026035e-02
1.575999999999999801e+01 -3.379018201700029200e-02 -3.523848252621567673e-02
1.577000000000000313e+01 -3.382023281151075311e-02 -3.517713668666644367e-02
1.578000000000000114e+01 -3.383083099113486092e-02 -3.510445218258333167e-02
1.578999999999999915e+01 -3.382196155716696989e-02 -3.502047666907236873e-02
1.580000000000000426e+01 -3.379362888828132960e-02 -3.492526335411794136e-02
1.581000000000000227e+01 -3.374585677952080670e-02 -3.481887096338374954e-02
1.582000000000000028e+01 -3.367868845480906370e-02 -3.470136370201536147e-02
1.582999999999999829e+01 -3.359218655296045825e-02 -3.457281121345964076e-02
1.584000000000000341e+01 -3.348643308719183309e-02 -3.443328853531783112e-02
1.585000000000000142e+01 -3.336152937819200637e-02 -3.428287605225117940e-02
1.585999999999999943e+01 -3.321759596083677379e-02 -3.412165944595953182e-02
1.586999999999999744e+01 -3.305477246468223329e-02 -3.394972964225443507e-02
1.588000000000000256e+01 -3.287321746840794062e-02 -3.376718275525109753e-02
1.589000000000000057e+01 -3.267310832841985313e-02 -3.357412002870410750e-02
1.589999999999999858e+01 -3.245464098186636587e-02 -3.337064777451471953e-02
1.591000000000000369e+01 -3.221802972435357931e-02 -3.315687730843756842e-02
1.592000000000000171e+01 -3.196350696269049246e-02 -3.293292488301847315e-02
1.592999999999999972e+01 -3.169132294302884345e-02 -3.269891161779488187e-02
1.593999999999999773e+01 -3.140174545480047680e-02 -3.245496342679288215e-02
1.595000000000000284e+01 -3.109505951089334627e-02 -3.220121094335699069e-02
1.596000000000000085e+01 -3.077156700454018387e-02 -3.193778944234944295e-02
1.596999999999999886e+01 -3.043158634343131122e-02 -3.166483875975877743e-02
1.598000000000000398e+01 -3.007545206159653595e-02 -3.138250320975714824e-02
1.599000000000000199e+01 -2.970351440963473616e-02 -3.109093149925052160e-02
1.600000000000000000e+01 -2.931613892390058304e-02 -3.079027663996398295e-02
1.600999999999999801e+01 -2.891370597529155026e-02 -3.048069585810934609e-02
1.602000000000000313e+01 -2.849661029830816844e-02 -3.016235050168144041e-02
1.603000000000000114e+01 -2.806526050108612211e-02 -2.983540594543192259e-02
1.603999999999999915e+01 -2.762007855713502838e-02 -2.950003149357258506e-02
1.605000000000000426e+01 -2.716149927953470655e-02 -2.915640028025814207e-02
1.606000000000000227e+01 -2.668996977837678752e-02 -2.880468916790376172e-02
1.607000000000000028e+01 -2.620594890225404899e-02 -2.844507864339224437e-02
1.607999999999999829e+01 -2.570990666463148291e-02 -2.807775271222697627e-02
1.609000000000000341e+01 -2.520232365594677476e-02 -2.770289879069011071e-02
1.610000000000000142e+01 -2.468369044231577200e-02 -2.732070759606412130e-02
1.610999999999999943e+01 -2.415450695173396514e-02 -2.693137303497951385e-02
1.611999999999999744e+01 -2.361528184867913230e-02 -2.653509208995032814e-02
1.613000000000000256e+01 -2.306653189804755075e-02 -2.613206470416172544e-02
1.614000000000000057e+01 -2.250878131935473217e-02 -2.572249366457467906e-02
1.614999999999999858e+01 -2.194256113216308188e-02 -2.530658448341537373e-02
1.616000000000000369e+01 -2.136840849369227649e-02 -2.488454527811624628e-02
1.617000000000000171e+01 -2.078686602959540705e-02 -2.445658664977859789e-02
1.617999999999999972e+01 -2.019848115887885182e-02 -2.402292156022689182e-02
1.618999999999999773e+01 -1.960380541395843196e-02 -2.358376520772691512e-02
1.620000000000000284e+01 -1.900339375685063809e-02 -2.313933490143995839e-02
1.621000000000000085e+01 -1.839780389249373593e-02 -2.268984993468743314e-02
1.621999999999999886e+01 -1.778759558020819379e-02 -2.223553145710097101e-02
1.623000000000000398e+01 -1.717332994429266943e-02 -2.177660234573373932e-02
1.624000000000000199e+01 -1.655556878476505817e-02 -2.131328707521011265e-02
1.625000000000000000e+01 -1.593487388924439557e-02 -2.084581158699178038e-02
1.625999999999999801e+01 -1.531180634697137770e-02 -2.037440315783926870e-02
1.627000000000000313e+01 -1.468692586596118815e-02 -1.989929026754820238e-02
1.628000000000000114e+01 -1.406079009426767883e-02 -1.942070246604091915e-02
1.628999999999999915e+01 -1.343395394634159731e-02 -1.893887023989513502e-02
1.630000000000000426e+01 -1.280696893544034341e-02 -1.845402487839104683e-02
1.631000000000000227e+01 -1.218038251305333074e-02 -1.796639833915966364e-02
1.632000000000000028e+01 -1.155473741627340185e-02 -1.747622311351564039e-02
1.632999999999999829e+01 -1.093057102405222553e-02 -1.698373209155847746e-02
1.634000000000000341e+01 -1.030841472324292053e-02 -1.648915842712575519e-02
1.635000000000000142e+01 -9.688793285326265450e-03 -1.599273540268360619e-02
1.635999999999999943e+01 -9.072224254699915932e-03 -1.549469629423928622e-02
1.636999999999999744e+01 -8.459217349379054979e-03 -1.499527423636089034e-02
1.638000000000000256e+01 -7.850273874950273317e-03 -1.449470208739028938e-02
1.639000000000000057e+01 -7.245886152584505788e-03 -1.399321229493433183e-02
1.639999999999999858e+01 -6.646536961903893974e-03 -1.349103676172122047e-02
1.641000000000000369e+01 -6.052698999459345600e-03 -1.298840671190702040e-02
1.642000000000000171e+01 -5.464834353562329598e-03 -1.248555255791902220e-02
1.642999999999999972e+01 -4.883393996179794666e-03 -1.198270376792160037e-02
1.643999999999999773e+01 -4.308817292571310437e-03 -1.148008873399034360e-02
1.645000000000000284e+01 -3.741531529329370030e-03 -1.097793464108056012e-02
1.646000000000000085e+01 -3.181951461437878929e-03 -1.047646733687465463e-02
1.646999999999999886e+01 -2.630478878950356838e-03 -9.975911202595173777e-03
1.648000000000000398e+01 -2.087502193837575959e-03 -9.476489024865988875e-03
1.649000000000000199e+01 -1.553396047547931811e-03 -8.978421868708301792e-03
1.650000000000000000e+01 -1.028520939758512543e-03 -8.481928951753724133e-03
1.650999999999999801e+01 -5.132228787904952617e-04 -7.987227519758320973e-03
1.652000000000000313e+01 -7.833054111282855320e-06 -7.494532723500468667e-03
1.653000000000000114e+01 4.873324686886239786e-04 -7.004057497144083877e-03
1.653999999999999915e+01 9.719730300836217909e-04 -6.516012438148880738e-03
1.655000000000000426e+01 1.445803635651089335e-03 -6.030605688807929611e-03
1.656000000000000227e+01 1.908555191673175092e-03 -5.548042819491940877e-03
1.657000000000000028e+01 2.359974717060730597e-03 -5.068526713679253996e-03
1.657999999999999829e+01 2.799825531386831816e-03 -4.592257454848975955e-03
1.659000000000000341e+01 3.227887418862480321e-03 -4.119432215313624697e-03
1.660000000000000142e+01 3.643956768119476722e-03 -3.650245147067144799e-03
1.660999999999999943e+01 4.047846687703575419e-03 -3.184887274722302160e-03
1.661999999999999744e+01 4.439387097224255924e-03 -2.723546390610210709e-03
1.663000000000000256e+01 4.818424794135403241e-03 -2.266406952114444467e-03
1.664000000000000057e+01 5.184823496169414445e-03 -1.813649981308899017e-03
1.664999999999999858e+01 5.538463859476039364e-03 -1.365452966969633343e-03
1.666000000000000369e+01 5.879243472562044326e-03 -9.219897690267052836e-04
1.667000000000000171e+01 6.207076826155798893e-03 -4.834305255228484618e-04
1.667999999999999972e+01 6.521895259169006344e-03 -4.994156214299894049e-05
1.668999999999999773e+01 6.823646880954446596e-03 3.783146956233679730e-04
1.670000000000000284e+01 7.112296470097451140e-03 8.011798076252243548e-04
1.671000000000000085e+01 7.387825350019167937e-03 1.218499401440261733e-03
1.671999999999999886e+01 7.650231241694825136e-03 1.630123251954198856e-03
1.673000000000000398e+01 7.899528093836070269e-03 2.035905358074925359e-03
1.674000000000000199e+01 8.135745890908954031e-03 2.435704016526544363e-03
1.675000000000000000e+01 8.358930439400509560e-03 2.829381892673559808e-03
1.675999999999999801e+01 8.569143132774952043e-03 3.216806088324214268e-03
1.677000000000000313e+01 8.766460695592313140e-03 3.597848206466732444e-03
1.678000000000000114e+01 8.950974907294444866e-03 3.972384412892448341e-03
1.678999999999999915e+01 9.122792306190846343e-03 4.340295494663461325e-03
1.680000000000000426e+01 9.282033874207272842e-03 4.701466915383101415e-03
1.681000000000000227e+01 9.428834702986515007e-03 5.055788867231336518e-03
1.682000000000000028e+01 9.563343641959140551e-03 5.403156319728419192e-03
1.682999999999999829e+01 9.685722929023886374e-03 5.743469065192595424e-03
1.684000000000000341e+01 9.796147804508254994e-03 6.076631760860344220e-03
1.685000000000000142e+01 9.894806109095603125e-03 6.402553967640174648e-03
1.685999999999999943e+01 9.981897866433287955e-03 6.721150185472499726e-03
1.686999999999999744e+01 1.005763485115425751e-02 7.032339885271588105e-03
1.688000000000000256e+01 1.012224014306640704e-02 7.336047537427479309e-03
1.689000000000000057e+01 1.017594766827857426e-02 7.632202636848741534e-03
1.689999999999999858e+01 1.021900172805380140e-02 7.920739724528358741e-03
1.691000000000000369e+01 1.025165651619499782e-02 8.201598405619871940e-03
1.692000000000000171e+01 1.027417562577879161e-02 8.474723364009766752e-03
1.692999999999999972e+01 1.028683154607340500e-02 8.740064373379678384e-03
1.693999999999999773e+01 1.028990515048186505e-02 8.997576304749203488e-03
1.695000000000000284e+01 1.028368517636351308e-02 9.247219130496973569e-03
1.696000000000000085e+01 1.026846769760671879e-02 9.488957924858468576e-03
1.696999999999999886e+01 1.024455559080462985e-02 9.722762860900841311e-03
1.698000000000000398e+01 1.021225799593098241e-02 9.948609203980161506e-03
1.699000000000000199e+01 1.017188977238479668e-02 1.016647730168659947e-02
1.700000000000000000e+01 1.012377095129365391e-02 1.037635257028729149e-02
1.700999999999999801e+01 1.006822618496015093e-02 1.057822547767862074e-02
1.702000000000000313e+01 1.000558419434082608e-02 1.077209152286253552e-02
1.703000000000000114e+01 9.936177215440430283e-03 1.095795121196423486e-02
1.703999999999999915e+01 9.860340445508080504e-03 1.113581003081076486e-02
1.705000000000000426e+01 9.778411489912644181e-03 1.130567841409345006e-02
1.706000000000000227e+01 9.690729810572666636e-03 1.146757171113885372e-02
1.707000000000000028e+01 9.597636176807745195e-03 1.162151014831629310e-02
1.707999999999999829e+01 9.499472119471974105e-03 1.176751878811213917e-02
1.709000000000000341e+01 9.396579389217991560e-03 1.190562748490383779e-02
1.710000000000000142e+01 9.289299419731842158e-03 1.203587083746882752e-02
1.710999999999999943e+01 9.177972796765335520e-03 1.215828813826693930e-02
1.711999999999999744e+01 9.062938733780841194e-03 1.227292331953639369e-02
1.713000000000000256e+01 8.944534555005642651e-03 1.237982489624603506e-02
1.714000000000000057e+01 8.823095186679655658e-03 1.247904590595029506e-02
1.714999999999999858e+01 8.698952657264454047e-03 1.257064384559367434e-02
1.716000000000000369e+01 8.572435607358151397e-03 1.265468060531560295e-02
1.717000000000000171e+01 8.443868810046238627e-03 1.273122239930808003e-02
1.717999999999999972e+01 8.313572702396476027e-03 1.280033969378148451e-02
1.718999999999999773e+01 8.181862928781225355e-03 1.286210713209469218e-02
1.720000000000000284e+01 8.049049896694610018e-03 1.291660345711044544e-02
1.721000000000000085e+01 7.915438345699013153e-03 1.296391143083632305e-02
1.721999999999999886e+01 7.781326930120189937e-03 1.300411775141581926e-02
1.723000000000000398e+01 7.647007816077808565e-03 1.303731296753529376e-02
1.724000000000000199e+01 7.512766293415870308e-03 1.306359139031440346e-02
1.725000000000000000e+01 7.378880403064302408e-03 1.308305100275064352e-02
1.725999999999999801e+01 7.245620580347881222e-03 1.309579336678895305e-02
1.727000000000000313e+01 7.113249314711055267e-03 1.310192352809123190e-02
1.728000000000000114e+01 6.982020826314903027e-03 1.310154991858028355e-02
1.728999999999999915e+01 6.852180759922865336e-03 1.309478425683627094e-02
1.730000000000000426e+01 6.723965896463566724e-03 1.308174144642476437e-02
1.731000000000000227e+01 6.597603882628542797e-03 1.306253947223644414e-02
1.732000000000000028e+01 6.473312978830515069e-03 1.303729929492158587e-02
1.732999999999999829e+01 6.351301825814769167e-03 1.300614474350274274e-02
1.734000000000000341e+01 6.231769230185981237e-03 1.296920240625074397e-02
1.735000000000000142e+01 6.114903969077451623e-03 1.292660151991109098e-02
1.735999999999999943e+01 6.000884614159075758e-03 1.287847385736853000e-02
1.736999999999999744e+01 5.889879375144567962e-03 1.282495361383849224e-02
1.738000000000000256e+01 5.782045962928378073e-03 1.276617729167728310e-02
1.739000000000000057e+01 5.677531472445145923e-03 1.270228358390027186e-02
1.739999999999999858e+01 5.576472285315248710e-03 1.263341325650273357e-02
1.741000000000000369e+01 5.478993992303637407e-03 1.255970902967541540e-02
1.742000000000000171e+01 5.385211335585456116e-03 1.248131545800947734e-02
1.742999999999999972e+01 5.295228170783252038e-03 1.239837880978611473e-02
1.743999999999999773e+01 5.209137448698817653e-03 1.231104694544652572e-02
1.745000000000000284e+01 5.127021216640348725e-03 1.221946919533872626e-02
1.746000000000000085e+01 5.048950639203828722e-03 1.212379623683764764e-02
1.746999999999999886e+01 4.974986038341301306e-03 1.202417997093699516e-02
1.748000000000000398e+01 4.905176952513331905e-03 1.192077339840973485e-02
1.749000000000000199e+01 4.839562214694745866e-03 1.181373049563598336e-02
1.750000000000000000e+01 4.778170048968070037e-03 1.170320609019618804e-02
1.750999999999999801e+01 4.721018185412102774e-03 1.158935573632863258e-02
1.752000000000000313e+01 4.668113992961668395e-03 1.147233559034925750e-02
1.753000000000000114e+01 4.619454629885481715e-03 1.135230228613276493e-02
1.753999999999999915e+01 4.575027211501765494e-03 1.122941281075342385e-02
1.755000000000000426e+01 4.534808994721101910e-03 1.110382438038318501e-02
1.756000000000000227e+01 4.498767578983931849e-03 1.097569431654618274e-02
1.757000000000000028e+01 4.466861123126930448e-03 1.084517992282632570e-02
1.757999999999999829e+01 4.439038577694990988e-03 1.071243836212505511e-02
1.759000000000000341e+01 4.415239932185332887e-03 1.057762653456702749e-02
1.760000000000000142e+01 4.395396476689743433e-03 1.044090095614818615e-02
1.760999999999999943e+01 4.379431077378570167e-03 1.030241763822300344e-02
1.761999999999999744e+01 4.367258465247501713e-03 1.016233196792431202e-02
1.763000000000000256e+01 4.358785537528908974e-03 1.002079858961038572e-02
1.764000000000000057e+01 4.353911671149485185e-03 9.877971287431284650e-03
1.764999999999999858e+01 4.352529047599134650e-03 9.734002869106691408e-03
1.766000000000000369e+01 4.354522988556827102e-03 9.589045051005924344e-03
1.767000000000000171e+01 4.359772301606689750e-03 9.443248344619145293e-03
1.767999999999999972e+01 4.368149635358643292e-03 9.296761944509098277e-03
1.768999999999999773e+01 4.379521843277681993e-03 9.149733617828620033e-03
1.770000000000000284e+01 4.393750355515128707e-03 9.002309595491768748e-03
1.771000000000000085e+01 4.410691558016845842e-03 8.854634465080037098e-03
1.771999999999999886e+01 4.430197178183966147e-03 8.706851065568770726e-03
1.773000000000000398e+01 4.452114676343022458e-03 8.559100383952468818e-03
1.774000000000000199e+01 4.476287642286124260e-03 8.411521453850014790e-03
1.775000000000000000e+01 4.502556196123708859e-03 8.264251256166166640e-03
1.775999999999999801e+01 4.530757392698643408e-03 8.117424621885275735e-03
1.777000000000000313e+01 4.560725628800171502e-03 7.971174137071629362e-03
1.778000000000000114e+01 4.592293052418735047e-03 7.825630050147101835e-03
1.778999999999999915e+01 4.625289973277399956e-03 7.680920181517274237e-03
1.780000000000000426e+01 4.659545273881559972e-03 7.537169835612732467e-03
1.781000000000000227e+01 4.694886820326418450e-03 7.394501715411702474e-03
1.782000000000000028e+01 4.731141872105811517e-03 7.253035839507471043e-03
1.782999999999999829e+01 4.768137490172911358e-03 7.112889461781742029e-03
1.784000000000000341e+01 4.805700942505305995e-03 6.974176993742683094e-03
1.785000000000000142e+01 4.843660106437031564e-03 6.837009929584693738e-03
1.785999999999999943e+01 4.881843867027503905e-03 6.701496774023690123e-03
1.787000000000000455e+01 4.920082510744621176e-03 6.567742972959911968e-03
1.788000000000000256e+01 4.958208113756330283e-03 6.435850847017273064e-03
1.789000000000000057e+01 4.996054924124169322e-03 6.305919528006552650e-03
1.789999999999999858e+01 5.033459737229175820e-03 6.178044898356184304e-03
1.791000000000000369e+01 5.070262263738000048e-03 6.052319533552087509e-03
1.792000000000000171e+01 5.106305489472882583e-03 5.928832647626309550e-03
1.792999999999999972e+01 5.141436026536967165e-03 5.807670041729876519e-03
1.793999999999999773e+01 5.175504455074142474e-03 5.688914055824167114e-03
1.795000000000000284e+01 5.208365655062689378e-03 5.572643523521272728e-03
1.796000000000000085e+01 5.239879127556795226e-03 5.458933730101669241e-03
1.796999999999999886e+01 5.269909304814995865e-03 5.347856373734618564e-03
1.798000000000000398e+01 5.298325848771786792e-03 5.239479529923657050e-03
1.799000000000000199e+01 5.325003937333989100e-03 5.133867619197408048e-03
1.800000000000000000e+01 5.349824538005660407e-03 5.031081378061849803e-03
1.800999999999999801e+01 5.372674668368216701e-03 4.931177833229301657e-03
1.802000000000000313e+01 5.393447642968402476e-03 4.834210279133987868e-03
1.803000000000000114e+01 5.412043306191213071e-03 4.740228258743979343e-03
1.803999999999999915e+01 5.428368250723020726e-03 4.649277547674272523e-03
1.805000000000000426e+01 5.442336021232395925e-03 4.561400141603408863e-03
1.806000000000000227e+01 5.453867302928259997e-03 4.476634246994474521e-03
1.807000000000000028e+01 5.462890094680048284e-03 4.395014275116531158e-03
1.807999999999999829e+01 5.469339866413508791e-03 4.316570839360830449e-03
1.809000000000000341e+01 5.473159700524329527e-03 4.241330755843411918e-03
1.810000000000000142e+01 5.474300417081538229e-03 4.169317047282156130e-03
1.810999999999999943e+01 5.472720682620233271e-03 4.100548950133842997e-03
1.812000000000000455e+01 5.468387102357033340e-03 4.035041924974412664e-03
1.813000000000000256e+01 5.461274295684830256e-03 3.972807670102209907e-03
1.814000000000000057e+01 5.451364954841453510e-03 3.913854138340983231e-03
1.814999999999999858e+01 5.438649886671490831e-03 3.858185557018546825e-03
1.816000000000000369e+01 5.423128037431932703e-03 3.805802451091033073e-03
1.817000000000000171e+01 5.404806500626166237e-03 3.756701669383546733e-03
1.817999999999999972e+01 5.383700507874640724e-03 3.710876413912390578e-03
1.818999999999999773e+01 5.359833402869742386e-03 3.668316272253627653e-03
1.820000000000000284e+01 5.333236598482656542e-03 3.629007252918295748e-03
1.821000000000000085e+01 5.303949517128366681e-03 3.592931823694295226e-03
1.821999999999999886e+01 5.272019514520587778e-03 3.560068952909545108e-03
1.823000000000000398e+01 5.237501786977957069e-03 3.530394153571334102e-03
1.824000000000000199e+01 5.200459262473856176e-03 3.503879530332647263e-03
1.825000000000000000e+01 5.160962475649609818e-03 3.480493829234533338e-03
1.825999999999999801e+01 5.119089427039275747e-03 3.460202490171095015e-03
1.827000000000000313e+01 5.074925426784321521e-03 3.442967702021315982e-03
1.828000000000000114e+01 5.028562923139014325e-03 3.428748460390151475e-03
1.828999999999999915e+01 4.980101316100916942e-03 3.417500627898256357e-03
1.830000000000000426e+01 4.929646756521516640e-03 3.409176996959179147e-03
1.831000000000000227e+01 4.877311931079365143e-03 3.403727354978759549e-03
1.832000000000000028e+01 4.823215833525787075e-03 3.401098551910970453e-03
1.832999999999999829e+01 4.767483522632607641e-03 3.401234570102541505e-03
1.834000000000000341e+01 4.710245867298024254e-03 3.404076596355698134e-03
1.835000000000000142e+01 4.651639279289197619e-03 3.409563096137723220e-03
1.835999999999999943e+01 4.591805434120639628e-03 3.417629889863540646e-03
1.837000000000000455e+01 4.530890980588542748e-03 3.428210231176845139e-03
1.838000000000000256e+01 4.469047239502835396e-03 3.441234887152093153e-03
1.839000000000000057e+01 4.406429892174815698e-03 3.456632220340003902e-03
1.839999999999999858e+01 4.343198659239968541e-03 3.474328272576667018e-03
1.841000000000000369e+01 4.279516970408386162e-03 3.494246850474911747e-03
1.842000000000000171e+01 4.215551625755069830e-03 3.516309612516200968e-03
1.842999999999999972e+01 4.151472449174381518e-03 3.540436157659240368e-03
1.843999999999999773e+01 4.087451934638696924e-03 3.566544115380847722e-03
1.845000000000000284e+01 4.023664885913210559e-03 3.594549237063043943e-03
1.846000000000000085e+01 3.960288050389260649e-03 3.624365488640408570e-03
1.846999999999999886e+01 3.897499747712434952e-03 3.655905144419468664e-03
1.848000000000000398e+01 3.835479493885793085e-03 3.689078881982391350e-03
1.849000000000000199e+01 3.774407621541968523e-03 3.723795878085605325e-03
1.850000000000000000e+01 3.714464897081835252e-03 3.759963905463631871e-03
1.850999999999999801e+01 3.655832135381528389e-03 3.797489430448159134e-03
1.852000000000000313e+01 3.598689812779267468e-03 3.836277711311660964e-03
1.853000000000000114e+01 3.543217679051267020e-03 3.876232897243783899e-03
1.853999999999999915e+01 3.489594369091046731e-03 3.917258127870369526e-03
1.855000000000000426e+01 3.437997015006083977e-03 3.959255633222199568e-03
1.856000000000000227e+01 3.388600859347062118e-03 4.002126834062638347e-03
1.857000000000000028e+01 3.341578870179025187e-03 4.045772442481799028e-03
1.857999999999999829e+01 3.297101358707767247e-03 4.090092562666158491e-03
1.859000000000000341e+01 3.255335600162761328e-03 4.134986791750846526e-03
1.860000000000000142e+01 3.216445458638752478e-03 4.180354320664693424e-03
1.860999999999999943e+01 3.180591016589100293e-03 4.226094034875583008e-03
1.862000000000000455e+01 3.147928209655855535e-03 4.272104614945881201e-03
1.863000000000000256e+01 3.118608467514083580e-03 4.318284636808067574e-03
1.864000000000000057e+01 3.092778361396195975e-03 4.364532671669698986e-03
1.864999999999999858e+01 3.070579258952883805e-03 4.410747385459727089e-03
1.866000000000000369e+01 3.052146987093525346e-03 4.456827637726959793e-03
1.867000000000000171e+01 3.037611503434771692e-03 4.502672579903478634e-03
1.867999999999999972e+01 3.027096576975541516e-03 4.548181752845499581e-03
1.868999999999999773e+01 3.020719478594199262e-03 4.593255183566892670e-03
1.870000000000000284e+01 3.018590681954095873e-03 4.637793481079668587e-03
1.871000000000000085e+01 3.020813575383620320e-03 4.681697931257585224e-03
1.871999999999999886e+01 3.027484185274094668e-03 4.724870590641491383e-03
1.873000000000000398e+01 3.038690911528358577e-03 4.767214379103306560e-03
1.874000000000000199e+01 3.054514275562636005e-03 4.808633171290098950e-03
1.875000000000000000e+01 3.075026681351569584e-03 4.849031886768894600e-03
1.875999999999999801e+01 3.100292189977817050e-03 4.888316578795358185e-03
1.877000000000000313e+01 3.130366308128575917e-03 4.926394521630250017e-03
1.878000000000000114e+01 3.165295790956896595e-03 4.963174296330033312e-03
1.878999999999999915e+01 3.205118459699392991e-03 4.998565874939424683e-03
1.880000000000000426e+01 3.249863034421381948e-03 5.032480703014406871e-03
1.881000000000000227e+01 3.299548982228456794e-03 5.064831780407296619e-03
1.882000000000000028e+01 3.354186381264263970e-03 5.095533740247413894e-03
1.882999999999999829e+01 3.413775800781591180e-03 5.124502926050687919e-03
1.884000000000000341e+01 3.478308197550254201e-03 5.151657466896512362e-03
1.885000000000000142e+01 3.547764828836193814e-03 5.176917350609978180e-03
1.885999999999999943e+01 3.622117182157179316e-03 5.200204494890008251e-03
1.887000000000000455e+01 3.701326921996329553e-03 5.221442816327302380e-03
1.888000000000000256e+01 3.785345853616322448e-03 5.240558297256384633e-03
1.889000000000000057e+01 3.874115904101513731e-03 5.257479050389443284e-03
1.889999999999999858e+01 3.967569120713491070e-03 5.272135381181824662e-03
1.891000000000000369e+01 4.065627686622861475e-03 5.284459847880344958e-03
1.892000000000000171e+01 4.168203954050436408e-03 5.294387319209509744e-03
1.892999999999999972e+01 4.275200494816957207e-03 5.301855029651511564e-03
1.893999999999999773e+01 4.386510168275971865e-03 5.306802632279472923e-03
1.895000000000000284e+01 4.502016206571504003e-03 5.309172249104752474e-03
1.896000000000000085e+01 4.621592317133447862e-03 5.308908518903017980e-03
1.896999999999999886e+01 4.745102802295233027e-03 5.305958642484912870e-03
1.898000000000000398e+01 4.872402695887015182e-03 5.300272425379676765e-03
1.899000000000000199e+01 5.003337916630730582e-03 5.291802317904560279e-03
1.900000000000000000e+01 5.137745438132091357e-03 5.280503452592643678e-03
1.900999999999999801e+01 5.275453475240087994e-03 5.266333678955841847e-03
1.902000000000000313e+01 5.416281686512448672e-03 5.249253595562968465e-03
1.903000000000000114e+01 5.560041392497253390e-03 5.229226579413761775e-03
1.903999999999999915e+01 5.706535809521683621e-03 5.206218812593139782e-03
1.905000000000000426e+01 5.855560298641137966e-03 5.180199306193554801e-03
1.906000000000000227e+01 6.006902629382652493e-03 5.151139921493657313e-03
1.907000000000000028e+01 6.160343257890871400e-03 5.119015388386398760e-03
1.907999999999999829e+01 6.315655619056123951e-03 5.083803321051224254e-03
1.909000000000000341e+01 6.472606432184967173e-03 5.045484230867140762e-03
1.910000000000000142e+01 6.630956019744707088e-03 5.004041536567434452e-03
1.910999999999999943e+01 6.790458638694827145e-03 4.959461571637818755e-03
1.912000000000000455e+01 6.950862823895687277e-03 4.911733588964514036e-03
1.913000000000000256e+01 7.111911743059585490e-03 4.860849762737810831e-03
1.914000000000000057e+01 7.273343562696881967e-03 4.806805187624138380e-03
1.914999999999999858e+01 7.434891824481606147e-03 4.749597875217360758e-03
1.916000000000000369e+01 7.596285831449856377e-03 4.689228747785280024e-03
1.917000000000000171e+01 7.757251043422361790e-03 4.625701629330191550e-03
1.917999999999999972e+01 7.917509481028105894e-03 4.559023233982181442e-03
1.918999999999999773e+01 8.076780137690319633e-03 4.489203151749350702e-03
1.920000000000000284e+01 8.234779398920139340e-03 4.416253831649466499e-03
1.921000000000000085e+01 8.391221468252945889e-03 4.340190562250742339e-03
1.921999999999999886e+01 8.545818799147434155e-03 4.261031449651750055e-03
1.923000000000000398e+01 8.698282532156265123e-03 4.178797392932840499e-03
1.924000000000000199e+01 8.848322936671123087e-03 4.093512057113273851e-03
1.925000000000000000e+01 8.995649856529126798e-03 4.005201843650870418e-03
1.925999999999999801e+01 9.139973158768580769e-03 3.913895858523495051e-03
1.927000000000000313e+01 9.281003184805399625e-03 3.819625877933079203e-03
1.928000000000000114e+01 9.418451203308891850e-03 3.722426311674958011e-03
1.928999999999999915e+01 9.552029864035560189e-03 3.622334164218951429e-03
1.930000000000000426e+01 9.681453651893177914e-03 3.519388993548121410e-03
1.931000000000000227e+01 9.806439340493510251e-03 3.413632867804868107e-03
1.932000000000000028e+01 9.926706444456701028e-03 3.305110319795576731e-03
1.932999999999999829e+01 1.004197766973100904e-02 3.193868299406477790e-03
1.934000000000000341e+01 1.015197936119135481e-02 3.079956123984993726e-03
1.935000000000000142e+01 1.025644194678714677e-02 2.963425426743847724e-03
1.935999999999999943e+01 1.035510037750721375e-02 2.844330103244820194e-03
1.937000000000000455e+01 1.044769456244455663e-02 2.722726256022428917e-03
1.938000000000000256e+01 1.053396979824179451e-02 2.598672137408808945e-03
1.939000000000000057e+01 1.061367719221125924e-02 2.472228090621523232e-03
1.939999999999999858e+01 1.068657407843026826e-02 2.343456489178830093e-03
1.941000000000000369e+01 1.075242442612475875e-02 2.212421674708127482e-03
1.942000000000000171e+01 1.081099923966075474e-02 2.079189893213202571e-03
1.942999999999999972e+01 1.086207694948332879e-02 1.943829229868208018e-03
1.943999999999999773e+01 1.090544379334814663e-02 1.806409542408111621e-03
1.945000000000000284e+01 1.094089418721099112e-02 1.667002393184378829e-03
1.946000000000000085e+01 1.096823108515444616e-02 1.525680979957161386e-03
1.946999999999999886e+01 1.098726632774581040e-02 1.382520065496199105e-03
1.948000000000000398e+01 1.099782097824162502e-02 1.237595906062448998e-03
1.949000000000000199e+01 1.099972564606993032e-02 1.090986178843657717e-03
1.950000000000000000e+01 1.099282079704128404e-02 9.427699084190360517e-04
1.950999999999999801e+01 1.097695704976270684e-02 7.930273923260815292e-04
1.952000000000000313e+01 1.095199545774449938e-02 6.418401258056160002e-04
1.953000000000000114e+01 1.091780777672049507e-02 4.892907258010840282e-04
1.953999999999999915e+01 1.087427671671519457e-02 3.354628542868295037e-04
1.955000000000000426e+01 1.082129617842450889e-02 1.804411410023975182e-04
1.956000000000000227e+01 1.075877147349442974e-02 2.431110566962298614e-05
1.957000000000000028e+01 1.068661952831002904e-02 -1.328409202313557522e-04
1.957999999999999829e+01 1.060476907093518134e-02 -2.909278720508771628e-04
1.959000000000000341e+01 1.051316080086286443e-02 -4.498620308448880961e-04
1.960000000000000142e+01 1.041174754127219618e-02 -6.095551024621558532e-04
1.960999999999999943e+01 1.030049437350717689e-02 -7.699182967653670244e-04
1.962000000000000455e+01 1.017937875352691555e-02 -9.308624069101998364e-04
1.963000000000000256e+01 1.004839061010068951e-02 -1.092297888607161264e-03
1.964000000000000057e+01 9.907532424552691758e-03 -1.254134939289924333e-03
1.964999999999999858e+01 9.756819291889677268e-03 -1.416283577115273274e-03
1.966000000000000369e+01 9.596278963173986501e-03 -1.578653719720033962e-03
1.967000000000000171e+01 9.425951869034056643e-03 -1.741155262661579425e-03
1.967999999999999972e+01 9.245891124235445721e-03 -1.903698157467251803e-03
1.968999999999999773e+01 9.056162513262392202e-03 -2.066192489221949959e-03
1.970000000000000284e+01 8.856844456896184950e-03 -2.228548553620782365e-03
1.971000000000000085e+01 8.648027959797355280e-03 -2.390676933416175948e-03
1.971999999999999886e+01 8.429816539139474083e-03 -2.552488574189883466e-03
1.973000000000000398e+01 8.202326134363514473e-03 -2.713894859380878207e-03
1.974000000000000199e+01 7.965684998157472260e-03 -2.874807684500709642e-03
1.975000000000000000e+01 7.720033568792969599e-03 -3.035139530470348269e-03
1.975999999999999801e+01 7.465524323980878008e-03 -3.194803536012758450e-03
1.977000000000000313e+01 7.202321616438414446e-03 -3.353713569036486253e-03
1.978000000000000114e+01 6.930601491388066297e-03 -3.511784296947849122e-03
1.978999999999999915e+01 6.650551486237457621e-03 -3.668931255830380593e-03
1.980000000000000426e+01 6.362370412717840810e-03 -3.825070918430078376e-03
1.981000000000000227e+01 6.066268121789632727e-03 -3.980120760889505234e-03
1.982000000000000028e+01 5.762465251644426252e-03 -4.133999328172667173e-03
1.982999999999999829e+01 5.451192959168006842e-03 -4.286626298124441778e-03
1.984000000000000341e+01 5.132692635248442721e-03 -4.437922544112579172e-03
1.985000000000000142e+01 4.807215604342572612e-03 -4.587810196198181291e-03
1.985999999999999943e+01 4.475022808740541924e-03 -4.736212700784972647e-03
1.987000000000000455e+01 4.136384477987985892e-03 -4.883054878698462470e-03
1.988000000000000256e+01 3.791579783954357376e-03 -5.028262981648455587e-03
1.989000000000000057e+01 3.440896482054918264e-03 -5.171764747028960094e-03
1.989999999999999858e+01 3.084630539160563515e-03 -5.313489451012985004e-03
1.991000000000000369e+01 2.723085748742348593e-03 -5.453367959901097607e-03
1.992000000000000171e+01 2.356573333831791031e-03 -5.591332779683422932e-03
1.992999999999999972e+01 1.985411538384607155e-03 -5.727318103778843497e-03
1.993999999999999773e+01 1.609925207659332553e-03 -5.861259858915497493e-03
1.995000000000000284e+01 1.230445358243524622e-03 -5.993095749119234025e-03
1.996000000000000085e+01 8.473087383693260347e-04 -6.122765297778893188e-03
1.996999999999999886e+01 4.608573791833514479e-04 -6.250209887759737744e-03
1.998000000000000398e+01 7.143813764624740311e-05 -6.375372799536698810e-03
1.999000000000000199e+01 -3.205977682511358781e-04 -6.498199247324009005e-03
2.000000000000000000e+01 -7.148952312477769005e-04 -6.618636413177663748e-03
2.000999999999999801e+01 -1.111095732838993360e-03 -6.736633479049630377e-03
2.002000000000000313e+01 -1.508837826843567207e-03 -6.852141656776685082e-03
2.003000000000000114e+01 -1.907757627779753471e-03 -6.965114215986209500e-03
2.003999999999999915e+01 -2.307489303307451445e-03 -7.075506509904899190e-03
2.005000000000000426e+01 -2.707665569991892819e-03 -7.183275999059660771e-03
2.006000000000000227e+01 -3.107918191631444966e-03 -7.288382272859137562e-03
2.007000000000000028e+01 -3.507878479396655483e-03 -7.390787069049718425e-03
2.007999999999999829e+01 -3.907177793015760223e-03 -7.490454291039867242e-03
2.009000000000000341e+01 -4.305448042245545517e-03 -7.587350023089574173e-03
2.010000000000000142e+01 -4.702322187864860052e-03 -7.681442543364238283e-03
2.010999999999999943e+01 -5.097434741425782394e-03 -7.772702334853174959e-03
2.012000000000000455e+01 -5.490422263002515610e-03 -7.861102094157346870e-03
2.013000000000000256e+01 -5.880923856177830596e-03 -7.946616738149604037e-03
2.014000000000000057e+01 -6.268581659514655194e-03 -8.029223408517107557e-03
2.014999999999999858e+01 -6.653041333762093647e-03 -8.108901474194116221e-03
2.016000000000000369e+01 -7.033952544050711166e-03 -8.185632531696419509e-03
2.017000000000000171e+01 -7.410969436348609045e-03 -8.259400403372531632e-03
2.017999999999999972e+01 -7.783751107442464859e-03 -8.330191133585913843e-03
2.018999999999999773e+01 -8.151962067735971790e-03 -8.397992982846675530e-03
2.020000000000000284e+01 -8.515272696152128076e-03 -8.462796419911954027e-03
2.021000000000000085e+01 -8.873359686452255216e-03 -8.524594111877271257e-03
2.021999999999999886e+01 -9.225906484288465964e-03 -8.583380912281177513e-03
2.023000000000000398e+01 -9.572603714322346774e-03 -8.639153847249812085e-03
2.024000000000000199e+01 -9.913149596764399621e-03 -8.691912099708041725e-03
2.025000000000000000e+01 -1.024725035269368791e-02 -8.741656991685727018e-03
2.025999999999999801e+01 -1.057462059754738989e-02 -8.788391964750995669e-03
2.027000000000000313e+01 -1.089498372217624286e-02 -8.832122558601831000e-03
2.028000000000000114e+01 -1.120807226089156824e-02 -8.872856387851095136e-03
2.028999999999999915e+01 -1.151362824594171635e-02 -8.910603117040213905e-03
2.030000000000000426e+01 -1.181140354788310157e-02 -8.945374433919336954e-03
2.031000000000000227e+01 -1.210116020132654367e-02 -8.977184021032374658e-03
2.032000000000000028e+01 -1.238267071557067750e-02 -9.006047525648024771e-03
2.032999999999999829e+01 -1.265571836964953130e-02 -9.031982528078087366e-03
2.034000000000000341e+01 -1.292009749134895996e-02 -9.055008508426536790e-03
2.035000000000000142e+01 -1.317561371977474596e-02 -9.075146811814371883e-03
2.035999999999999943e+01 -1.342208425107579983e-02 -9.092420612125017704e-03
2.037000000000000455e+01 -1.365933806695350007e-02 -9.106854874319015788e-03
2.038000000000000256e+01 -1.388721614561718061e-02 -9.118476315364590704e-03
2.039000000000000057e+01 -1.410557165487246953e-02 -9.127313363834791901e-03
2.039999999999999858e+01 -1.431427012705249226e-02 -9.133396118221163984e-03
2.041000000000000369e+01 -1.451318961553855168e-02 -9.136756304015227273e-03
2.042000000000000171e+01 -1.470222083263867524e-02 -9.137427229610884175e-03
2.042999999999999972e+01 -1.488126726862228771e-02 -9.135443741079982138e-03
2.043999999999999773e+01 -1.505024529174352026e-02 -9.130842175876103736e-03
2.045000000000000284e+01 -1.520908422910964911e-02 -9.123660315521307448e-03
2.046000000000000085e+01 -1.535772642828368839e-02 -9.113937337330653768e-03
2.046999999999999886e+01 -1.549612729953885916e-02 -9.101713765231587289e-03
2.048000000000000398e+01 -1.562425533871582804e-02 -9.087031419734853399e-03
2.049000000000000199e+01 -1.574209213065837221e-02 -9.069933367113328093e-03
2.050000000000000000e+01 -1.584963233323889026e-02 -9.050463867847847316e-03
2.050999999999999801e+01 -1.594688364201201150e-02 -9.028668324397201919e-03
2.052000000000000313e+01 -1.603386673556507491e-02 -9.004593228350985662e-03
2.053000000000000114e+01 -1.611061520166585589e-02 -8.978286107024110313e-03
2.053999999999999915e+01 -1.617717544433526153e-02 -8.949795469551583352e-03
2.055000000000000426e+01 -1.623360657200480228e-02 -8.919170752543189792e-03
2.056000000000000227e+01 -1.627998026694587458e-02 -8.886462265356038712e-03
2.057000000000000028e+01 -1.631638063618832610e-02 -8.851721135045495514e-03
2.057999999999999829e+01 -1.634290404417408984e-02 -8.814999251051957446e-03
2.059000000000000341e+01 -1.635965892741851613e-02 -8.776349209683726241e-03
2.060000000000000142e+01 -1.636676559148439805e-02 -8.735824258454023480e-03
2.060999999999999943e+01 -1.636435599059271953e-02 -8.693478240330261911e-03
2.062000000000000455e+01 -1.635257349023148607e-02 -8.649365537954707694e-03
2.063000000000000256e+01 -1.633157261314009331e-02 -8.603541017893318044e-03
2.064000000000000057e+01 -1.630151876908030040e-02 -8.556059974970827570e-03
2.064999999999999858e+01 -1.626258796882503604e-02 -8.506978076748373391e-03
2.066000000000000369e+01 -1.621496652282179360e-02 -8.456351308200738340e-03
2.067000000000000171e+01 -1.615885072501212563e-02 -8.404235916647713814e-03
2.067999999999999972e+01 -1.609444652230960018e-02 -8.350688356996045780e-03
2.068999999999999773e+01 -1.602196917026221107e-02 -8.295765237345575568e-03
2.070000000000000284e+01 -1.594164287544537831e-02 -8.239523265012690945e-03
2.071000000000000085e+01 -1.585370042515139508e-02 -8.182019193024888185e-03
2.071999999999999886e+01 -1.575838280496308363e-02 -8.123309767137780815e-03
2.073000000000000398e+01 -1.565593880481503525e-02 -8.063451673425205482e-03
2.074000000000000199e+01 -1.554662461416262201e-02 -8.002501486493070193e-03
2.075000000000000000e+01 -1.543070340690202297e-02 -7.940515618365480768e-03
2.075999999999999801e+01 -1.530844491668870502e-02 -7.877550268091020394e-03
2.077000000000000313e+01 -1.518012500332838362e-02 -7.813661372116399717e-03
2.078000000000000114e+01 -1.504602521091768369e-02 -7.748904555472371260e-03
2.078999999999999915e+01 -1.490643231843199849e-02 -7.683335083816931164e-03
2.080000000000000426e+01 -1.476163788346102762e-02 -7.617007816379133857e-03
2.081000000000000227e+01 -1.461193777981460717e-02 -7.549977159844408793e-03
2.082000000000000028e+01 -1.445763172971266212e-02 -7.482297023223091585e-03
2.082999999999999829e+01 -1.429902283130084391e-02 -7.414020773741004759e-03
2.084000000000000341e+01 -1.413641708222406965e-02 -7.345201193789370822e-03
2.085000000000000142e+01 -1.397012290000492971e-02 -7.275890438971551952e-03
2.085999999999999943e+01 -1.380045063997352439e-02 -7.206139997280529286e-03
2.087000000000000455e+01 -1.362771211150089028e-02 -7.136000649441152748e-03
2.088000000000000256e+01 -1.345222009329022882e-02 -7.065522430449215630e-03
2.089000000000000057e+01 -1.327428784847764325e-02 -6.994754592337274444e-03
2.089999999999999858e+01 -1.309422864029693989e-02 -6.923745568196646230e-03
2.091000000000000369e+01 -1.291235524906337966e-02 -6.852542937482389990e-03
2.092000000000000171e+01 -1.272897949121794617e-02 -6.781193392627399806e-03
2.092999999999999972e+01 -1.254441174118768945e-02 -6.709742706989281665e-03
2.093999999999999773e+01 -1.235896045679273948e-02 -6.638235704152659067e-03
2.095000000000000284e+01 -1.217293170893934962e-02 -6.566716228607621768e-03
2.096000000000000085e+01 -1.198662871632237906e-02 -6.495227117823391787e-03
2.096999999999999886e+01 -1.180035138585687482e-02 -6.423810175734854036e-03
2.098000000000000398e+01 -1.161439585954413337e-02 -6.352506147657169429e-03
2.099000000000000199e+01 -1.142905406847286899e-02 -6.281354696643180052e-03
2.100000000000000000e+01 -1.124461329463736364e-02 -6.210394381295512682e-03
2.100999999999999801e+01 -1.106135574124453638e-02 -6.139662635044251283e-03
2.102000000000000313e+01 -1.087955811217257603e-02 -6.069195746898908492e-03
2.103000000000000114e+01 -1.069949120121967481e-02 -5.999028843682275083e-03
2.103999999999999915e+01 -1.052141949177062309e-02 -5.929195873751499056e-03
2.105000000000000426e+01 -1.034560076749427640e-02 -5.859729592210319131e-03
2.106000000000000227e+01 -1.017228573465933823e-02 -5.790661547614311434e-03
2.107000000000000028e+01 -1.000171765664659845e-02 -5.722022070170516318e-03
2.107999999999999829e+01 -9.834132001206868576e-03 -5.653840261429169366e-03
2.109000000000000341e+01 -9.669756101000584469e-03 -5.586143985465408940e-03
2.110000000000000142e+01 -9.508808827927458032e-03 -5.518959861546536734e-03
2.110999999999999943e+01 -9.351500281739054399e-03 -5.452313258278172585e-03
2.112000000000000455e+01 -9.198031493395880318e-03 -5.386228289222048937e-03
2.113000000000000256e+01 -9.048594143617187668e-03 -5.320727809976236178e-03
2.114000000000000057e+01 -8.903370297035771708e-03 -5.255833416706346198e-03
2.114999999999999858e+01 -8.762532152354693057e-03 -5.191565446115911989e-03
2.116000000000000369e+01 -8.626241808872942354e-03 -5.127942976841606652e-03
2.117000000000000171e+01 -8.494651049720447142e-03 -5.064983832258045798e-03
2.117999999999999972e+01 -8.367901142118067820e-03 -5.002704584675038597e-03
2.118999999999999773e+01 -8.246122654950111333e-03 -4.941120560909370400e-03
2.120000000000000284e+01 -8.129435293909364688e-03 -4.880245849210366159e-03
2.121000000000000085e+01 -8.017947754446991954e-03 -4.820093307519426711e-03
2.121999999999999886e+01 -7.911757592731216704e-03 -4.760674573039969971e-03
2.123000000000000398e+01 -7.810951114789897211e-03 -4.702000073093996584e-03
2.124000000000000199e+01 -7.715603283984424215e-03 -4.644079037240780514e-03
2.125000000000000000e+01 -7.625777646931538971e-03 -4.586919510631041856e-03
2.125999999999999801e+01 -7.541526277962115783e-03 -4.530528368568339723e-03
2.127000000000000313e+01 -7.462889742175796842e-03 -4.474911332250158628e-03
2.128000000000000114e+01 -7.389897077121596741e-03 -4.420072985658042748e-03
2.128999999999999915e+01 -7.322565793104798479e-03 -4.366016793565598991e-03
2.130000000000000426e+01 -7.260901892090690542e-03 -4.312745120633339029e-03
2.131000000000000227e+01 -7.204899905149077070e-03 -4.260259251556231322e-03
2.132000000000000028e+01 -7.154542948348967778e-03 -4.208559412230854224e-03
2.132999999999999829e+01 -7.109802796991804286e-03 -4.157644791906861537e-03
2.134000000000000341e+01 -7.070639978033270781e-03 -4.107513566287055579e-03
2.135000000000000142e+01 -7.037003880524851825e-03 -4.058162921539705363e-03
2.135999999999999943e+01 -7.008832883871106943e-03 -4.009589079185339744e-03
2.137000000000000455e+01 -6.986054503674193721e-03 -3.961787321820798777e-03
2.138000000000000256e+01 -6.968585554905715358e-03 -3.914752019640635981e-03
2.139000000000000057e+01 -6.956332332132462125e-03 -3.868476657717713225e-03
2.139999999999999858e+01 -6.949190806469073001e-03 -3.822953864002132454e-03
2.141000000000000369e+01 -6.947046838936401375e-03 -3.778175437998421756e-03
2.142000000000000171e+01 -6.949776409856713195e-03 -3.734132380080293009e-03
2.142999999999999972e+01 -6.957245863899876037e-03 -3.690814921400975210e-03
2.143999999999999773e+01 -6.969312170370605720e-03 -3.648212554357870875e-03
2.145000000000000284e+01 -6.985823198301999333e-03 -3.606314063569363969e-03
2.146000000000000085e+01 -7.006618005899053862e-03 -3.565107557321269081e-03
2.146999999999999886e+01 -7.031527143851089984e-03 -3.524580499440474902e-03
2.148000000000000398e+01 -7.060372972014930006e-03 -3.484719741553076160e-03
2.149000000000000199e+01 -7.092969988945698953e-03 -3.445511555684066096e-03
2.150000000000000000e+01 -7.129125173736372556e-03 -3.406941667155513696e-03
2.150999999999999801e+01 -7.168638339605613342e-03 -3.368995287740625226e-03
2.152000000000000313e+01 -7.211302498656988261e-03 -3.331657149030445991e-03
2.153000000000000114e+01 -7.256904237215202995e-03 -3.294911535970272698e-03
2.153999999999999915e+01 -7.305224101129695682e-03 -3.258742320523442225e-03
2.155000000000000426e+01 -7.356036990420091251e-03 -3.223132995419821737e-03
2.156000000000000227e+01 -7.409112562623920359e-03 -3.188066707946192804e-03
2.157000000000000028e+01 -7.464215644196812820e-03 -3.153526293737206245e-03
2.157999999999999829e+01 -7.521106649297412336e-03 -3.119494310524877946e-03
2.159000000000000341e+01 -7.579542005284551319e-03 -3.085953071804994462e-03
2.160000000000000142e+01 -7.639274584243467558e-03 -3.052884680380142917e-03
2.160999999999999943e+01 -7.700054139843701302e-03 -3.020271061738062299e-03
2.162000000000000455e+01 -7.761627748831801364e-03 -2.988093997226253656e-03
2.163000000000000256e+01 -7.823740256448739883e-03 -2.956335156982507328e-03
2.164000000000000057e+01 -7.886134725060330725e-03 -2.924976132583490332e-03
2.164999999999999858e+01 -7.948552885284048547e-03 -2.893998469372081189e-03
2.166000000000000369e+01 -8.010735588891761474e-03 -2.863383698427313974e-03
2.167000000000000171e+01 -8.072423262766055888e-03 -2.833113368138732557e-03
2.167999999999999972e+01 -8.133356363188145796e-03 -2.803169075350028620e-03
2.168999999999999773e+01 -8.193275829734454618e-03 -2.773532496036352178e-03
2.170000000000000284e+01 -8.251923538061093494e-03 -2.744185415481428022e-03
2.171000000000000085e+01 -8.309042750857245294e-03 -2.715109757919651357e-03
2.171999999999999886e+01 -8.364378566253995520e-03 -2.686287615612052097e-03
2.173000000000000398e+01 -8.417678362978275527e-03 -2.657701277323474675e-03
2.174000000000000199e+01 -8.468692241547096447e-03 -2.629333256170351182e-03
2.175000000000000000e+01 -8.517173460807353491e-03 -2.601166316809644732e-03
2.175999999999999801e+01 -8.562878869131360093e-03 -2.573183501939738625e-03
2.177000000000000313e+01 -8.605569329588627636e-03 -2.545368158086223041e-03
2.178000000000000114e+01 -8.645010138425659671e-03 -2.517703960645309436e-03
2.178999999999999915e+01 -8.680971436195774812e-03 -2.490174938160092961e-03
2.180000000000000426e+01 -8.713228610893708828e-03 -2.462765495804453923e-03
2.181000000000000227e+01 -8.741562692462182677e-03 -2.435460438052479241e-03
2.182000000000000028e+01 -8.765760738055109261e-03 -2.408244990510355083e-03
2.182999999999999829e+01 -8.785616207451388965e-03 -2.381104820890338116e-03
2.184000000000000341e+01 -8.800929328038664679e-03 -2.354026059107584661e-03
2.185000000000000142e+01 -8.811507448790558208e-03 -2.326995316480417499e-03
2.185999999999999943e+01 -8.817165382695463932e-03 -2.299999704017808948e-03
2.187000000000000455e+01 -8.817725737096188121e-03 -2.273026849777936426e-03
2.188000000000000256e+01 -8.813019231434052539e-03 -2.246064915282613463e-03
2.189000000000000057e+01 -8.802885001903033163e-03 -2.219102610975264879e-03
2.189999999999999858e+01 -8.787170892542340780e-03 -2.192129210709126055e-03
2.191000000000000369e+01 -8.765733732321197985e-03 -2.165134565256074135e-03
2.192000000000000171e+01 -8.738439597786354027e-03 -2.138109114825591760e-03
2.192999999999999972e+01 -8.705164060871749959e-03 -2.111043900586466026e-03
2.193999999999999773e+01 -8.665792421490153830e-03 -2.083930575183744714e-03
2.195000000000000284e+01 -8.620219924550965446e-03 -2.056761412245470232e-03
2.196000000000000085e+01 -8.568351961075939410e-03 -2.029529314875282067e-03
2.196999999999999886e+01 -8.510104253107480393e-03 -2.002227823127376675e-03
2.198000000000000398e+01 -8.445403022129991180e-03 -1.974851120462380212e-03
2.199000000000000199e+01 -8.374185140753690956e-03 -1.947394039183727955e-03
2.200000000000000000e+01 -8.296398267432954221e-03 -1.919852064855415413e-03
2.200999999999999801e+01 -8.212000964022022481e-03 -1.892221339703034069e-03
2.202000000000000313e+01 -8.120962795994201774e-03 -1.864498665001690890e-03
2.203000000000000114e+01 -8.023264415188064921e-03 -1.836681502455789813e-03
2.203999999999999915e+01 -7.918897624943733310e-03 -1.808767974575684881e-03
2.205000000000000426e+01 -7.807865427571561261e-03 -1.780756864059212293e-03
2.206000000000000227e+01 -7.690182054063557718e-03 -1.752647612185962702e-03
2.207000000000000028e+01 -7.565872976028713975e-03 -1.724440316233797439e-03
2.207999999999999829e+01 -7.434974899846879745e-03 -1.696135725928650832e-03
2.209000000000000341e+01 -7.297535743058185254e-03 -1.667735238938864622e-03
2.210000000000000142e+01 -7.153614593044947331e-03 -1.639240895427449994e-03
2.210999999999999943e+01 -7.003281648078942163e-03 -1.610655371676509347e-03
2.212000000000000455e+01 -6.846618140843993214e-03 -1.581981972798406815e-03
2.213000000000000256e+01 -6.683716244567067255e-03 -1.553224624550116235e-03
2.214000000000000057e+01 -6.514678961910842087e-03 -1.524387864268423199e-03
2.214999999999999858e+01 -6.339619996829304327e-03 -1.495476830943875696e-03
2.216000000000000369e+01 -6.158663609584800157e-03 -1.466497254452232921e-03
2.217000000000000171e+01 -5.971944455175040752e-03 -1.437455443964831721e-03
2.217999999999999972e+01 -5.779607405434724829e-03 -1.408358275557680152e-03
2.218999999999999773e+01 -5.581807355097465582e-03 -1.379213179042068074e-03
2.220000000000000284e+01 -5.378709012140727407e-03 -1.350028124039259628e-03
2.221000000000000085e+01 -5.170486672745813229e-03 -1.320811605323161247e-03
2.221999999999999886e+01 -4.957323981241913702e-03 -1.291572627454643310e-03
2.223000000000000398e+01 -4.739413675415998783e-03 -1.262320688734057134e-03
2.224000000000000199e+01 -4.516957317599588385e-03 -1.233065764496847107e-03
2.225000000000000000e+01 -4.290165011962826860e-03 -1.203818289778700763e-03
2.225999999999999801e+01 -4.059255108463370558e-03 -1.174589141378752860e-03
2.227000000000000313e+01 -3.824453893926740584e-03 -1.145389619347259805e-03
2.228000000000000114e+01 -3.585995270743501644e-03 -1.116231427927040889e-03
2.228999999999999915e+01 -3.344120423698930013e-03 -1.087126655977451502e-03
2.230000000000000426e+01 -3.099077475454602333e-03 -1.058087756910339400e-03
2.231000000000000227e+01 -2.851121131234340099e-03 -1.029127528167623476e-03
2.232000000000000028e+01 -2.600512313268497650e-03 -1.000259090271448390e-03
2.232999999999999829e+01 -2.347517785574987793e-03 -9.714958654768548509e-04
2.234000000000000341e+01 -2.092409769667863666e-03 -9.428515560589814963e-04
2.235000000000000142e+01 -1.835465551792730531e-03 -9.143401222645082278e-04
2.235999999999999943e+01 -1.576967082307944397e-03 -8.859757599611545534e-04
2.237000000000000455e+01 -1.317200567836206149e-03 -8.577728780148172368e-04
2.238000000000000256e+01 -1.056456056825178565e-03 -8.297460754280954311e-04
2.239000000000000057e+01 -7.950270191605393827e-04 -8.019101182708342863e-04
2.239999999999999858e+01 -5.332099204905738294e-04 -7.742799164361381355e-04
2.241000000000000369e+01 -2.713037919191039972e-04 -7.468705002530719953e-04
2.242000000000000171e+01 -9.609795738745082667e-06 -7.196969969890784549e-04
2.242999999999999972e+01 2.515692121249681339e-04 -6.927746072738753423e-04
2.243999999999999773e+01 5.119291222794492046e-04 -6.661185814768276741e-04
2.245000000000000284e+01 7.711650139631015966e-04 -6.397441960706906411e-04
2.246000000000000085e+01 1.028971598391198406e-03 -6.136667300124173940e-04
2.246999999999999886e+01 1.285043662667842510e-03 -5.879014411736564662e-04
2.248000000000000398e+01 1.539076513581589048e-03 -5.624635428520315811e-04
2.249000000000000199e+01 1.790766420603880776e-03 -5.373681803944042575e-04
2.250000000000000000e+01 2.039811057408595554e-03 -5.126304079629607525e-04
2.250999999999999801e+01 2.285909941241873536e-03 -4.882651654750244587e-04
2.252000000000000313e+01 2.528764869466632991e-03 -4.642872557464473166e-04
2.253000000000000114e+01 2.768080352620449786e-03 -4.407113218682229272e-04
2.253999999999999915e+01 3.003564043324183884e-03 -4.175518248462097275e-04
2.255000000000000426e+01 3.234927160394368648e-03 -3.948230215321324519e-04
2.256000000000000227e+01 3.461884907511770301e-03 -3.725389428746813834e-04
2.257000000000000028e+01 3.684156885819620409e-03 -3.507133725182137057e-04
2.257999999999999829e+01 3.901467499821789468e-03 -3.293598257763731053e-04
2.259000000000000341e+01 4.113546355977175731e-03 -3.084915290071444977e-04
2.260000000000000142e+01 4.320128653386844965e-03 -2.881213994151627430e-04
2.260999999999999943e+01 4.520955565992107461e-03 -2.682620253070004332e-04
2.262000000000000455e+01 4.715774615711506787e-03 -2.489256468231600215e-04
2.263000000000000256e+01 4.904340035961727608e-03 -2.301241371716739026e-04
2.264000000000000057e+01 5.086413125023507738e-03 -2.118689843853321030e-04
2.264999999999999858e+01 5.261762588729267283e-03 -1.941712736256074505e-04
2.266000000000000369e+01 5.430164871968174226e-03 -1.770416700544602550e-04
2.267000000000000171e+01 5.591404478521981927e-03 -1.604904022946195767e-04
2.267999999999999972e+01 5.745274278763716838e-03 -1.445272464983063116e-04
2.268999999999999773e+01 5.891575804772047203e-03 -1.291615110435547290e-04
2.270000000000000284e+01 6.030119532434622884e-03 -1.144020218753795393e-04
2.271000000000000085e+01 6.160725150133551133e-03 -1.002571085102142950e-04
2.271999999999999886e+01 6.283221813628798308e-03 -8.673459071863565508e-05
2.273000000000000398e+01 6.397448386777550983e-03 -7.384176590215007835e-05
2.274000000000000199e+01 6.503253667750707664e-03 -6.158539717900882605e-05
2.275000000000000000e+01 6.600496600429253159e-03 -4.997170219095897699e-05
2.275999999999999801e+01 6.689046470689194793e-03 -3.900634264471635745e-05
2.277000000000000313e+01 6.768783087306233862e-03 -2.869441459887663663e-05
2.278000000000000114e+01 6.839596947236317899e-03 -1.904043950644755337e-05
2.278999999999999915e+01 6.901389385054049370e-03 -1.004835602343756921e-05
2.280000000000000426e+01 6.954072706353277462e-03 -1.721512589913563980e-06
2.281000000000000227e+01 6.997570304943690790e-03 5.937339206727522546e-06
2.282000000000000028e+01 7.031816763697612722e-03 1.292605048191318119e-05
2.282999999999999829e+01 7.056757938932861456e-03 1.924308011129301156e-05
2.284000000000000341e+01 7.072351028237844513e-03 2.488749899128161769e-05
2.285000000000000142e+01 7.078564621674389781e-03 2.985899349967219702e-05
2.285999999999999943e+01 7.075378736319461355e-03 3.415786815403052860e-05
2.287000000000000455e+01 7.062784834129674956e-03 3.778504746655810063e-05
2.288000000000000256e+01 7.040785823148310724e-03 4.074207699585197923e-05
2.289000000000000057e+01 7.009396042077341814e-03 4.303112359595682166e-05
2.289999999999999858e+01 6.968641228301668614e-03 4.465497486461280513e-05
2.291000000000000369e+01 6.918558469433322942e-03 4.561703779425428537e-05
2.292000000000000171e+01 6.859196138503681310e-03 4.592133662884256796e-05
2.292999999999999972e+01 6.790613812938622700e-03 4.557250993213190371e-05
2.293999999999999773e+01 6.712882177483973575e-03 4.457580687314606916e-05
2.295000000000000284e+01 6.626082911268839186e-03 4.293708273522037325e-05
2.296000000000000085e+01 6.530308559220635370e-03 4.066279365760489152e-05
2.296999999999999886e+01 6.425662388072369766e-03 3.775999061686590314e-05
2.298000000000000398e+01 6.312258227217311217e-03 3.423631265935273563e-05
2.299000000000000199e+01 6.190220294700295167e-03 3.009997939415578653e-05
2.300000000000000000e+01 6.059683008646871150e-03 2.535978275896834267e-05
2.300999999999999801e+01 5.920790784462074720e-03 2.002507807049863918e-05
2.302000000000000313e+01 5.773697818146171848e-03 1.410577437330659015e-05
2.303000000000000114e+01 5.618567856094276725e-03 7.612324100714914142e-06
2.303999999999999915e+01 5.455573951774960080e-03 5.557120629593615399e-07
2.305000000000000426e+01 5.284898209692459256e-03 -7.052556221571740827e-06
2.306000000000000227e+01 5.106731517061651945e-03 -1.520046683617122174e-05
2.307000000000000028e+01 4.921273263641416304e-03 -2.387551039901204361e-05
2.307999999999999829e+01 4.728731050186426102e-03 -3.306469560114976729e-05
2.309000000000000341e+01 4.529320386003833805e-03 -4.275456333257273247e-05
2.310000000000000142e+01 4.323264376097785133e-03 -5.293120137478742211e-05
2.310999999999999943e+01 4.110793398420938341e-03 -6.358025964150494907e-05
2.312000000000000455e+01 3.892144771751361327e-03 -7.468696594634937898e-05
2.313000000000000256e+01 3.667562414732868786e-03 -8.623614227627750294e-05
2.314000000000000057e+01 3.437296496625046483e-03 -9.821222154950454597e-05
2.314999999999999858e+01 3.201603080324673042e-03 -1.105992648349827498e-04
2.316000000000000369e+01 2.960743758226884546e-03 -1.233809790117018136e-04
2.317000000000000171e+01 2.714985281505258828e-03 -1.365407348433237951e-04
2.317999999999999972e+01 2.464599183399828787e-03 -1.500615854459845500e-04
2.318999999999999773e+01 2.209861397106408984e-03 -1.639262851239179676e-04
2.320000000000000284e+01 1.951051868869017403e-03 -1.781173085494248769e-04
2.321000000000000085e+01 1.688454166884637876e-03 -1.926168702618510540e-04
2.321999999999999886e+01 1.422355086627526046e-03 -2.074069444610084913e-04
2.323000000000000398e+01 1.153044253213110406e-03 -2.224692850690650745e-04
2.324000000000000199e+01 8.808137214153846086e-04 -2.377854460364469682e-04
2.325000000000000000e+01 6.059575739598687403e-04 -2.533368018643280314e-04
2.325999999999999801e+01 3.287715187087180682e-04 -2.691045683195076015e-04
2.327000000000000313e+01 4.955248536189704522e-05 -2.850698233143825352e-04
2.328000000000000114e+01 -2.314017777127370132e-04 -3.012135279263070987e-04
2.328999999999999915e+01 -5.137931059001182290e-04 -3.175165475298307740e-04
2.330000000000000426e+01 -7.973233194012125736e-04 -3.339596730158555485e-04
2.331000000000000227e+01 -1.081694622327080075e-03 -3.505236420708839735e-04
2.332000000000000028e+01 -1.366609999224339088e-03 -3.671891604904530372e-04
2.332999999999999829e+01 -1.651773608435040891e-03 -3.839369235005791548e-04
2.334000000000000341e+01 -1.936891171698080063e-03 -4.007476370602408946e-04
2.335000000000000142e+01 -2.221670359418012955e-03 -4.176020391201259118e-04
2.335999999999999943e+01 -2.505821171021879908e-03 -4.344809208107634139e-04
2.337000000000000455e+01 -2.789056309847566268e-03 -4.513651475345624334e-04
2.338000000000000256e+01 -3.071091552007980743e-03 -4.682356799367331157e-04
2.339000000000000057e+01 -3.351646108694561824e-03 -4.850735947291556077e-04
2.339999999999999858e+01 -3.630442981390277421e-03 -5.018601053427361848e-04
2.341000000000000369e+01 -3.907209309479128118e-03 -5.185765823834786580e-04
2.342000000000000171e+01 -4.181676709753769268e-03 -5.352045738679229699e-04
2.342999999999999972e+01 -4.453581607330431465e-03 -5.517258252138715000e-04
2.343999999999999773e+01 -4.722665557508565377e-03 -5.681222989630752224e-04
2.345000000000000284e+01 -4.988675558116150224e-03 -5.843761942128881254e-04
2.346000000000000085e+01 -5.251364351907686703e-03 -6.004699657334690646e-04
2.346999999999999886e+01 -5.510490718592030331e-03 -6.163863427493158171e-04
2.348000000000000398e+01 -5.765819756094209096e-03 -6.321083473628268026e-04
2.349000000000000199e+01 -6.017123150663644844e-03 -6.476193125986587579e-04
2.350000000000000000e+01 -6.264179435470806911e-03 -6.629029000486377689e-04
2.350999999999999801e+01 -6.506774237346025537e-03 -6.779431170970096846e-04
2.352000000000000313e+01 -6.744700511340091104e-03 -6.927243337063869900e-04
2.353000000000000114e+01 -6.977758762803032248e-03 -7.072312987455991193e-04
2.353999999999999915e+01 -7.205757256701281893e-03 -7.214491558419423075e-04
2.355000000000000426e+01 -7.428512213916399314e-03 -7.353634587388589109e-04
2.356000000000000227e+01 -7.645847994283215543e-03 -7.489601861438180365e-04
2.357000000000000028e+01 -7.857597266157805016e-03 -7.622257560489179712e-04
2.357999999999999829e+01 -8.063601162319772309e-03 -7.751470395095537338e-04
2.359000000000000341e+01 -8.263709422041617958e-03 -7.877113738661115387e-04
2.360000000000000142e+01 -8.457780519176337150e-03 -7.999065753948143365e-04
2.360999999999999943e+01 -8.645681776141103322e-03 -8.117209513743703841e-04
2.362000000000000455e+01 -8.827289463697459218e-03 -8.231433115560302452e-04
2.363000000000000256e+01 -9.002488886449970182e-03 -8.341629790257020340e-04
2.364000000000000057e+01 -9.171174454010758495e-03 -8.447698004466255286e-04
2.364999999999999858e+01 -9.333249737798223616e-03 -8.549541556731995919e-04
2.366000000000000369e+01 -9.488627513466515312e-03 -8.647069667261993338e-04
2.367000000000000171e+01 -9.637229788977921818e-03 -8.740197061213314045e-04
2.367999999999999972e+01 -9.778987818362058076e-03 -8.828844045432591471e-04
2.368999999999999773e+01 -9.913842101222005571e-03 -8.912936578587043936e-04
2.370000000000000284e+01 -1.004174236807307136e-02 -8.992406334619978524e-04
2.371000000000000085e+01 -1.016264755162434724e-02 -9.067190759489453245e-04
2.371999999999999886e+01 -1.027652574413107783e-02 -9.137233121139234308e-04
2.373000000000000398e+01 -1.038335414097324265e-02 -9.202482552675586396e-04
2.374000000000000199e+01 -1.048311897063166839e-02 -9.262894088714493466e-04
2.375000000000000000e+01 -1.057581541126055569e-02 -9.318428694897286976e-04
2.375999999999999801e+01 -1.066144749407140456e-02 -9.369053290548239998e-04
2.377000000000000313e+01 -1.074002799376583446e-02 -9.414740764490965976e-04
2.378000000000000114e+01 -1.081157830627545689e-02 -9.455469984019896799e-04
2.378999999999999915e+01 -1.087612831408584814e-02 -9.491225797049859976e-04
2.380000000000000426e+01 -1.093371623944001080e-02 -9.521999027464805778e-04
2.381000000000000227e+01 -1.098438848573660316e-02 -9.547786463704209308e-04
2.382000000000000028e+01 -1.102819946745647178e-02 -9.568590840620527912e-04
2.382999999999999829e+01 -1.106521142896493663e-02 -9.584420814665527925e-04
2.384000000000000341e+01 -1.109549425255980729e-02 -9.595290932455145892e-04
2.385000000000000142e+01 -1.111912525614648477e-02 -9.601221592784647601e-04
2.385999999999999943e+01 -1.113618898093336231e-02 -9.602239002160428347e-04
2.387000000000000455e+01 -1.114677696957289653e-02 -9.598375123935481154e-04
2.388000000000000256e+01 -1.115098753515940573e-02 -9.589667621128912479e-04
2.389000000000000057e+01 -1.114892552153483492e-02 -9.576159793031977646e-04
2.389999999999999858e+01 -1.114070205534842609e-02 -9.557900505698254355e-04
2.391000000000000369e+01 -1.112643429033814170e-02 -9.534944116427717786e-04
2.392000000000000171e+01 -1.110624514430283080e-02 -9.507350392361387219e-04
2.392999999999999972e+01 -1.108026302925605236e-02 -9.475184423312015642e-04
2.393999999999999773e+01 -1.104862157524991000e-02 -9.438516528953384875e-04
2.395000000000000284e+01 -1.101145934837167474e-02 -9.397422160509933146e-04
2.396000000000000085e+01 -1.096891956342497219e-02 -9.351981797085382386e-04
2.396999999999999886e+01 -1.092114979180629046e-02 -9.302280836778396801e-04
2.398000000000000398e+01 -1.086830166509899706e-02 -9.248409482734041513e-04
2.399000000000000199e+01 -1.081053057492288583e-02 -9.190462624299517618e-04
2.400000000000000000e+01 -1.074799536954050734e-02 -9.128539713434515642e-04
2.400999999999999801e+01 -1.068085804778524071e-02 -9.062743476571892684e-04
2.402000000000000313e+01 -1.060928345082450160e-02 -8.993182135875175433e-04
2.403000000000000114e+01 -1.053343895230076169e-02 -8.919968081369043355e-04
2.403999999999999915e+01 -1.045349414738736687e-02 -8.843217730290304146e-04
2.405000000000000426e+01 -1.036962054129073919e-02 -8.763051382416015087e-04
2.406000000000000227e+01 -1.028199123773585778e-02 -8.679593071286717402e-04
2.407000000000000028e+01 -1.019078062796453625e-02 -8.592970412896872414e-04
2.407999999999999829e+01 -1.009616408077460871e-02 -8.503314449987530842e-04
2.409000000000000341e+01 -9.998317634123520675e-03 -8.410759494028923963e-04
2.410000000000000142e+01 -9.897417688814361819e-03 -8.315442964172594775e-04
2.410999999999999943e+01 -9.793640704778784969e-03 -8.217505223150261889e-04
2.412000000000000455e+01 -9.687162900458011136e-03 -8.117089411533548633e-04
2.413000000000000256e+01 -9.578159955785973956e-03 -8.014341278765399349e-04
2.414000000000000057e+01 -9.466806719258383240e-03 -7.909409012814537249e-04
2.414999999999999858e+01 -9.353276919571671191e-03 -7.802443067858700699e-04
2.416000000000000369e+01 -9.237742882300210498e-03 -7.693595990041320531e-04
2.417000000000000171e+01 -9.120375252072232888e-03 -7.583022242490612469e-04
2.417999999999999972e+01 -9.001342720691387495e-03 -7.470878028366712865e-04
2.418999999999999773e+01 -8.880811761639902796e-03 -7.357321113466282160e-04
2.420000000000000284e+01 -8.758946371385609858e-03 -7.242510647956745514e-04
2.421000000000000085e+01 -8.635907817902650080e-03 -7.126606987333717778e-04
2.421999999999999886e+01 -8.511854396798806607e-03 -7.009771513536232996e-04
2.423000000000000398e+01 -8.386941195430628465e-03 -6.892166455384988316e-04
2.424000000000000199e+01 -8.261319865369091964e-03 -6.773954709488566421e-04
2.425000000000000000e+01 -8.135138403565616780e-03 -6.655299661377880351e-04
2.425999999999999801e+01 -8.008540942547798247e-03 -6.536365007015854187e-04
2.427000000000000313e+01 -7.881667549959113159e-03 -6.417314575312703427e-04
2.428000000000000114e+01 -7.754654037741658471e-03 -6.298312151261225037e-04
2.428999999999999915e+01 -7.627631781236987596e-03 -6.179521300401195774e-04
2.430000000000000426e+01 -7.500727548466782843e-03 -6.061105194575286230e-04
2.431000000000000227e+01 -7.374063339833932841e-03 -5.943226439170276555e-04
2.432000000000000028e+01 -7.247756238465809762e-03 -5.826046902149890254e-04
2.432999999999999829e+01 -7.121918271401165082e-03 -5.709727544958962016e-04
2.434000000000000341e+01 -6.996656281804065729e-03 -5.594428255549215717e-04
2.435000000000000142e+01 -6.872071812365073210e-03 -5.480307683681639314e-04
2.435999999999999943e+01 -6.748261000033951330e-03 -5.367523078765216267e-04
2.437000000000000455e+01 -6.625314482202156012e-03 -5.256230130170553346e-04
2.438000000000000256e+01 -6.503317314437937272e-03 -5.146582810603330792e-04
2.439000000000000057e+01 -6.382348899852387410e-03 -5.038733222273945661e-04
2.439999999999999858e+01 -6.262482930155057782e-03 -4.932831446251911226e-04
2.441000000000000369e+01 -6.143787338439150349e-03 -4.829025395293043768e-04
2.442000000000000171e+01 -6.026324263710089793e-03 -4.727460669723194172e-04
2.442999999999999972e+01 -5.910150027154338105e-03 -4.628280417446031434e-04
2.443999999999999773e+01 -5.795315120126863853e-03 -4.531625197322513860e-04
2.445000000000000284e+01 -5.681864203806710235e-03 -4.437632846508518395e-04
2.446000000000000085e+01 -5.569836120457884003e-03 -4.346438352070917119e-04
2.446999999999999886e+01 -5.459263916207685897e-03 -4.258173726130564502e-04
2.448000000000000398e+01 -5.350174875236989730e-03 -4.172967886041521377e-04
2.449000000000000199e+01 -5.242590565251712721e-03 -4.090946538384653951e-04
2.450000000000000000e+01 -5.136526894096716568e-03 -4.012232067556830263e-04
2.450999999999999801e+01 -5.031994177335894804e-03 -3.936943429289136613e-04
2.452000000000000313e+01 -4.928997216623340859e-03 -3.865196048030627649e-04
2.453000000000000114e+01 -4.827535388654003931e-03 -3.797101720108244836e-04
2.453999999999999915e+01 -4.727602744478199594e-03 -3.732768521008920926e-04
2.455000000000000426e+01 -4.629188118934775449e-03 -3.672300717729668211e-04
2.456000000000000227e+01 -4.532275249949290971e-03 -3.615798686543275067e-04
2.457000000000000028e+01 -4.436842907420556967e-03 -3.563358834832631061e-04
2.457999999999999829e+01 -4.342865031407347649e-03 -3.515073529243583923e-04
2.459000000000000341e+01 -4.250310879306387450e-03 -3.471031028128257717e-04
2.460000000000000142e+01 -4.159145181701447667e-03 -3.431315419362875583e-04
2.460999999999999943e+01 -4.069328306546307096e-03 -3.396006563880103117e-04
2.462000000000000455e+01 -3.980816431331687250e-03 -3.365180043343619768e-04
2.463000000000000256e+01 -3.893561722871731034e-03 -3.338907114472075056e-04
2.464000000000000057e+01 -3.807512524333412935e-03 -3.317254667681959800e-04
2.464999999999999858e+01 -3.722613549120720733e-03 -3.300285191239218604e-04
2.466000000000000369e+01 -3.638806081211946961e-03 -3.288056741233656298e-04
2.467000000000000171e+01 -3.556028181542889369e-03 -3.280622915643628267e-04
2.467999999999999972e+01 -3.474214900008644209e-03 -3.278032835159403716e-04
2.468999999999999773e+01 -3.393298492665721908e-03 -3.280331128227120916e-04
2.470000000000000284e+01 -3.313208643677977450e-03 -3.287557921551436378e-04
2.471000000000000085e+01 -3.233872691584890966e-03 -3.299748836349744585e-04
2.471999999999999886e+01 -3.155215859417162278e-03 -3.316934988527190449e-04
2.473000000000000398e+01 -3.077161488214480260e-03 -3.339142995492961090e-04
2.474000000000000199e+01 -2.999631273477832826e-03 -3.366394986976945359e-04
2.475000000000000000e+01 -2.922545504088953656e-03 -3.398708621095993497e-04
2.475999999999999801e+01 -2.845823303225097738e-03 -3.436097105909676147e-04
2.477000000000000313e+01 -2.769382870795042331e-03 -3.478569224622105245e-04
2.478000000000000114e+01 -2.693141726921926323e-03 -3.526129367100460949e-04
2.478999999999999915e+01 -2.617016955994058442e-03 -3.578777565061332252e-04
2.480000000000000426e+01 -2.540925450808418674e-03 -3.636509532131068927e-04
2.481000000000000227e+01 -2.464784156329478254e-03 -3.699316708986185535e-04
2.482000000000000028e+01 -2.388510312589237419e-03 -3.767186311752935700e-04
2.482999999999999829e+01 -2.312021696257012589e-03 -3.840101386209836200e-04
2.484000000000000341e+01 -2.235236860406809422e-03 -3.918040865229213601e-04
2.485000000000000142e+01 -2.158075372022310711e-03 -4.000979630583217581e-04
2.485999999999999943e+01 -2.080458046774369407e-03 -4.088888579251972392e-04
2.487000000000000455e+01 -2.002307180619685486e-03 -4.181734692555278635e-04
2.488000000000000256e+01 -1.923546777771487776e-03 -4.279481110371849699e-04
2.489000000000000057e+01 -1.844102774601348149e-03 -4.382087208104379654e-04
2.489999999999999858e+01 -1.763903259040209680e-03 -4.489508677377346290e-04
2.491000000000000369e+01 -1.682878685053942457e-03 -4.601697610532476759e-04
2.492000000000000171e+01 -1.600962081779053409e-03 -4.718602587451840229e-04
2.492999999999999972e+01 -1.518089256915231521e-03 -4.840168766603632623e-04
2.493999999999999773e+01 -1.434198993980254902e-03 -4.966337978285628859e-04
2.495000000000000284e+01 -1.349233243047082923e-03 -5.097048820868066302e-04
2.496000000000000085e+01 -1.263137304592150010e-03 -5.232236760035399985e-04
2.496999999999999886e+01 -1.175860006100952568e-03 -5.371834229816339814e-04
2.498000000000000398e+01 -1.087353871085571183e-03 -5.515770736853422597e-04
2.499000000000000199e+01 -9.975752801875072042e-04 -5.663972966285009012e-04
2.500000000000000000e+01 -9.064846240515675186e-04 -5.816364889824665639e-04
2.500999999999999801e+01 -8.140464476709707332e-04 -5.972867875969596965e-04
2.502000000000000313e+01 -7.202295859243516450e-04 -6.133400801435989844e-04
2.503000000000000114e+01 -6.250072900331415070e-04 -6.297880164765586649e-04
2.503999999999999915e+01 -5.283573446950931302e-04 -6.466220200946473174e-04
2.505000000000000426e+01 -4.302621756577818262e-04 -6.638332997388977225e-04
2.506000000000000227e+01 -3.307089475181737093e-04 -6.814128611109246999e-04
2.507000000000000028e+01 -2.296896515533304833e-04 -6.993515186593465566e-04
2.507999999999999829e+01 -1.272011834005603811e-04 -7.176399074703950030e-04
2.509000000000000341e+01 -2.324541042942064234e-05 -7.362684952012968440e-04
2.510000000000000142e+01 8.217077133540062891e-05 -7.552275940630878096e-04
2.510999999999999943e+01 1.890353908636291911e-04 -7.745073728319979301e-04
2.512000000000000455e+01 2.973313664429968399e-04 -7.940978688751942427e-04
2.513000000000000256e+01 4.070364807576452252e-04 -8.139890001665544758e-04
2.514000000000000057e+01 5.181233667919870819e-04 -8.341705772902604805e-04
2.514999999999999858e+01 6.305595045865027264e-04 -8.546323154081864656e-04
2.516000000000000369e+01 7.443072288950648360e-04 -8.753638461656727821e-04
2.517000000000000171e+01 8.593237477212529139e-04 -8.963547295622733635e-04
2.517999999999999972e+01 9.755611717329931752e-04 -9.175944657006301691e-04
2.518999999999999773e+01 1.092966554514196833e-03 -9.390725064720574326e-04
2.520000000000000284e+01 1.211481943597605363e-03 -9.607782671251462441e-04
2.521000000000000085e+01 1.331044442202217312e-03 -9.827011376877207039e-04
2.521999999999999886e+01 1.451586281582640603e-03 -1.004830494308237314e-03
2.523000000000000398e+01 1.573034903869639572e-03 -1.027155710371232622e-03
2.524000000000000199e+01 1.695313055276446339e-03 -1.049666167502812933e-03
2.525000000000000000e+01 1.818338889504122341e-03 -1.072351266386391928e-03
2.525999999999999801e+01 1.942026081190871643e-03 -1.095200437353425777e-03
2.527000000000000313e+01 2.066283949198830568e-03 -1.118203150854789069e-03
2.528000000000000114e+01 2.191017589539253317e-03 -1.141348927611673383e-03
2.528999999999999915e+01 2.316128017705980108e-03 -1.164627348617418897e-03
2.530000000000000426e+01 2.441512320173723320e-03 -1.188028064884696401e-03
2.531000000000000227e+01 2.567063814799414208e-03 -1.211540806900712579e-03
2.532000000000000028e+01 2.692672219851082339e-03 -1.235155393930517480e-03
2.532999999999999829e+01 2.818223831368205090e-03 -1.258861742918591887e-03
2.534000000000000341e+01 2.943601708545810249e-03 -1.282649877209830020e-03
2.535000000000000142e+01 3.068685866818970150e-03 -1.306509934962241061e-03
2.535999999999999943e+01 3.193353478303573734e-03 -1.330432177212594958e-03
2.537000000000000455e+01 3.317479079251039673e-03 -1.354406995765620623e-03
2.538000000000000256e+01 3.440934784139648706e-03 -1.378424920615145587e-03
2.539000000000000057e+01 3.563590506031966924e-03 -1.402476627162404848e-03
2.539999999999999858e+01 3.685314182804006172e-03 -1.426552943084125535e-03
2.541000000000000369e+01 3.805972008845679745e-03 -1.450644854812708747e-03
2.542000000000000171e+01 3.925428671819430719e-03 -1.474743513822770937e-03
2.542999999999999972e+01 4.043547594054497200e-03 -1.498840242401859851e-03
2.543999999999999773e+01 4.160191178146068793e-03 -1.522926539203847988e-03
2.545000000000000284e+01 4.275221056317000598e-03 -1.546994084424031237e-03
2.546000000000000085e+01 4.388498343097973001e-03 -1.571034744560775897e-03
2.546999999999999886e+01 4.499883890866212058e-03 -1.595040576973128389e-03
2.548000000000000398e+01 4.609238547787649319e-03 -1.619003833895215402e-03
2.549000000000000199e+01 4.716423417691797786e-03 -1.642916966226352742e-03
2.550000000000000000e+01 4.821300121410051001e-03 -1.666772626929848705e-03
2.550999999999999801e+01 4.923731059104421645e-03 -1.690563674007185095e-03
2.552000000000000313e+01 5.023579673106596741e-03 -1.714283173266157754e-03
2.553000000000000114e+01 5.120710710789963885e-03 -1.737924400538093861e-03
2.553999999999999915e+01 5.214990486993561873e-03 -1.761480843672041030e-03
2.555000000000000426e+01 5.306287145515582900e-03 -1.784946204138497918e-03
2.556000000000000227e+01 5.394470919197887245e-03 -1.808314398213528660e-03
2.557000000000000028e+01 5.479414388120728424e-03 -1.831579557961264711e-03
2.557999999999999829e+01 5.560992735430217437e-03 -1.854736031677705439e-03
2.559000000000000341e+01 5.639084000325175587e-03 -1.877778384121237725e-03
2.560000000000000142e+01 5.713569327733246730e-03 -1.900701396366197109e-03
2.560999999999999943e+01 5.784333214207935253e-03 -1.923500065257576332e-03
2.562000000000000455e+01 5.851263749587875054e-03 -1.946169602674201974e-03
2.563000000000000256e+01 5.914252853965576255e-03 -1.968705434285948196e-03
2.564000000000000057e+01 5.973196509513129665e-03 -1.991103198112568161e-03
2.564999999999999858e+01 6.027994986731571511e-03 -2.013358742733647837e-03
2.566000000000000369e+01 6.078553064687988901e-03 -2.035468125133254366e-03
2.567000000000000171e+01 6.124780244822013164e-03 -2.057427608368809016e-03
2.567999999999999972e+01 6.166590957907227936e-03 -2.079233658785416619e-03
2.568999999999999773e+01 6.203904763769496102e-03 -2.100882943051802978e-03
2.570000000000000284e+01 6.236646543371669044e-03 -2.122372324886974936e-03
2.571000000000000085e+01 6.264746682886885784e-03 -2.143698861468661468e-03
2.571999999999999886e+01 6.288141249396933356e-03 -2.164859799684727606e-03
2.573000000000000398e+01 6.306772157866319395e-03 -2.185852571998728178e-03
2.574000000000000199e+01 6.320587329051910626e-03 -2.206674792161126240e-03
2.575000000000000000e+01 6.329540838032643099e-03 -2.227324250661227162e-03
2.575999999999999801e+01 6.333593053043837760e-03 -2.247798909917726740e-03
2.577000000000000313e+01 6.332710764335388459e-03 -2.268096899335411958e-03
2.578000000000000114e+01 6.326867302772733875e-03 -2.288216510057687527e-03
2.578999999999999915e+01 6.316042647924517001e-03 -2.308156189592162726e-03
2.580000000000000426e+01 6.300223525404098461e-03 -2.327914536235294821e-03
2.581000000000000227e+01 6.279403493229388129e-03 -2.347490293300668728e-03
2.582000000000000028e+01 6.253583017012480892e-03 -2.366882343238963134e-03
2.582999999999999829e+01 6.222769533782397146e-03 -2.386089701545673208e-03
2.584000000000000341e+01 6.186977504281879030e-03 -2.405111510572267332e-03
2.585000000000000142e+01 6.146228453589248734e-03 -2.423947033199469730e-03
2.585999999999999943e+01 6.100550999937324505e-03 -2.442595646386167777e-03
2.587000000000000455e+01 6.049980871623321203e-03 -2.461056834635504034e-03
2.588000000000000256e+01 5.994560911925531956e-03 -2.479330183349399107e-03
2.589000000000000057e+01 5.934341071952754613e-03 -2.497415372116299805e-03
2.589999999999999858e+01 5.869378391389262761e-03 -2.515312167928740808e-03
2.591000000000000369e+01 5.799736967102051000e-03 -2.533020418350992280e-03
2.592000000000000171e+01 5.725487909610293795e-03 -2.550540044629884436e-03
2.592999999999999972e+01 5.646709287430051738e-03 -2.567871034798321558e-03
2.593999999999999773e+01 5.563486059332968525e-03 -2.585013436741459125e-03
2.595000000000000284e+01 5.475909994573338775e-03 -2.601967351261592030e-03
2.596000000000000085e+01 5.384079581164398672e-03 -2.618732925167760028e-03
2.596999999999999886e+01 5.288099922300538124e-03 -2.635310344333890911e-03
2.598000000000000398e+01 5.188082621044839797e-03 -2.651699826854019698e-03
2.599000000000000199e+01 5.084145653422085520e-03 -2.667901616187898749e-03
2.600000000000000000e+01 4.976413230076050069e-03 -2.683915974372725558e-03
2.600999999999999801e+01 4.865015646669876813e-03 -2.699743175332565848e-03
2.602000000000000313e+01 4.750089123230111753e-03 -2.715383498179678532e-03
2.603000000000000114e+01 4.631775632652592074e-03 -2.730837220712982027e-03
2.603999999999999915e+01 4.510222718606030946e-03 -2.746104612933299681e-03
2.605000000000000426e+01 4.385583303091741998e-03 -2.761185930687919728e-03
2.606000000000000227e+01 4.258015483933745918e-03 -2.776081409480410638e-03
2.607000000000000028e+01 4.127682322489619783e-03 -2.790791258294348948e-03
2.607999999999999829e+01 3.994751621896332552e-03 -2.805315653706666988e-03
2.609000000000000341e+01 3.859395696170969236e-03 -2.819654734040136397e-03
2.610000000000000142e+01 3.721791130519229007e-03 -2.833808593703430762e-03
2.610999999999999943e+01 3.582118533202903726e-03 -2.847777277756636822e-03
2.612000000000000455e+01 3.440562279344318384e-03 -2.861560776509322959e-03
2.613000000000000256e+01 3.297310247058359792e-03 -2.875159020490245746e-03
2.614000000000000057e+01 3.152553546313366720e-03 -2.888571875475032680e-03
2.614999999999999858e+01 3.006486240940396595e-03 -2.901799137751272240e-03
2.616000000000000369e+01 2.859305064219314681e-03 -2.914840529660419396e-03
2.617000000000000171e+01 2.711209128484588001e-03 -2.927695695187610726e-03
2.617999999999999972e+01 2.562399629205671867e-03 -2.940364195991020287e-03
2.618999999999999773e+01 2.413079544005049606e-03 -2.952845507504188362e-03
2.620000000000000284e+01 2.263453327089246653e-03 -2.965139015316255958e-03
2.621000000000000085e+01 2.113726599576637704e-03 -2.977244011868480141e-03
2.621999999999999886e+01 1.964105836215440486e-03 -2.989159693211703665e-03
2.623000000000000398e+01 1.814798048989336521e-03 -3.000885156253948159e-03
2.624000000000000199e+01 1.666010468120695739e-03 -3.012419396092389477e-03
2.625000000000000000e+01 1.517950220982570682e-03 -3.023761303652372587e-03
2.625999999999999801e+01 1.370824009437802190e-03 -3.034909663669871360e-03
2.627000000000000313e+01 1.224837786128542142e-03 -3.045863152745164389e-03
2.628000000000000114e+01 1.080196430241682189e-03 -3.056620337917530239e-03
2.628999999999999915e+01 9.371034232798573478e-04 -3.067179675332682310e-03
2.630000000000000426e+01 7.957605253668855860e-04 -3.077539509234092190e-03
2.631000000000000227e+01 6.563674526200638645e-04 -3.087698071311581038e-03
2.632000000000000028e+01 5.191215561239123210e-04 -3.097653480127873348e-03
2.632999999999999829e+01 3.842175030290384649e-04 -3.107403741077954112e-03
2.634000000000000341e+01 2.518469603127939261e-04 -3.116946746445056152e-03
2.635000000000000142e+01 1.221982817231443905e-04 -3.126280275784812032e-03
2.635999999999999943e+01 -4.543801568352105866e-06 -3.135401996667256438e-03
2.637000000000000455e+01 -1.281984860879738762e-04 -3.144309465500423010e-03
2.638000000000000256e+01 -2.485891964391104356e-04 -3.153000128877499371e-03
2.639000000000000057e+01 -3.655438804351859318e-04 -3.161471325021427206e-03
2.639999999999999858e+01 -4.788952984829835161e-04 -3.169720285549822072e-03
2.641000000000000369e+01 -5.884813067235700104e-04 -3.177744137583338093e-03
2.642000000000000171e+01 -6.941451334483660345e-04 -3.185539905937873582e-03
2.642999999999999972e+01 -7.957356483121661014e-04 -3.193104515810317196e-03
2.643999999999999773e+01 -8.931076238800927415e-04 -3.200434795558648737e-03
2.645000000000000284e+01 -9.861219890550077753e-04 -3.207527479783712707e-03
2.646000000000000085e+01 -1.074646073940045124e-03 -3.214379212725465562e-03
2.646999999999999886e+01 -1.158553845707772575e-03 -3.220986551744526270e-03
2.648000000000000398e+01 -1.237726135062179947e-03 -3.227345971245474190e-03
2.649000000000000199e+01 -1.312050852884409299e-03 -3.233453866692099447e-03
2.650000000000000000e+01 -1.381423196679523475e-03 -3.239306558890315494e-03
2.650999999999999801e+01 -1.445745846447372279e-03 -3.244900298547765717e-03
2.652000000000000313e+01 -1.504929149622290371e-03 -3.250231270916155955e-03
2.653000000000000114e+01 -1.558891294740841942e-03 -3.255295600807266414e-03
2.653999999999999915e+01 -1.607558473513017892e-03 -3.260089357694208757e-03
2.655000000000000426e+01 -1.650865030989960873e-03 -3.264608561038621383e-03
2.656000000000000227e+01 -1.688753603544452565e-03 -3.268849185843867959e-03
2.657000000000000028e+01 -1.721175244389225138e-03 -3.272807168288558409e-03
2.657999999999999829e+01 -1.748089536389408130e-03 -3.276478411648475492e-03
2.659000000000000341e+01 -1.769464691933138713e-03 -3.279858792296651542e-03
2.660000000000000142e+01 -1.785277639653391930e-03 -3.282944165878232904e-03
2.660999999999999943e+01 -1.795514097811715549e-03 -3.285730373652072985e-03
2.662000000000000455e+01 -1.800168634172043649e-03 -3.288213248908768930e-03
2.663000000000000256e+01 -1.799244712219308026e-03 -3.290388623579428105e-03
2.664000000000000057e+01 -1.792754723595976676e-03 -3.292252334913993092e-03
2.664999999999999858e+01 -1.780720006650307434e-03 -3.293800232276369519e-03
2.666000000000000369e+01 -1.763170851015373073e-03 -3.295028184040188230e-03
2.667000000000000171e+01 -1.740146488156661501e-03 -3.295932084556498637e-03
2.667999999999999972e+01 -1.711695067850670235e-03 -3.296507861204928287e-03
2.668999999999999773e+01 -1.677873620578084445e-03 -3.296751481504740268e-03
2.670000000000000284e+01 -1.638748005835163717e-03 -3.296658960280297607e-03
2.671000000000000085e+01 -1.594392846400093707e-03 -3.296226366856657222e-03
2.671999999999999886e+01 -1.544891448592085196e-03 -3.295449832321944647e-03
2.673000000000000398e+01 -1.490335708610700683e-03 -3.294325556759202835e-03
2.674000000000000199e+01 -1.430826005042159675e-03 -3.292849816529970410e-03
2.675000000000000000e+01 -1.366471077654440782e-03 -3.291018971545961892e-03
2.675999999999999801e+01 -1.297387892620955338e-03 -3.288829472498551194e-03
2.677000000000000313e+01 -1.223701494335389895e-03 -3.286277868149416713e-03
2.678000000000000114e+01 -1.145544844001375809e-03 -3.283360812475751966e-03
2.678999999999999915e+01 -1.063058645202524626e-03 -3.280075071858017718e-03
2.680000000000000426e+01 -9.763911566807426633e-04 -3.276417532189084686e-03
2.681000000000000227e+01 -8.856979925681006957e-04 -3.272385205870514697e-03
2.682000000000000028e+01 -7.911419103450665615e-04 -3.267975238863339918e-03
2.682999999999999829e+01 -6.928925868077814767e-04 -3.263184917480535258e-03
2.684000000000000341e+01 -5.911263823581865400e-04 -3.258011675213429766e-03
2.685000000000000142e+01 -4.860260939404788478e-04 -3.252453099415428348e-03
2.685999999999999943e+01 -3.777806969735680300e-04 -3.246506937803800893e-03
2.687000000000000455e+01 -2.665850766416713179e-04 -3.240171105010055362e-03
2.688000000000000256e+01 -1.526397489279946937e-04 -3.233443688765718846e-03
2.689000000000000057e+01 -3.615057178903066513e-05 -3.226322956113008861e-03
2.689999999999999858e+01 8.267155311021753426e-05 -3.218807359413119670e-03
2.691000000000000369e+01 2.036109876733875038e-04 -3.210895542110003224e-03
2.692000000000000171e+01 3.264476732083664403e-04 -3.202586344534889655e-03
2.692999999999999972e+01 4.509574543622488197e-04 -3.193878809251138578e-03
2.693999999999999773e+01 5.769124106784975651e-04 -3.184772186415774520e-03
2.695000000000000284e+01 7.040811952860621253e-04 -3.175265938884272877e-03
2.696000000000000085e+01 8.322293802169575044e-04 -3.165359747016004144e-03
2.696999999999999886e+01 9.611198078416984545e-04 -3.155053513512767575e-03
2.698000000000000398e+01 1.090512947892984669e-03 -3.144347367716869134e-03
2.699000000000000199e+01 1.220167259545921947e-03 -3.133241669916158288e-03
2.700000000000000000e+01 1.349839558008196971e-03 -3.121737015347801451e-03
2.700999999999999801e+01 1.479285385068388088e-03 -3.109834237857820368e-03
2.702000000000000313e+01 1.608259383039553538e-03 -3.097534413583227005e-03
2.703000000000000114e+01 1.736515671535409852e-03 -3.084838864032144346e-03
2.703999999999999915e+01 1.863808226498276733e-03 -3.071749159160931750e-03
2.705000000000000426e+01 1.989891260908079138e-03 -3.058267120114701535e-03
2.706000000000000227e+01 2.114519606583525630e-03 -3.044394821590197964e-03
2.707000000000000028e+01 2.237449096495674594e-03 -3.030134594209745943e-03
2.707999999999999829e+01 2.358436946998471173e-03 -3.015489026252658571e-03
2.709000000000000341e+01 2.477242139403923894e-03 -3.000460965372062604e-03
2.710000000000000142e+01 2.593625800270436300e-03 -2.985053519950779579e-03
2.710999999999999943e+01 2.707351579883675568e-03 -2.969270060060951854e-03
2.712000000000000455e+01 2.818186028270812642e-03 -2.953114218419258547e-03
2.713000000000000256e+01 2.925898968212090924e-03 -2.936589890682196700e-03
2.714000000000000057e+01 3.030263864637061221e-03 -2.919701235715381482e-03
2.714999999999999858e+01 3.131058189852719414e-03 -2.902452675489088953e-03
2.716000000000000369e+01 3.228063784008647265e-03 -2.884848894571515141e-03
2.717000000000000171e+01 3.321067210244357543e-03 -2.866894839601437893e-03
2.717999999999999972e+01 3.409860103956181571e-03 -2.848595718107773973e-03
2.718999999999999773e+01 3.494239515630057427e-03 -2.829956997289130843e-03
2.720000000000000284e+01 3.574008246696781105e-03 -2.810984402420581112e-03
2.721000000000000085e+01 3.648975177877166604e-03 -2.791683914866023315e-03
2.721999999999999886e+01 3.718955589491004105e-03 -2.772061770050546908e-03
2.723000000000000398e+01 3.783771473219040785e-03 -2.752124454812654442e-03
2.724000000000000199e+01 3.843251834816608422e-03 -2.731878704699914392e-03
2.725000000000000000e+01 3.897232987290328524e-03 -2.711331500905666322e-03
2.725999999999999801e+01 3.945558834067774100e-03 -2.690490066833710250e-03
2.727000000000000313e+01 3.988081141690982823e-03 -2.669361864600217245e-03
2.728000000000000114e+01 4.024659801602542900e-03 -2.647954590973865003e-03
2.728999999999999915e+01 4.055163080583952355e-03 -2.626276173240586244e-03
2.730000000000000426e+01 4.079467859439129922e-03 -2.604334764735539900e-03
2.731000000000000227e+01 4.097459859527806045e-03 -2.582138740039491374e-03
2.732000000000000028e+01 4.109033856770122513e-03 -2.559696690085867549e-03
2.732999999999999829e+01 4.114093882764263688e-03 -2.537017416789483486e-03
2.734000000000000341e+01 4.112553412678515187e-03 -2.514109927577806280e-03
2.735000000000000142e+01 4.104335539594801754e-03 -2.490983429628568398e-03
2.735999999999999943e+01 4.089373135006787313e-03 -2.467647323818817143e-03
2.737000000000000455e+01 4.067608995190260396e-03 -2.444111198557593224e-03
2.738000000000000256e+01 4.038995973190195182e-03 -2.420384823244100744e-03
2.739000000000000057e+01 4.003497096184601908e-03 -2.396478141605181203e-03
2.739999999999999858e+01 3.961085668013404615e-03 -2.372401264787576524e-03
2.741000000000000369e+01 3.911745356676960862e-03 -2.348164464222039522e-03
2.742000000000000171e+01 3.855470266635437418e-03 -2.323778164338315393e-03
2.742999999999999972e+01 3.792264995763327748e-03 -2.299252935032719981e-03
2.743999999999999773e+01 3.722144676831557527e-03 -2.274599483985608947e-03
2.745000000000000284e+01 3.645135003420313814e-03 -2.249828648794748986e-03
2.746000000000000085e+01 3.561272240183578196e-03 -2.224951388947683708e-03
2.746999999999999886e+01 3.470603217412372016e-03 -2.199978777612431480e-03
2.748000000000000398e+01 3.373185309867728163e-03 -2.174921993320966945e-03
2.749000000000000199e+01 3.269086399878870508e-03 -2.149792311475363059e-03
2.750000000000000000e+01 3.158384824722158379e-03 -2.124601095733927129e-03
2.750999999999999801e+01 3.041169308327030391e-03 -2.099359789314746236e-03
2.752000000000000313e+01 2.917538877372163105e-03 -2.074079906080096743e-03
2.753000000000000114e+01 2.787602761865220786e-03 -2.048773021669208355e-03
2.753999999999999915e+01 2.651480280316970920e-03 -2.023450764421366472e-03
2.755000000000000426e+01 2.509300709650302396e-03 -1.998124806252808434e-03
2.756000000000000227e+01 2.361203140003589537e-03 -1.972806853530011551e-03
2.757000000000000028e+01 2.207336314613720339e-03 -1.947508637689077029e-03
2.757999999999999829e+01 2.047858454985260028e-03 -1.922241906064471812e-03
2.759000000000000341e+01 1.882937071577132568e-03 -1.897018412476549976e-03
2.760000000000000142e+01 1.712748760253411922e-03 -1.871849907848400271e-03
2.760999999999999943e+01 1.537478984789276059e-03 -1.846748130902108867e-03
2.762000000000000455e+01 1.357321845699913619e-03 -1.821724798564786389e-03
2.763000000000000256e+01 1.172479835737381135e-03 -1.796791596749531790e-03
2.764000000000000057e+01 9.831635823768843530e-04 -1.771960170862141000e-03
2.764999999999999858e+01 7.895915776554207535e-04 -1.747242116414241724e-03
2.766000000000000369e+01 5.919898957397384722e-04 -1.722648969799158315e-03
2.767000000000000171e+01 3.905918986191862525e-04 -1.698192198741389075e-03
2.767999999999999972e+01 1.856379303433068400e-04 -1.673883193285084694e-03
2.768999999999999773e+01 -2.262499977032158963e-05 -1.649733256476135050e-03
2.770000000000000284e+01 -2.339435445016307068e-04 -1.625753595226313731e-03
2.771000000000000085e+01 -4.480583562011560125e-04 -1.601955311420142454e-03
2.771999999999999886e+01 -6.647044338895181839e-04 -1.578349392662598775e-03
2.773000000000000398e+01 -8.836114794842968518e-04 -1.554946703722086656e-03
2.774000000000000199e+01 -1.104504262641449464e-03 -1.531757977636188494e-03
2.775000000000000000e+01 -1.327102993685908439e-03 -1.508793807072749153e-03
2.775999999999999801e+01 -1.551123704092272071e-03 -1.486064636007361408e-03
2.777000000000000313e+01 -1.776278633964281520e-03 -1.463580751012971129e-03
2.778000000000000114e+01 -2.002276625951842758e-03 -1.441352273388208684e-03
2.778999999999999915e+01 -2.228823525031304459e-03 -1.419389150921855809e-03
2.780000000000000426e+01 -2.455622583570606088e-03 -1.397701149978636389e-03
2.781000000000000227e+01 -2.682374871082203287e-03 -1.376297847968634830e-03
2.782000000000000028e+01 -2.908779688074932760e-03 -1.355188625404147315e-03
2.782999999999999829e+01 -3.134534983389853941e-03 -1.334382658922359443e-03
2.784000000000000341e+01 -3.359337774416562561e-03 -1.313888913921104845e-03
2.785000000000000142e+01 -3.582884569570040159e-03 -1.293716137574833997e-03
2.785999999999999943e+01 -3.804871792408992624e-03 -1.273872852290796427e-03
2.787000000000000455e+01 -4.024996206774112024e-03 -1.254367348734926942e-03
2.788000000000000256e+01 -4.242955342319223826e-03 -1.235207679928829270e-03
2.789000000000000057e+01 -4.458447919810193220e-03 -1.216401654942232376e-03
2.789999999999999858e+01 -4.671174275564891377e-03 -1.197956833015090738e-03
2.791000000000000369e+01 -4.880836784407721445e-03 -1.179880518164801119e-03
2.792000000000000171e+01 -5.087140280516349276e-03 -1.162179753352840126e-03
2.792999999999999972e+01 -5.289792475538381000e-03 -1.144861315802117585e-03
2.793999999999999773e+01 -5.488504373357417851e-03 -1.127931711899719932e-03
2.795000000000000284e+01 -5.682990680901812107e-03 -1.111397172566836334e-03
2.796000000000000085e+01 -5.872970214381483846e-03 -1.095263649145771824e-03
2.796999999999999886e+01 -6.058166300355549705e-03 -1.079536808845038770e-03
2.798000000000000398e+01 -6.238307171035353642e-03 -1.064222031385604486e-03
2.799000000000000199e+01 -6.413126353236478158e-03 -1.049324405231138709e-03
2.800000000000000000e+01 -6.582363050405326543e-03 -1.034848724309915318e-03
2.800999999999999801e+01 -6.745762517150989332e-03 -1.020799485272182649e-03
2.802000000000000313e+01 -6.903076425727678114e-03 -1.007180884313132367e-03
2.803000000000000114e+01 -7.054063223924306354e-03 -9.939968152173543712e-04
2.803999999999999915e+01 -7.198488483828536545e-03 -9.812508669942352196e-04
2.805000000000000426e+01 -7.336125240948333966e-03 -9.689463220165945309e-04
2.806000000000000227e+01 -7.466754323186112346e-03 -9.570861546980842082e-04
2.807000000000000028e+01 -7.590164669176162338e-03 -9.456730297542391764e-04
2.807999999999999829e+01 -7.706153635513365331e-03 -9.347093016729428501e-04
2.809000000000000341e+01 -7.814527292415962903e-03 -9.241970137924167272e-04
2.810000000000000142e+01 -7.915100707380579026e-03 -9.141378978802571029e-04
2.810999999999999943e+01 -8.007698216409914888e-03 -9.045333742397738356e-04
2.812000000000000455e+01 -8.092153682407983786e-03 -8.953845514289946340e-04
2.813000000000000256e+01 -8.168310740359832275e-03 -8.866922271431725575e-04
2.814000000000000057e+01 -8.236023028927202949e-03 -8.784568887329780593e-04
2.814999999999999858e+01 -8.295154408120980483e-03 -8.706787142069510139e-04
2.816000000000000369e+01 -8.345579162720146923e-03 -8.633575737351379927e-04
2.817000000000000171e+01 -8.387182191139541665e-03 -8.564930308057630516e-04
2.817999999999999972e+01 -8.419859179461103987e-03 -8.500843444670328885e-04
2.818999999999999773e+01 -8.443516760373290242e-03 -8.441304712424811370e-04
2.820000000000000284e+01 -8.458072656778139325e-03 -8.386300675015001971e-04
2.821000000000000085e+01 -8.463455809854931317e-03 -8.335814922904572193e-04
2.821999999999999886e+01 -8.459606491389125293e-03 -8.289828098682591783e-04
2.823000000000000398e+01 -8.446476400198306422e-03 -8.248317932168619223e-04
2.824000000000000199e+01 -8.424028742513136117e-03 -8.211259272751079584e-04
2.825000000000000000e+01 -8.392238296192892910e-03 -8.178624125844882048e-04
2.825999999999999801e+01 -8.351091458680301796e-03 -8.150381693431220159e-04
2.827000000000000313e+01 -8.300586278624044398e-03 -8.126498412256560064e-04
2.828000000000000114e+01 -8.240732471123560915e-03 -8.106938000390992308e-04
2.828999999999999915e+01 -8.171551416571236695e-03 -8.091661501616654890e-04
2.830000000000000426e+01 -8.093076143095857475e-03 -8.080627333395469817e-04
2.831000000000000227e+01 -8.005351292634401913e-03 -8.073791338271444577e-04
2.832000000000000028e+01 -7.908433070679336818e-03 -8.071106833654339988e-04
2.832999999999999829e+01 -7.802389179780784730e-03 -8.072524668307168262e-04
2.834000000000000341e+01 -7.687298736901645134e-03 -8.077993277359017807e-04
2.835000000000000142e+01 -7.563252174746509272e-03 -8.087458740255213741e-04
2.835999999999999943e+01 -7.430351127213875688e-03 -8.100864841402295432e-04
2.837000000000000455e+01 -7.288708299143760623e-03 -8.118153129999958412e-04
2.838000000000000256e+01 -7.138447320551679839e-03 -8.139262984700143012e-04
2.839000000000000057e+01 -6.979702585566219600e-03 -8.164131677579361144e-04
2.839999999999999858e+01 -6.812619076315255991e-03 -8.192694440314667254e-04
2.841000000000000369e+01 -6.637352172014702838e-03 -8.224884532244817244e-04
2.842000000000000171e+01 -6.454067443550194801e-03 -8.260633308499493611e-04
2.842999999999999972e+01 -6.262940433855771448e-03 -8.299870290895395002e-04
2.843999999999999773e+01 -6.064156424413902693e-03 -8.342523239014564993e-04
2.845000000000000284e+01 -5.857910188226599264e-03 -8.388518222686772424e-04
2.846000000000000085e+01 -5.644405729623632254e-03 -8.437779695494110072e-04
2.846999999999999886e+01 -5.423856011291487179e-03 -8.490230569280216152e-04
2.848000000000000398e+01 -5.196482668934349416e-03 -8.545792289246983758e-04
2.849000000000000199e+01 -4.962515713983499735e-03 -8.604384910153300026e-04
2.850000000000000000e+01 -4.722193224801544097e-03 -8.665927173077082532e-04
2.850999999999999801e+01 -4.475761026833407867e-03 -8.730336582315737946e-04
2.852000000000000313e+01 -4.223472362184605040e-03 -8.797529484250845916e-04
2.853000000000000114e+01 -3.965587549109317496e-03 -8.867421144566692282e-04
2.853999999999999915e+01 -3.702373631916556530e-03 -8.939925827517993190e-04
2.855000000000000426e+01 -3.434104021809333742e-03 -9.014956874904684041e-04
2.856000000000000227e+01 -3.161058129189535382e-03 -9.092426784292991686e-04
2.857000000000000028e+01 -2.883520987969116767e-03 -9.172247290190081509e-04
2.857999999999999829e+01 -2.601782872444106508e-03 -9.254329441304087397e-04
2.859000000000000341e+01 -2.316138907294814503e-03 -9.338583680835941788e-04
2.860000000000000142e+01 -2.026888671286787135e-03 -9.424919925618987192e-04
2.860999999999999943e+01 -1.734335795257915553e-03 -9.513247643632768025e-04
2.862000000000000455e+01 -1.438787554978737844e-03 -9.603475935448545003e-04
2.863000000000000256e+01 -1.140554459489392285e-03 -9.695513609548924144e-04
2.864000000000000057e+01 -8.399498355134745863e-04 -9.789269261641596592e-04
2.864999999999999858e+01 -5.372894085599650869e-04 -9.884651351996058544e-04
2.866000000000000369e+01 -2.328908813273647405e-04 -9.981568280328317975e-04
2.867000000000000171e+01 7.292648997438071581e-05 -1.007992846555570525e-03
2.867999999999999972e+01 3.798423207623473742e-04 -1.017964041732102040e-03
2.868999999999999773e+01 6.875355240618857616e-04 -1.028061281245076309e-03
2.870000000000000284e+01 9.956847367068939920e-04 -1.038275456864471563e-03
2.871000000000000085e+01 1.303968745138059729e-03 -1.048597491496320927e-03
2.871999999999999886e+01 1.612066910183082222e-03 -1.059018346806637773e-03
2.873000000000000398e+01 1.919659590197609960e-03 -1.069529029827324691e-03
2.874000000000000199e+01 2.226428561955784771e-03 -1.080120600143595361e-03
2.875000000000000000e+01 2.532057438680164561e-03 -1.090784176733253490e-03
2.875999999999999801e+01 2.836232084607980073e-03 -1.101510944418360996e-03
2.877000000000000313e+01 3.138641025492117272e-03 -1.112292160972423510e-03
2.878000000000000114e+01 3.438975854451089675e-03 -1.123119163035907588e-03
2.878999999999999915e+01 3.736931632577846201e-03 -1.133983372692773210e-03
2.880000000000000426e+01 4.032207283740022255e-03 -1.144876303637124958e-03
2.881000000000000227e+01 4.324505983000350579e-03 -1.155789566894244169e-03
2.882000000000000028e+01 4.613535538106923808e-03 -1.166714877267328995e-03
2.882999999999999829e+01 4.899008763508871413e-03 -1.177644058444643699e-03
2.884000000000000341e+01 5.180643846364671457e-03 -1.188569048837257369e-03
2.885000000000000142e+01 5.458164704027976266e-03 -1.199481906954108458e-03
2.885999999999999943e+01 5.731301332503495501e-03 -1.210374816286051078e-03
2.887000000000000455e+01 5.999790145386906144e-03 -1.221240090973892004e-03
2.888000000000000256e+01 6.263374302807075793e-03 -1.232070180016065679e-03
2.889000000000000057e+01 6.521804029919740266e-03 -1.242857672266630157e-03
2.889999999999999858e+01 6.774836924503892938e-03 -1.253595300927500076e-03
2.891000000000000369e+01 7.022238253238886549e-03 -1.264275947517985764e-03
2.892000000000000171e+01 7.263781236253817261e-03 -1.274892646670684792e-03
2.892999999999999972e+01 7.499247319559703903e-03 -1.285438589381421564e-03
2.893999999999999773e+01 7.728426434995092076e-03 -1.295907127091595282e-03
2.895000000000000284e+01 7.951117247335730623e-03 -1.306291775236865810e-03
2.896000000000000085e+01 8.167127388233530114e-03 -1.316586216253164262e-03
2.896999999999999886e+01 8.376273676680819069e-03 -1.326784303435758847e-03
2.898000000000000398e+01 8.578382325707439165e-03 -1.336880063201888093e-03
2.899000000000000199e+01 8.773289135041519721e-03 -1.346867698212161121e-03
2.900000000000000000e+01 8.960839669492529080e-03 -1.356741589942318370e-03
2.900999999999999801e+01 9.140889422828262986e-03 -1.366496300706045164e-03
2.902000000000000313e+01 9.313303966948051349e-03 -1.376126576542891422e-03
2.903000000000000114e+01 9.477959086170184913e-03 -1.385627348491026353e-03
2.903999999999999915e+01 9.634740896479934702e-03 -1.394993734731266033e-03
2.905000000000000426e+01 9.783545949603719705e-03 -1.404221042178121440e-03
2.906000000000000227e+01 9.924281321802667921e-03 -1.413304767528310649e-03
2.907000000000000028e+01 1.005686468729473718e-02 -1.422240599167312516e-03
2.907999999999999829e+01 1.018122437624682623e-02 -1.431024417482136026e-03
2.909000000000000341e+01 1.029729941729645888e-02 -1.439652296036535595e-03
2.910000000000000142e+01 1.040503956458627317e-02 -1.448120502204126815e-03
2.910999999999999943e+01 1.050440530932098167e-02 -1.456425497278663033e-03
2.912000000000000455e+01 1.059536787587695914e-02 -1.464563937416322190e-03
2.913000000000000256e+01 1.067790920251902691e-02 -1.472532673041944797e-03
2.914000000000000057e+01 1.075202190680413922e-02 -1.480328749090392953e-03
2.914999999999999858e+01 1.081770923577058535e-02 -1.487949404729200153e-03
2.916000000000000369e+01 1.087498500103930947e-02 -1.495392072589703681e-03
2.917000000000000171e+01 1.092387349897187485e-02 -1.502654378787862156e-03
2.917999999999999972e+01 1.096440941605441623e-02 -1.509734141498073230e-03
2.918999999999999773e+01 1.099663771969943207e-02 -1.516629370319422070e-03
2.920000000000000284e+01 1.102061353467995684e-02 -1.523338265157245502e-03
2.921000000000000085e+01 1.103640200542389295e-02 -1.529859214654091977e-03
2.921999999999999886e+01 1.104407814443209880e-02 -1.536190795353278241e-03
2.923000000000000398e+01 1.104372666708948632e-02 -1.542331769534437125e-03
2.924000000000000199e+01 1.103544181316800168e-02 -1.548281083781417227e-03
2.925000000000000000e+01 1.101932715533553327e-02 -1.554037867110572447e-03
2.925999999999999801e+01 1.099549539500571833e-02 -1.559601428698678422e-03
2.927000000000000313e+01 1.096406814588093623e-02 -1.564971256270683347e-03
2.928000000000000114e+01 1.092517570555893644e-02 -1.570147013305100763e-03
2.928999999999999915e+01 1.087895681559273263e-02 -1.575128536897864133e-03
2.930000000000000426e+01 1.082555841040464158e-02 -1.579915835238551378e-03
2.931000000000000227e+01 1.076513535547986809e-02 -1.584509084745322092e-03
2.932000000000000028e+01 1.069785017527082570e-02 -1.588908627773023222e-03
2.932999999999999829e+01 1.062387277126566019e-02 -1.593114969307178434e-03
2.934000000000000341e+01 1.054338013068429822e-02 -1.597128774228972125e-03
2.935000000000000142e+01 1.045655602627782767e-02 -1.600950864252816954e-03
2.935999999999999943e+01 1.036359070772315157e-02 -1.604582214585248672e-03
2.937000000000000455e+01 1.026468058511325124e-02 -1.608023951060752379e-03
2.938000000000000256e+01 1.016002790505306577e-02 -1.611277346449806929e-03
2.939000000000000057e+01 1.004984041988612152e-02 -1.614343817237360538e-03
2.939999999999999858e+01 9.934331050579003897e-03 -1.617224920140845250e-03
2.941000000000000369e+01 9.813717543805378779e-03 -1.619922348415897464e-03
2.942000000000000171e+01 9.688222123775468847e-03 -1.622437928532924171e-03
2.942999999999999972e+01 9.558071139361789051e-03 -1.624773616225444299e-03
2.943999999999999773e+01 9.423494707082138641e-03 -1.626931492900018624e-03
2.945000000000000284e+01 9.284726350501509851e-03 -1.628913761855435354e-03
2.946000000000000085e+01 9.142002636620110562e-03 -1.630722744356888658e-03
2.946999999999999886e+01 8.995562809817562316e-03 -1.632360875971336934e-03
2.948000000000000398e+01 8.845648423925676906e-03 -1.633830702478347588e-03
2.949000000000000199e+01 8.692502972998518082e-03 -1.635134876029850550e-03
2.950000000000000000e+01 8.536371521362813228e-03 -1.636276151188992408e-03
2.950999999999999801e+01 8.377500333509643043e-03 -1.637257380892464739e-03
2.952000000000000313e+01 8.216136504405864918e-03 -1.638081512558811582e-03
2.953000000000000114e+01 8.052527590791044854e-03 -1.638751583980426222e-03
2.953999999999999915e+01 7.886921244026368419e-03 -1.639270719346119093e-03
2.955000000000000426e+01 7.719564845055764020e-03 -1.639642125214114867e-03
2.956000000000000227e+01 7.550705142030607331e-03 -1.639869086473553974e-03
2.957000000000000028e+01 7.380587891159897697e-03 -1.639954962336814944e-03
2.957999999999999829e+01 7.209457501313440257e-03 -1.639903182320896075e-03
2.959000000000000341e+01 7.037556682925427513e-03 -1.639717242239820171e-03
2.960000000000000142e+01 6.865126101718495646e-03 -1.639400700216253745e-03
2.960999999999999943e+01 6.692404037768860843e-03 -1.638957172744225955e-03
2.962000000000000455e+01 6.519626050418269973e-03 -1.638390330669529070e-03
2.963000000000000256e+01 6.347024649530824680e-03 -1.637703895354417679e-03
2.964000000000000057e+01 6.174828973577871361e-03 -1.636901634738525697e-03
2.964999999999999858e+01 6.003264475024565165e-03 -1.635987359483344989e-03
2.966000000000000369e+01 5.832552613477868728e-03 -1.634964919223935286e-03
2.967000000000000171e+01 5.662910557039467670e-03 -1.633838198631562023e-03
2.967999999999999972e+01 5.494550892298596945e-03 -1.632611113842660734e-03
2.968999999999999773e+01 5.327681343375814671e-03 -1.631287608673912199e-03
2.970000000000000284e+01 5.162504500423620996e-03 -1.629871650980290257e-03
2.971000000000000085e+01 4.999217557963079629e-03 -1.628367229170029446e-03
2.971999999999999886e+01 4.838012063425862694e-03 -1.626778348431378099e-03
2.973000000000000398e+01 4.679073676252903241e-03 -1.625109027490332075e-03
2.974000000000000199e+01 4.522581937877153888e-03 -1.623363295052700217e-03
2.975000000000000000e+01 4.368710052907709071e-03 -1.621545186441389732e-03
2.975999999999999801e+01 4.217624681808526850e-03 -1.619658740433377103e-03
2.977000000000000313e+01 4.069485745345303995e-03 -1.617707995719163934e-03
2.978000000000000114e+01 3.924446241058444744e-03 -1.615696988036888866e-03
2.978999999999999915e+01 3.782652071995618297e-03 -1.613629746899632959e-03
2.980000000000000426e+01 3.644241887919788796e-03 -1.611510292562387319e-03
2.981000000000000227e+01 3.509346939186637308e-03 -1.609342633223548617e-03
2.982000000000000028e+01 3.378090943465154351e-03 -1.607130761771303606e-03
2.982999999999999829e+01 3.250589965453058120e-03 -1.604878653325013133e-03
2.984000000000000341e+01 3.126952309719103346e-03 -1.602590262291126626e-03
2.985000000000000142e+01 3.007278426778892989e-03 -1.600269519694577387e-03
2.985999999999999943e+01 2.891660832496980530e-03 -1.597920330771203899e-03
2.987000000000000455e+01 2.780184040875274300e-03 -1.595546572040983579e-03
2.988000000000000256e+01 2.672924510277186524e-03 -1.593152089271300011e-03
2.989000000000000057e+01 2.569950603106635912e-03 -1.590740694889611123e-03
2.989999999999999858e+01 2.471322558944452543e-03 -1.588316165699506406e-03
2.991000000000000369e+01 2.377092481120897816e-03 -1.585882240874264808e-03
2.992000000000000171e+01 2.287304336681582340e-03 -1.583442619384028884e-03
2.992999999999999972e+01 2.201993969681929550e-03 -1.581000958378573707e-03
2.993999999999999773e+01 2.121189127727906264e-03 -1.578560870972482407e-03
2.995000000000000284e+01 2.044909501651285752e-03 -1.576125924350500491e-03
2.996000000000000085e+01 1.973166778197736008e-03 -1.573699638159806917e-03
2.996999999999999886e+01 1.905964705574276098e-03 -1.571285482302744356e-03
2.998000000000000398e+01 1.843299171694135754e-03 -1.568886875725609671e-03
2.999000000000000199e+01 1.785158294921572420e-03 -1.566507184577015099e-03
3.000000000000000000e+01 1.731522527117995832e-03 -1.564149720695686644e-03
