# r 	 gobs 	 nucpdfcalc 	 mpdfcalc
1.500000000000000000e+00 2.759077848337128658e-01 -1.879081700365684005e-02 2.637950864954183849e-01
1.510000000000000009e+00 2.748129438262366664e-01 -1.895292438265022694e-02 2.548075588093651200e-01
1.520000000000000018e+00 2.671167530552508440e-01 -1.922950812796991871e-02 2.461130384803429105e-01
1.530000000000000027e+00 2.537750156246846300e-01 -1.961370193191624978e-02 2.377042016930616675e-01
1.540000000000000036e+00 2.360895689289821131e-01 -2.009136586466056529e-02 2.295738558047934197e-01
1.550000000000000044e+00 2.156120238493004215e-01 -2.064186771437867551e-02 2.217149310809147511e-01
1.560000000000000053e+00 1.940336592228992796e-01 -2.123931036359621993e-02 2.141204732987413428e-01
1.570000000000000062e+00 1.730682757417069395e-01 -2.185413368115360355e-02 2.067836373298869712e-01
1.580000000000000071e+00 1.543351921286393591e-01 -2.245499316054394567e-02 1.996976809288579791e-01
1.590000000000000080e+00 1.392495224357208072e-01 -2.301079716331119740e-02 1.928559590675752999e-01
1.600000000000000089e+00 1.289264101486805869e-01 -2.349277159765747469e-02 1.862519188480813159e-01
1.610000000000000098e+00 1.241050402213468434e-01 -2.387641619368890966e-02 1.798790950165175540e-01
1.620000000000000107e+00 1.250970545372656340e-01 -2.414322071700383820e-02 1.737311060907671123e-01
1.630000000000000115e+00 1.317625296095359111e-01 -2.428202241036966913e-02 1.678016510451862120e-01
1.640000000000000124e+00 1.435150232059109743e-01 -2.428990701012823106e-02 1.620845066260185041e-01
1.650000000000000133e+00 1.593554553277807262e-01 -2.417258364381691393e-02 1.565735255344654631e-01
1.660000000000000142e+00 1.779328600105961611e-01 -2.394419709236247917e-02 1.512626350608158032e-01
1.669999999999999929e+00 1.976284284689050208e-01 -2.362657722791824955e-02 1.461458360978417914e-01
1.679999999999999938e+00 2.166578553896577330e-01 -2.324796259766787054e-02 1.412172028332872031e-01
1.689999999999999947e+00 2.331858809572783797e-01 -2.284127068846002195e-02 1.364708829544837854e-01
1.699999999999999956e+00 2.454461570784027824e-01 -2.244201900038005071e-02 1.319010983271486637e-01
1.709999999999999964e+00 2.518592024210323799e-01 -2.208602650942363688e-02 1.275021461073239937e-01
1.719999999999999973e+00 2.511412693982336131e-01 -2.180704259373078546e-02 1.232684002423089786e-01
1.729999999999999982e+00 2.423974248839188550e-01 -2.163445869865747440e-02 1.191943133139197336e-01
1.739999999999999991e+00 2.251930188017241263e-01 -2.159125616668554348e-02 1.152744186755167571e-01
1.750000000000000000e+00 1.995989316153471971e-01 -2.169233164480834086e-02 1.115033330418342822e-01
1.760000000000000009e+00 1.662074840948038201e-01 -2.194331985520930894e-02 1.078757591776401958e-01
1.770000000000000018e+00 1.261175754952951478e-01 -2.234000347025866251e-02 1.043864875827882066e-01
1.780000000000000027e+00 8.088939331202746330e-02 -2.286836314679362159e-02 1.010303996672520799e-01
1.790000000000000036e+00 3.247080730028514828e-02 -2.350527970324275961e-02 9.780247142594208909e-02
1.800000000000000044e+00 -1.690077908775199783e-02 -2.421985756495849407e-02 9.469777580552160567e-02
1.810000000000000053e+00 -6.481589085464528610e-02 -2.497529673745796375e-02 9.171148550055407966e-02
1.820000000000000062e+00 -1.088233610651056504e-01 -2.573120247657462167e-02 8.883887565410103493e-02
1.830000000000000071e+00 -1.465664211540288753e-01 -2.644619011193941049e-02 8.607532642125176325e-02
1.840000000000000080e+00 -1.759168887292405503e-01 -2.708061939469703916e-02 8.341632535692952710e-02
1.850000000000000089e+00 -1.950998621579685122e-01 -2.759928002028756017e-02 8.085746959243414467e-02
1.860000000000000098e+00 -2.028017831334104071e-01 -2.797384872358169017e-02 7.839446772880331871e-02
1.870000000000000107e+00 -1.982555858582926989e-01 -2.818494893199223472e-02 7.602314148198488497e-02
1.880000000000000115e+00 -1.812978675737821621e-01 -2.822366599885747784e-02 7.373942713478484623e-02
1.890000000000000124e+00 -1.523945226724090496e-01 -2.809240336785690656e-02 7.153937662634576866e-02
1.900000000000000133e+00 -1.126329977849934577e-01 -2.780500577591059341e-02 6.941915821853271440e-02
1.910000000000000142e+00 -6.368115244232974703e-02 -2.738612231984469125e-02 6.737505683654687605e-02
1.919999999999999929e+00 -7.714547202592645335e-03 -2.686983196634915028e-02 6.540347407871519025e-02
1.929999999999999938e+00 5.268427411182725895e-02 -2.629760367240715352e-02 6.350092786519515031e-02
1.939999999999999947e+00 1.146493866730082245e-01 -2.571570942583647351e-02 6.166405172445064281e-02
1.949999999999999956e+00 1.751715720804420673e-01 -2.517224807144682192e-02 5.988959372011626314e-02
1.959999999999999964e+00 2.312475618521937226e-01 -2.471396796327623990e-02 5.817441502448035540e-02
1.969999999999999973e+00 2.800305779970695408e-01 -2.438309502301466009e-02 5.651548814824766676e-02
1.979999999999999982e+00 3.189742111828989812e-01 -2.421437813763513067e-02 5.490989482333046012e-02
1.989999999999999991e+00 3.459620112955077431e-01 -2.423255526851446351e-02 5.335482328228745297e-02
2.000000000000000000e+00 3.594159154501187503e-01 -2.445042133889834338e-02 5.184756607210212753e-02
2.010000000000000231e+00 3.583777628615824051e-01 -2.486764399588681229e-02 5.038551719352864916e-02
2.020000000000000018e+00 3.425595818027002415e-01 -2.547042765291542693e-02 4.896616835568537440e-02
2.030000000000000249e+00 3.123600014721493734e-01 -2.623207251868725151e-02 4.758710569271679819e-02
2.040000000000000036e+00 2.688459486664090403e-01 -2.711441692728936564e-02 4.624600610076452789e-02
2.049999999999999822e+00 2.137006360538136751e-01 -2.807009192980075216e-02 4.494063340488514691e-02
2.060000000000000053e+00 1.491406341820944725e-01 -2.904546069495843666e-02 4.366883438561781905e-02
2.069999999999999840e+00 7.780644564064649604e-02 -2.998406562650809265e-02 4.242853469571745972e-02
2.080000000000000071e+00 2.632378929553723379e-03 -3.083036674077901593e-02 4.121773469806137846e-02
2.089999999999999858e+00 -7.329742232857476558e-02 -3.153352869473056291e-02 4.003450524804280652e-02
2.100000000000000089e+00 -1.468992577814747236e-01 -3.205100306784666037e-02 3.887698345317551485e-02
2.109999999999999876e+00 -2.152386489108668588e-01 -3.235165829063678389e-02 3.774336848306565628e-02
2.120000000000000107e+00 -2.756699623363186302e-01 -3.241823213158605971e-02 3.663191743088933805e-02
2.129999999999999893e+00 -3.259597846896509776e-01 -3.224891995554175078e-02 3.554094120480710828e-02
2.140000000000000124e+00 -3.643878936782820599e-01 -3.185796402621784290e-02 3.446880052084523582e-02
2.149999999999999911e+00 -3.898209280744258654e-01 -3.127517194122993865e-02 3.341390204058684865e-02
2.160000000000000142e+00 -4.017553654331929569e-01 -3.054436204210480080e-02 3.237469466321758749e-02
2.169999999999999929e+00 -4.003280850059321438e-01 -2.972080592385491216e-02 3.134966599559686762e-02
2.180000000000000160e+00 -3.862945311753317457e-01 -2.886780824593963152e-02 3.033733902218316292e-02
2.189999999999999947e+00 -3.609762036709443511e-01 -2.805262716271045981e-02 2.933626899463535886e-02
2.200000000000000178e+00 -3.261807914088042382e-01 -2.734199038039216573e-02 2.834504055880223902e-02
2.209999999999999964e+00 -2.840996515449154547e-01 -2.679749823762602942e-02 2.736226513460952858e-02
2.220000000000000195e+00 -2.371884413942841052e-01 -2.647122329837201318e-02 2.638657819901036802e-02
2.229999999999999982e+00 -1.880374819960757005e-01 -2.640181384416855764e-02 2.541663801629291328e-02
2.240000000000000213e+00 -1.392388316117077751e-01 -2.661138573408561997e-02 2.445112386853136657e-02
2.250000000000000000e+00 -9.325706001140429691e-02 -2.710344410627833073e-02 2.348873365320242046e-02
2.260000000000000231e+00 -5.231034666965713592e-02 -2.786201543682770634e-02 2.252818301709289678e-02
2.270000000000000018e+00 -1.826780584894304588e-02 -2.885209495049922621e-02 2.156820454138378557e-02
2.280000000000000249e+00 7.432083731750986980e-03 -3.002142881468426033e-02 2.060754713068860267e-02
2.290000000000000036e+00 2.383833372021574790e-02 -3.130356033254855924e-02 1.964497569547801747e-02
2.300000000000000266e+00 3.051740663635123252e-02 -3.262198042848664381e-02 1.867927112279191976e-02
2.310000000000000053e+00 2.755561660910567714e-02 -3.389514121950992082e-02 1.770923052813400470e-02
2.319999999999999840e+00 1.553481241580507641e-02 -3.504202331370641355e-02 1.673366778158020055e-02
2.330000000000000071e+00 -4.516398433926318082e-03 -3.598789798779501725e-02 1.575141427084272155e-02
2.339999999999999858e+00 -3.119237807115514405e-02 -3.666989890072942099e-02 1.476131994915635612e-02
2.350000000000000089e+00 -6.279662047165077143e-02 -3.704201751124767267e-02 1.376225463379595823e-02
2.359999999999999876e+00 -9.743910404518721369e-02 -3.707916331332956200e-02 1.275310948027294500e-02
2.370000000000000107e+00 -1.331391875394325741e-01 -3.677998405546122757e-02 1.173279866882760529e-02
2.379999999999999893e+00 -1.679283341762715653e-01 -3.616822010805242210e-02 1.070026128325727612e-02
2.390000000000000124e+00 -1.999472109801119779e-01 -3.529246714012992947e-02 9.654463357537508561e-03
2.399999999999999911e+00 -2.275322774837577333e-01 -3.422433668163193943e-02 8.594400071218701379e-03
2.410000000000000142e+00 -2.492878080340381330e-01 -3.305512803806514438e-02 7.519098074168318289e-03
2.419999999999999929e+00 -2.641403277016569073e-01 -3.189124945206901068e-02 6.427617920879853328e-03
2.430000000000000160e+00 -2.713736152226916554e-01 -3.084874288924306998e-02 5.319056594404183817e-03
2.439999999999999947e+00 -2.706436625777822735e-01 -3.004736684543610203e-02 4.192550099940329199e-03
2.450000000000000178e+00 -2.619742026965472537e-01 -2.960476711368834751e-02 3.047276773638411384e-03
2.459999999999999964e+00 -2.457345498243801718e-01 -2.963130953377418608e-02 1.882459043457653664e-03
2.470000000000000195e+00 -2.226024737685900479e-01 -3.022615593809815926e-02 6.973651908634287151e-04
2.479999999999999982e+00 -1.935155930166732874e-01 -3.147513134077081776e-02 -5.086865822943255518e-04
2.490000000000000213e+00 -1.596152803593152980e-01 -3.345085574003246742e-02 -1.736325242494432455e-03
2.500000000000000000e+00 -1.221873026235252013e-01 -3.621549909323685396e-02 -2.986124789786086513e-03
2.510000000000000231e+00 -8.260335595732386238e-02 -3.982636705660475701e-02 -4.258601706354464382e-03
2.520000000000000018e+00 -4.226732064887057244e-02 -4.434434446264244600e-02 -5.554212479332123684e-03
2.530000000000000249e+00 -2.569472992380267967e-03 -4.984502203358358308e-02 -6.873351212203414329e-03
2.540000000000000036e+00 3.514889997426380586e-02 -5.643212020826691988e-02 -8.216347338086250549e-03
2.550000000000000266e+00 6.961897750094339643e-02 -6.425261429775752653e-02 -9.583463447781093852e-03
2.560000000000000053e+00 9.965549235219317570e-02 -7.351277035721448527e-02 -1.097489324557781969e-02
2.569999999999999840e+00 1.241559834478374869e-01 -8.449413410871324526e-02 -1.239075963161783388e-02
2.580000000000000071e+00 1.420897482061442840e-01 -9.756838822990733517e-02 -1.383111292806485371e-02
2.589999999999999858e+00 1.524788835423898925e-01 -1.132099171632906798e-01 -1.529592926289966015e-02
2.600000000000000089e+00 1.543744762853414831e-01 -1.320049019882128249e-01 -1.678510911005177617e-02
2.609999999999999876e+00 1.468314462002740794e-01 -1.546558167589790200e-01 -1.829847599280298373e-02
2.620000000000000107e+00 1.288857261853540159e-01 -1.819803147116155206e-01 -1.983577535141661102e-02
2.629999999999999893e+00 9.953736976733315589e-02 -2.149036769395502589e-01 -2.139667358004022912e-02
2.640000000000000124e+00 5.774280887780289251e-02 -2.544442428316256444e-01 -2.298075723478831128e-02
2.649999999999999911e+00 2.418865934208087702e-03 -3.016915423310963518e-01 -2.458753241395015762e-02
2.660000000000000142e+00 -6.753970905365329347e-02 -3.577771930166955827e-01 -2.621642431037492227e-02
2.669999999999999929e+00 -1.532284014676703332e-01 -4.238389952131913496e-01 -2.786677693525039731e-02
2.680000000000000160e+00 -2.556871156010748214e-01 -5.009790385157781856e-01 -2.953785340681310337e-02
2.689999999999999947e+00 -3.758418235355469039e-01 -5.902170043855072823e-01 -3.122883604688729206e-02
2.700000000000000178e+00 -5.144362040779217882e-01 -6.924401923058869368e-01 -3.293882507932750087e-02
2.709999999999999964e+00 -6.719567597207090071e-01 -8.083520921846728546e-01 -3.466683965248090055e-02
2.720000000000000195e+00 -8.485556800096938357e-01 -9.384215554009156524e-01 -3.641181951514510517e-02
2.729999999999999982e+00 -1.043976261099676783e+00 -1.082834765653051035e+00 -3.817262504407967910e-02
2.740000000000000213e+00 -1.257485951110945077e+00 -1.241452266346009026e+00 -3.994803809362507119e-02
2.750000000000000000e+00 -1.487822043039834341e+00 -1.413773255498835590e+00 -4.173676299028234588e-02
2.760000000000000231e+00 -1.733154673563463088e+00 -1.598909208539717852e+00 -4.353742766763366717e-02
2.770000000000000018e+00 -1.991071118258546324e+00 -1.795568635387671419e+00 -4.534858493695965304e-02
2.780000000000000249e+00 -2.258584431322424368e+00 -2.002054427561174688e+00 -4.716871388897332651e-02
2.790000000000000036e+00 -2.532168307790847450e+00 -2.216274815392854425e+00 -4.899622141837670086e-02
2.800000000000000266e+00 -2.807818710086233960e+00 -2.435768451089364461e+00 -5.082944388421292009e-02
2.810000000000000053e+00 -3.081141371319132460e+00 -2.657743580671422023e+00 -5.266664887363549374e-02
2.819999999999999840e+00 -3.347462845044316015e+00 -2.879130690197206022e+00 -5.450603707853728108e-02
2.830000000000000071e+00 -3.601961397619056093e+00 -3.096647434617571193e+00 -5.634574429832358428e-02
2.839999999999999858e+00 -3.839812815180593919e+00 -3.306874107514133687e+00 -5.818384353808901677e-02
2.850000000000000089e+00 -4.056345195885143973e+00 -3.506337412818209653e+00 -6.001834721458977617e-02
2.859999999999999876e+00 -4.247196081508467280e+00 -3.691599879707128107e+00 -6.184720946443878625e-02
2.870000000000000107e+00 -4.408464897887943046e+00 -3.859351940618717780e+00 -6.366832855242358924e-02
2.879999999999999893e+00 -4.536853650185307174e+00 -4.006503487075519843e+00 -6.547954937823566302e-02
2.890000000000000124e+00 -4.629789165979865118e+00 -4.130271641151829876e+00 -6.727866608026958350e-02
2.899999999999999911e+00 -4.685520885602767471e+00 -4.228261538639743300e+00 -6.906342473550389216e-02
2.910000000000000142e+00 -4.703189233555209903e+00 -4.298537113824871803e+00 -7.083152613476416393e-02
2.919999999999999929e+00 -4.682860917340118334e+00 -4.339679199525799724e+00 -7.258062838232090530e-02
2.930000000000000160e+00 -4.625529024584433380e+00 -4.350828697807581413e+00 -7.430835022172867232e-02
2.939999999999999947e+00 -4.533077447471120180e+00 -4.331713119004756862e+00 -7.601227440499778998e-02
2.950000000000000178e+00 -4.408210868575870300e+00 -4.282655406925258923e+00 -7.768995055398546234e-02
2.959999999999999964e+00 -4.254353204127398591e+00 -4.204564639988971564e+00 -7.933889844042968376e-02
2.970000000000000195e+00 -4.075518930958201835e+00 -4.098908892528260850e+00 -8.095661135469049696e-02
2.979999999999999982e+00 -3.876163039953313127e+00 -3.967671227157616443e+00 -8.254055957161632318e-02
2.990000000000000213e+00 -3.661016390681791410e+00 -3.813290437734926375e+00 -8.408819391411012645e-02
3.000000000000000000e+00 -3.434913933215911541e+00 -3.638588744280962128e+00 -8.559694941487026865e-02
3.010000000000000231e+00 -3.202623576224553403e+00 -3.446689130539847490e+00 -8.706424907662574375e-02
3.020000000000000018e+00 -2.968683397949463565e+00 -3.240925390093852609e+00 -8.848750773003873082e-02
3.030000000000000249e+00 -2.737254422679161525e+00 -3.024748191782035356e+00 -8.986413599733390767e-02
3.040000000000000036e+00 -2.511995345060490603e+00 -2.801630579348111105e+00 -9.119154434158402434e-02
3.050000000000000266e+00 -2.295964423083094008e+00 -2.574976280033921316e+00 -9.246714721336972420e-02
3.060000000000000053e+00 -2.091552340245415920e+00 -2.348034015233363636e+00 -9.368836730474315588e-02
3.070000000000000284e+00 -1.900448234573810957e+00 -2.123820692879565541e+00 -9.485263988895224763e-02
3.080000000000000071e+00 -1.723639392833422157e+00 -1.905055931584306972e+00 -9.595741725251823173e-02
3.089999999999999858e+00 -1.561443403394091600e+00 -1.694109841604897193e+00 -9.700017321521704761e-02
3.100000000000000089e+00 -1.413569941679824193e+00 -1.492965392649250322e+00 -9.797840773415555926e-02
3.109999999999999876e+00 -1.279207913732343105e+00 -1.303196061507510883e+00 -9.888965158743567851e-02
3.120000000000000107e+00 -1.157132482161222775e+00 -1.125958803278732656e+00 -9.973147113216947190e-02
3.129999999999999893e+00 -1.045825606688330467e+00 -9.620017584310955883e-01 -1.005014731308449538e-01
3.140000000000000124e+00 -9.436031933629248636e-01 -8.116855226450679917e-01 -1.011973096392774496e-01
3.149999999999999911e+00 -8.487417873713216654e-01 -6.750162931673708844e-01 -1.018166815865499120e-01
3.160000000000000142e+00 -7.595979682609983463e-01 -5.516887861167580898e-01 -1.023573465732017657e-01
3.169999999999999929e+00 -6.747141963427791822e-01 -4.411365107132083629e-01 -1.028171240403295966e-01
3.180000000000000160e+00 -5.929057780285714729e-01 -3.425867998896840461e-01 -1.031938973076435978e-01
3.189999999999999947e+00 -5.133248111063806185e-01 -2.551179371272384588e-01 -1.034856198514603753e-01
3.200000000000000178e+00 -4.354983690184133227e-01 -1.777157852301762819e-01 -1.036903205718325838e-01
3.209999999999999964e+00 -3.593397060092817785e-01 -1.093275065816468744e-01 -1.038061088553442340e-01
3.220000000000000195e+00 -2.851328263610198310e-01 -4.891025300418472277e-02 -1.038311796176874524e-01
3.229999999999999982e+00 -2.134922734005846034e-01 4.526921345938045294e-03 -1.037638183126334407e-01
3.240000000000000213e+00 -1.453013737815773143e-01 5.188923046165352243e-02 -1.036024058934282149e-01
3.250000000000000000e+00 -8.163334425543593287e-02 9.397123622008837773e-02 -1.033454237140095794e-01
3.260000000000000231e+00 -2.366056878889627110e-02 1.314411680994544973e-01 -1.029914583450770582e-01
3.270000000000000018e+00 2.744206360186658700e-02 1.648343295410734377e-01 -1.025392063078162386e-01
3.280000000000000249e+00 7.059363418378715449e-02 1.945549888968881869e-01 -1.019874787004258765e-01
3.290000000000000036e+00 1.048974766796073183e-01 2.208857611289168910e-01 -1.013352056908895932e-01
3.300000000000000266e+00 1.297197238666064345e-01 2.440031694740793788e-01 -1.005814408773358093e-01
3.310000000000000053e+00 1.447513534478591934e-01 2.639978474429317545e-01 -9.972536549051692900e-02
3.320000000000000284e+00 1.500500104359804854e-01 2.808977088993295790e-01 -9.876629242419424082e-02
3.330000000000000071e+00 1.460591280452935292e-01 2.946923802183186170e-01 -9.770367007747599031e-02
3.339999999999999858e+00 1.336032425737506690e-01 3.053572508315703926e-01 -9.653708599331678464e-02
3.350000000000000089e+00 1.138598197528767758e-01 3.128756488821727300e-01 -9.526627027767041456e-02
3.359999999999999876e+00 8.830929836767213714e-02 3.172578746943403583e-01 -9.389109878416172783e-02
3.370000000000000107e+00 5.866633214157505882e-02 3.185561100454789574e-01 -9.241159604960699769e-02
3.379999999999999893e+00 2.679630071537977137e-02 3.168745468044769642e-01 -9.082793909960197587e-02
3.390000000000000124e+00 -5.377995922240583378e-03 3.123744237820705871e-01 -8.914045810982440532e-02
3.399999999999999911e+00 -3.597399425310322113e-02 3.052740046609285218e-01 -8.734963726950392693e-02
3.410000000000000142e+00 -6.324568074344362467e-02 2.958438524971799266e-01 -8.545611894888797966e-02
3.419999999999999929e+00 -8.567297033414277008e-02 2.843980393336681400e-01 -8.346070529991199416e-02
3.430000000000000160e+00 -1.020389843709813699e-01 2.712821577169555742e-01 -8.136435879707178132e-02
3.439999999999999947e+00 -1.114907847457353302e-01 2.568591629058585291e-01 -7.916820307643443466e-02
3.450000000000000178e+00 -1.135800954488720566e-01 2.414941631749267792e-01 -7.687352343451245296e-02
3.459999999999999964e+00 -1.082817111594800152e-01 2.255392883718105312e-01 -7.448176697994682294e-02
3.470000000000000195e+00 -9.598858610443822270e-02 2.093197059799356552e-01 -7.199454243210758053e-02
3.479999999999999982e+00 -7.748393973175458915e-02 1.931217259984076839e-01 -6.941361956154708246e-02
3.490000000000000213e+00 -5.389203100265171908e-02 1.771837515450807865e-01 -6.674092826915725696e-02
3.500000000000000000e+00 -2.661046474300875209e-02 1.616906049911807919e-01 -6.397855730504911631e-02
3.510000000000000231e+00 2.772067555663167843e-03 1.467715057268465517e-01 -6.112875261827598744e-02
3.520000000000000018e+00 3.256790247501557822e-02 1.325017126926804067e-01 -5.819391534275426825e-02
3.530000000000000249e+00 6.108713357737667604e-02 1.189075901341834773e-01 -5.517659942430792885e-02
3.540000000000000036e+00 8.673348675002739983e-02 1.059746252814841305e-01 -5.207950888485950863e-02
3.550000000000000266e+00 1.080939639006884417e-01 9.365773653917804087e-02 -4.890549473224631988e-02
3.560000000000000053e+00 1.240172753380816284e-01 8.189307218532385080e-02 -4.565755152011281154e-02
3.570000000000000284e+00 1.336767634211935563e-01 7.061042088805036254e-02 -4.233881356460619805e-02
3.580000000000000071e+00 1.366144450359885743e-01 5.974534089250964353e-02 -3.895255082583234940e-02
3.589999999999999858e+00 1.327639133512973912e-01 4.925016458438113975e-02 -3.550216446322644603e-02
3.600000000000000089e+00 1.224510748337229588e-01 3.910314512876501142e-02 -3.199118207513556439e-02
3.609999999999999876e+00 1.063729837140879875e-01 2.931517388392512052e-02 -2.842325031160283441e-02
3.620000000000000107e+00 8.555629853918821082e-02 1.993369973187539973e-02 -2.480213028241091619e-02
3.629999999999999893e+00 6.129805143231525227e-02 1.104371008996215230e-02 -2.113169894097194357e-02
3.640000000000000124e+00 3.509242347212680052e-02 2.765872116612232839e-03 -1.741593933570461175e-02
3.649999999999999911e+00 8.548002146206845966e-03 -4.747835323855522857e-03 -1.365892977477355281e-02
3.660000000000000142e+00 -1.669948496545600042e-02 -1.132045954307551831e-02 -9.864840538850021615e-03
3.669999999999999929e+00 -3.907374099891815916e-02 -1.675767192304929154e-02 -6.037927283384350932e-03
3.680000000000000160e+00 -5.713863556746077987e-02 -2.085579676676533808e-02 -2.182524242465987314e-03
3.689999999999999947e+00 -6.966834479364560073e-02 -2.340938368587251739e-02 1.696962747583183068e-03
3.700000000000000178e+00 -7.570279004909925835e-02 -2.421744440077435237e-02 5.596063386218023787e-03
3.709999999999999964e+00 -7.458516263394338042e-02 -2.308755130354802135e-02 9.510250189181869429e-03
3.720000000000000195e+00 -6.597940006050689865e-02 -1.983713686489771769e-02 1.343494588983347622e-02
3.729999999999999982e+00 -4.986668120736153370e-02 -1.429153267493426041e-02 1.736553095086289245e-02
3.740000000000000213e+00 -2.652126308008340844e-02 -6.278533324970875934e-03 2.129735115253733255e-02
3.750000000000000000e+00 3.532780910136082940e-03 4.380451187711579403e-03 2.522572524272213498e-02
3.760000000000000231e+00 3.958121328504609487e-02 1.788229752732947014e-02 2.914595263736882019e-02
3.770000000000000018e+00 8.079197453058979683e-02 3.445647915885016732e-02 3.305332113826028873e-02
3.780000000000000249e+00 1.262957324636940493e-01 5.438087192570544015e-02 3.694311465529472038e-02
3.790000000000000036e+00 1.752696313976183917e-01 7.799791790476090503e-02 4.081062091190603563e-02
3.800000000000000266e+00 2.270189946996673536e-01 1.057298442658514415e-01 4.465113911403525981e-02
3.810000000000000053e+00 2.810517956383039029e-01 1.380915399964627310e-01 4.845998756338022739e-02
3.820000000000000284e+00 3.371410698521037919e-01 1.756996817679855050e-01 5.223251119602800169e-02
3.830000000000000071e+00 3.953710786447310332e-01 2.192767764603935909e-01 5.596408902800933255e-02
3.839999999999999858e+00 4.561639104469173422e-01 2.696489525111880337e-01 5.965014301594916829e-02
3.850000000000000089e+00 5.202842795788521491e-01 3.277365807516934293e-01 6.328614907291912894e-02
3.859999999999999876e+00 5.888214876225378314e-01 3.945371281372797023e-01 6.686762991985997773e-02
3.870000000000000107e+00 6.631487866890680705e-01 4.711000305159980805e-01 7.039016553547788879e-02
3.879999999999999893e+00 7.448616554780087551e-01 5.584937950730848311e-01 7.384941258358050653e-02
3.890000000000000124e+00 8.356976984371283779e-01 6.577659880114918867e-01 7.724110360625796590e-02
3.899999999999999911e+00 9.374419398839038964e-01 7.698972050615855434e-01 8.056105335097095421e-02
3.910000000000000142e+00 1.051822150759510244e+00 8.957505374703214063e-01 8.380516487840637685e-02
3.919999999999999929e+00 1.180399468767009186e+00 1.036018410642701726e+00 8.696943543870828963e-02
3.930000000000000160e+00 1.324459919414024744e+00 1.191168964857936441e+00 9.004996210454460637e-02
3.939999999999999947e+00 1.484912497486377880e+00 1.361394348760702533e+00 9.304294715034812369e-02
3.950000000000000178e+00 1.662199223294059447e+00 1.546563392054986164e+00 9.594470316664578668e-02
3.959999999999999964e+00 1.856222059234512001e+00 1.746181104421447472e+00 9.875165790872784954e-02
3.970000000000000195e+00 2.066290788518445165e+00 1.959357309181075646e+00 1.014603588548746160e-01
3.979999999999999982e+00 2.291094961421137111e+00 2.184786464642630932e+00 1.040674774775749017e-01
3.990000000000000213e+00 2.528701858275900882e+00 2.420740361396912288e+00 1.065698132308067064e-01
4.000000000000000000e+00 2.776581163729787693e+00 2.665074923762452919e+00 1.089642972312149377e-01
4.009999999999999787e+00 3.031655759257824378e+00 2.915251806970653448e+00 1.112479956378460422e-01
4.020000000000000462e+00 3.290376787307664141e+00 3.168374891587355080e+00 1.134181127254420829e-01
4.030000000000000249e+00 3.548819984856988796e+00 3.421241159350911332e+00 1.154719936488358134e-01
4.040000000000000036e+00 3.802799284743219044e+00 3.670404818207568809e+00 1.174071268968882309e-01
4.049999999999999822e+00 4.047992888973823256e+00 3.912252957501944461e+00 1.192211464352952305e-01
4.060000000000000497e+00 4.280076466942295710e+00 4.143090484787429695e+00 1.209118335384574000e-01
4.070000000000000284e+00 4.494857847324317923e+00 4.359231649021824140e+00 1.224771183114668760e-01
4.080000000000000071e+00 4.688407565296343726e+00 4.557095112900803713e+00 1.239150959875702368e-01
4.089999999999999858e+00 4.857179891846536535e+00 4.733299316972050086e+00 1.252240012212345877e-01
4.099999999999999645e+00 4.998119490490028127e+00 4.884754791627616832e+00 1.264022046184410664e-01
4.110000000000000320e+00 5.108749587016074400e+00 5.008750125596606040e+00 1.274482405327159174e-01
4.120000000000000107e+00 5.187238457529022462e+00 5.103028490207540457e+00 1.283607960717327856e-01
4.129999999999999893e+00 5.232442088241172407e+00 5.165851940086978011e+00 1.291387099496184021e-01
4.139999999999999680e+00 5.243921981089165740e+00 5.196051149653305501e+00 1.297809719300455356e-01
4.150000000000000355e+00 5.221938213886375912e+00 5.193058781863618911e+00 1.302867219963213807e-01
4.160000000000000142e+00 5.167418954937110342e+00 5.156925297766605354e+00 1.306552492564196921e-01
4.169999999999999929e+00 5.081908626363647485e+00 5.088316675707490688e+00 1.308859905915559230e-01
4.179999999999999716e+00 4.967497761122955602e+00 4.988494188630511417e+00 1.309785290588466600e-01
4.190000000000000391e+00 4.826738268166943513e+00 4.859277057233436281e+00 1.309325920514357033e-01
4.200000000000000178e+00 4.662548281595406685e+00 4.702989426858357191e+00 1.307480492376946468e-01
4.209999999999999964e+00 4.478111008051826047e+00 4.522393680136456595e+00 1.304249102843194896e-01
4.219999999999999751e+00 4.276771999447797512e+00 4.320612572045590127e+00 1.299633223686401662e-01
4.230000000000000426e+00 4.061939074860341670e+00 4.101043040083752977e+00 1.293635675030780918e-01
4.240000000000000213e+00 3.836988716743736649e+00 3.867264785837582597e+00 1.286260596775379572e-01
4.250000000000000000e+00 3.605182202644183320e+00 3.622946837267658537e+00 1.277513418338200035e-01
4.259999999999999787e+00 3.369594042201569106e+00 3.371755281562142770e+00 1.267400826850676177e-01
4.270000000000000462e+00 3.133054513376416939e+00 3.117265210510184126e+00 1.255930733935700372e-01
4.280000000000000249e+00 2.898107277196340092e+00 2.862879653842254513e+00 1.243112241205120982e-01
4.290000000000000036e+00 2.666982242498569189e+00 2.611757905849511729e+00 1.228955604614889174e-01
4.299999999999999822e+00 2.441583094216050132e+00 2.366755196115267523e+00 1.213472197817903886e-01
4.310000000000000497e+00 2.223488228887781304e+00 2.130375138940848956e+00 1.196675006114584494e-01
4.320000000000000284e+00 2.013963290611105350e+00 1.904735842719666561e+00 1.178577786128140736e-01
4.330000000000000071e+00 1.813983092600431224e+00 1.691549995683319541e+00 1.159194547470993319e-01
4.339999999999999858e+00 1.624260457594852936e+00 1.492118693321270673e+00 1.138540530732664036e-01
4.350000000000000533e+00 1.445279418608698796e+00 1.307338259006667780e+00 1.116632115506825951e-01
4.360000000000000320e+00 1.277330284506996927e+00 1.137718853944054365e+00 1.093486565076576267e-01
4.370000000000000107e+00 1.120544278424500328e+00 9.834132929222099140e-01 1.069121986744919067e-01
4.379999999999999893e+00 9.749257794244643449e-01 8.442541916617322117e-01 1.043557292303725487e-01
4.389999999999999680e+00 8.403806113982358328e-01 7.197973781933525439e-01 1.016812158777760794e-01
4.400000000000000355e+00 7.167392964360821406e-01 6.093694081177336574e-01 9.889069895773792973e-02
4.410000000000000142e+00 6.037746892326449899e-01 5.121170302734030511e-01 9.598628761895103279e-02
4.419999999999999929e+00 5.012139012027374552e-01 4.270565491195608132e-01 9.297015605475147937e-02
4.429999999999999716e+00 4.087448767740329281e-01 3.531212127279106383e-01 8.984453981870854644e-02
4.440000000000000391e+00 3.260183727203315174e-01 2.892050069370078469e-01 8.661173222566288799e-02
4.450000000000000178e+00 2.526463928720496521e-01 2.342015406279148171e-01 8.327408085715996833e-02
4.459999999999999964e+00 1.881983301984710977e-01 1.870370462613639706e-01 7.983398418220853665e-02
4.469999999999999751e+00 1.321961585181447296e-01 1.466968751511034119e-01 7.629388829733825539e-02
4.480000000000000426e+00 8.410999686821490906e-02 1.122452201413952494e-01 7.265628379821321980e-02
4.490000000000000213e+00 4.335524796801024788e-02 8.283813236398143709e-02 6.892370279091053487e-02
4.500000000000000000e+00 9.292301845785066322e-03 5.773019858972014418e-02 6.509871605052958143e-02
4.509999999999999787e+00 -1.877048446601684364e-02 3.627549911080651945e-02 6.118393033397773184e-02
4.520000000000000462e+00 -4.157014728505116496e-02 1.792366406003647467e-02 5.718198585289894359e-02
4.530000000000000249e+00 -5.987878139979547348e-02 2.211983077778541251e-03 5.309555391180538486e-02
4.540000000000000036e+00 -7.448981893713314817e-02 -1.124540263435389043e-02 4.892737246412057206e-02
4.549999999999999822e+00 -8.620154605572988293e-02 -2.277018399414780167e-02 4.468020521963896735e-02
4.560000000000000497e+00 -9.579874532528671882e-02 -3.263344523230054389e-02 4.035675751927732258e-02
4.570000000000000284e+00 -1.040335460208159923e-01 -4.106919699476683366e-02 3.595975828798769758e-02
4.580000000000000071e+00 -1.116066765700479274e-01 -4.828710762733062073e-02 3.149200310650940998e-02
4.589999999999999858e+00 -1.191503359710549964e-01 -5.448381886769483595e-02 2.695630818195642736e-02
4.600000000000000533e+00 -1.272138332947848893e-01 -5.985240825049521762e-02 2.235550921213873277e-02
4.610000000000000320e+00 -1.362529917020005588e-01 -6.458974076389345509e-02 1.769246041926313823e-02
4.620000000000000107e+00 -1.466240867253600089e-01 -6.890162537443580981e-02 1.297003374881462723e-02
4.629999999999999893e+00 -1.585828037573130955e-01 -7.300584794082205786e-02 8.191118228367683107e-03
4.639999999999999680e+00 -1.722883763641469834e-01 -7.713328255321361127e-02 3.358619479998869398e-03
4.650000000000000355e+00 -1.878127272585062846e-01 -8.152738243916544947e-02 -1.524540618901619633e-03
4.660000000000000142e+00 -2.051541005021489672e-01 -8.644241567282423544e-02 -6.455424141889206519e-03
4.669999999999999929e+00 -2.242543692154012336e-01 -9.214083892101881945e-02 -1.143107718880229107e-02
4.679999999999999716e+00 -2.450189481709175443e-01 -9.889019570274726334e-02 -1.644852983950926412e-02
4.690000000000000391e+00 -2.673380522680088855e-01 -1.069598876898508188e-01 -2.150479600322973903e-02
4.700000000000000178e+00 -2.911079327558732666e-01 -1.166181038755211008e-01 -2.659687316997250139e-02
4.709999999999999964e+00 -3.162507007697281103e-01 -1.281291098588198396e-01 -3.172174208000472229e-02
4.719999999999999751e+00 -3.427314142202459446e-01 -1.417510058383894544e-01 -3.687636632371656120e-02
4.730000000000000426e+00 -3.705712555968746491e-01 -1.577339653570402067e-01 -4.205769188591339247e-02
4.740000000000000213e+00 -3.998558556524794416e-01 -1.763188754014771431e-01 -4.726264664915197367e-02
4.750000000000000000e+00 -4.307381072720463666e-01 -1.977362194619931568e-01 -5.248813987124295588e-02
4.759999999999999787e+00 -4.634351472429611984e-01 -2.222049847761050079e-01 -5.773106165246073840e-02
4.770000000000000462e+00 -4.982195405477560790e-01 -2.499313378862763890e-01 -6.298830193673590760e-02
4.780000000000000249e+00 -5.354050601674977816e-01 -2.811068017279520492e-01 -6.825678442901335352e-02
4.790000000000000036e+00 -5.753277931424946035e-01 -3.159056837041772647e-01 -7.353333451942201116e-02
4.799999999999999822e+00 -6.183236000412225541e-01 -3.544815466323218422e-01 -7.881470208084552509e-02
4.810000000000000497e+00 -6.647031919009278589e-01 -3.969625802660567415e-01 -8.409767311997322359e-02
4.820000000000000284e+00 -7.147262516983461378e-01 -4.434458158790306470e-01 -8.937901180504570497e-02
4.830000000000000071e+00 -7.685761066397842622e-01 -4.939902244121072705e-01 -9.465546032016571021e-02
4.839999999999999858e+00 -8.263364483284313389e-01 -5.486088432742617371e-01 -9.992373883887314956e-02
4.850000000000000533e+00 -8.879715008760707962e-01 -6.072601808988355998e-01 -1.051805456321366905e-01
4.860000000000000320e+00 -9.533108582902871664e-01 -6.698392444086689324e-01 -1.104225573253854731e-01
4.870000000000000107e+00 -1.022039962900441745e+00 -7.361686174706520980e-01 -1.156464293185753972e-01
4.879999999999999893e+00 -1.093696891287358142e+00 -8.059900766928302929e-01 -1.208487963830643247e-01
4.889999999999999680e+00 -1.167675771482507008e+00 -8.789572710025606028e-01 -1.260262734532857920e-01
4.900000000000000355e+00 -1.243236795510748172e+00 -9.546299960885122893e-01 -1.311754566047163284e-01
4.910000000000000142e+00 -1.319522435891715695e+00 -1.032470573608575748e+00 -1.362929242432470989e-01
4.919999999999999929e+00 -1.395579144232668600e+00 -1.111842792632945942e+00 -1.413752385280996893e-01
4.929999999999999716e+00 -1.470383523547150961e+00 -1.192013790620148450e+00 -1.464189470166027962e-01
4.940000000000000391e+00 -1.542871739561880506e+00 -1.272159146647281691e+00 -1.514205845447121890e-01
4.950000000000000178e+00 -1.611970782359872789e+00 -1.351371335576883048e+00 -1.563766753488547989e-01
4.959999999999999964e+00 -1.676630116078566601e+00 -1.428671554402148658e+00 -1.612837354334681617e-01
4.969999999999999751e+00 -1.735852263946220608e+00 -1.503024787998370471e+00 -1.661382751871955943e-01
4.980000000000000426e+00 -1.788720966586584415e+00 -1.573357838129523456e+00 -1.709368022492219752e-01
4.990000000000000213e+00 -1.834425716319380673e+00 -1.638579903999600518e+00 -1.756758246257324740e-01
5.000000000000000000e+00 -1.872281697882063556e+00 -1.697605181665369001e+00 -1.803518540549506888e-01
5.009999999999999787e+00 -1.901744441777742045e+00 -1.749376849226618180e+00 -1.849616146315154475e-01
5.020000000000000462e+00 -1.922418802893217871e+00 -1.792891729774759302e+00 -1.895016327736908091e-01
5.030000000000000249e+00 -1.934062195209861779e+00 -1.827224878166978872e+00 -1.939682438215983018e-01
5.040000000000000036e+00 -1.936582324115035503e+00 -1.851553322855905348e+00 -1.983580102894714481e-01
5.049999999999999822e+00 -1.930029942648467944e+00 -1.865178210719923291e+00 -2.026675189310392644e-01
5.060000000000000497e+00 -1.914587400601673206e+00 -1.867544650015611207e+00 -2.068933854875857625e-01
5.070000000000000284e+00 -1.890553942296311574e+00 -1.858258621649453213e+00 -2.110322596289180008e-01
5.080000000000000071e+00 -1.858328830388938702e+00 -1.837100428083098702e+00 -2.150808300733774436e-01
5.089999999999999858e+00 -1.818393423728485780e+00 -1.804034267430146166e+00 -2.190358298716393315e-01
5.100000000000000533e+00 -1.771293316180761801e+00 -1.759213651990393812e+00 -2.228940418377195753e-01
5.110000000000000320e+00 -1.717621553965228864e+00 -1.702982529469213135e+00 -2.266523041100127200e-01
5.120000000000000107e+00 -1.658003799130788769e+00 -1.635872105200331772e+00 -2.303075158244522469e-01
5.129999999999999893e+00 -1.593086107649764660e+00 -1.558593498795568077e+00 -2.338566428717475665e-01
5.139999999999999680e+00 -1.523525756386330032e+00 -1.472026493262552416e+00 -2.372967237228258697e-01
5.150000000000000355e+00 -1.449985299941602745e+00 -1.377204744010787518e+00 -2.406248753088209569e-01
5.160000000000000142e+00 -1.373129782981085345e+00 -1.275297905535363707e+00 -2.438382989244479437e-01
5.169999999999999929e+00 -1.293626792761511490e+00 -1.167591202275527706e+00 -2.469342861301129233e-01
5.179999999999999716e+00 -1.212148825557814336e+00 -1.055463015737941435e+00 -2.499102246306192932e-01
5.190000000000000391e+00 -1.129377272671554522e+00 -9.403610821996033486e-01 -2.527636041059229677e-01
5.200000000000000178e+00 -1.046007216775047599e+00 -8.237778950520922017e-01 -2.554920219690566263e-01
5.209999999999999964e+00 -9.627521739825523062e-01 -7.072258850266697205e-01 -2.580931890261492501e-01
5.219999999999999751e+00 -8.803479237455330564e-01 -5.922129129095483613e-01 -2.605649350133985021e-01
5.230000000000000426e+00 -7.995546358828150568e-01 -4.802185563221158526e-01 -2.629052139859118231e-01
5.240000000000000213e+00 -7.211566263289976852e-01 -3.726716085192921524e-01 -2.651121665710572950e-01
5.250000000000000000e+00 -6.459592415855722747e-01 -2.709291369413645567e-01 -2.671840129725102653e-01
5.259999999999999787e+00 -5.747825746174308748e-01 -1.762573763726293374e-01 -2.691190361471857417e-01
5.270000000000000462e+00 -5.084519382379969477e-01 -8.981465967291518693e-02 -2.709157182403676423e-01
5.280000000000000249e+00 -4.477852509430177985e-01 -1.263652135887977090e-02 -2.725727095520402710e-01
5.290000000000000036e+00 -3.935777096268037178e-01 5.437695157506902688e-02 -2.740888127555327070e-01
5.299999999999999822e+00 -3.465843194360820889e-01 1.104714993832709991e-01 -2.754629865675575218e-01
5.310000000000000497e+00 -3.075010107337556864e-01 1.550468199332312169e-01 -2.766943490869111510e-01
5.320000000000000284e+00 -2.769451868511840775e-01 1.876625018093198705e-01 -2.777821807833665280e-01
5.330000000000000071e+00 -2.554366072488432060e-01 2.080418342546812849e-01 -2.787259271196213528e-01
5.339999999999999858e+00 -2.433795156774987423e-01 2.160735809267260998e-01 -2.795252007904694413e-01
5.350000000000000533e+00 -2.410468724407530960e-01 2.118118095850783367e-01 -2.801797835635725376e-01
5.360000000000000320e+00 -2.485674480357143168e-01 1.954738689862303147e-01 -2.806896277126230688e-01
5.370000000000000107e+00 -2.659163897242848296e-01 1.674365993773564987e-01 -2.810548570333165075e-01
5.379999999999999893e+00 -2.929096931629056044e-01 1.282308560673993403e-01 -2.812757674269897867e-01
5.389999999999999680e+00 -3.292028103457698140e-01 7.853441852200948592e-02 -2.813528270459505487e-01
5.400000000000000355e+00 -3.742934162581170177e-01 1.916335197991803074e-02 -2.812866759978317477e-01
5.410000000000000142e+00 -4.275281535479046324e-01 -4.893811389526347977e-02 -2.810781256041987031e-01
5.419999999999999929e+00 -4.881129903273431214e-01 -1.247091233381191211e-01 -2.807281572117470425e-01
5.429999999999999716e+00 -5.551266725159349491e-01 -2.069850777898716854e-01 -2.802379205563942377e-01
5.440000000000000391e+00 -6.275366382521186948e-01 -2.945117815503019987e-01 -2.796087316825093261e-01
5.450000000000000178e+00 -7.042166942444414435e-01 -3.859607521113798123e-01 -2.788420704214599199e-01
5.459999999999999964e+00 -7.839657355983767895e-01 -4.799455787722182731e-01 -2.779395774355808979e-01
5.469999999999999751e+00 -8.655268212186705279e-01 -5.750391916192565400e-01 -2.769030066453408989e-01
5.480000000000000426e+00 -9.476059924618569497e-01 -6.697918798119011363e-01 -2.757342665058997722e-01
5.490000000000000213e+00 -1.028890336223182045e+00 -7.627498746060237256e-01 -2.744354983968886330e-01
5.500000000000000000e+00 -1.108064935326823042e+00 -8.524742899615980196e-01 -2.730089887140346172e-01
5.509999999999999787e+00 -1.183828507183066314e+00 -9.375601931380411758e-01 -2.714571254522687438e-01
5.520000000000000462e+00 -1.254907693240485456e+00 -1.016655560465781871e+00 -2.697824310639579948e-01
5.530000000000000249e+00 -1.320070113583727389e+00 -1.088479860385615172e+00 -2.679875567747030396e-01
5.540000000000000036e+00 -1.378136430567364012e+00 -1.151841997528618933e+00 -2.660752765786608132e-01
5.549999999999999822e+00 -1.427991761658066183e+00 -1.205657348483450741e+00 -2.640484809345072237e-01
5.560000000000000497e+00 -1.468596836079645751e+00 -1.248963622138861362e+00 -2.619101701843923879e-01
5.570000000000000284e+00 -1.498999296838591899e+00 -1.280935285054440431e+00 -2.596634477193254797e-01
5.580000000000000071e+00 -1.518345507154705176e+00 -1.300896304979817231e+00 -2.573115129148085267e-01
5.589999999999999858e+00 -1.525893129842286866e+00 -1.308330983058033414e+00 -2.548576538631743826e-01
5.600000000000000533e+00 -1.521024615081737474e+00 -1.302892666979420078e+00 -2.523052399318337358e-01
5.610000000000000320e+00 -1.503261565006970057e+00 -1.284410162936156397e+00 -2.496577141683111178e-01
5.620000000000000107e+00 -1.472279754242104444e+00 -1.252891693219462921e+00 -2.469185855791164175e-01
5.629999999999999893e+00 -1.427924387780960203e+00 -1.208526278305708246e+00 -2.440914213150024714e-01
5.639999999999999680e+00 -1.370224986565228509e+00 -1.151682456969896240e+00 -2.411798387883505590e-01
5.650000000000000355e+00 -1.299409122262553673e+00 -1.082904295094060165e+00 -2.381874977506497071e-01
5.660000000000000142e+00 -1.215914090847069806e+00 -1.002904673214806364e+00 -2.351180923580078463e-01
5.669999999999999929e+00 -1.120395532683603257e+00 -9.125558843226219130e-01 -2.319753432524597203e-01
5.679999999999999716e+00 -1.013731985286073112e+00 -8.128776168225356757e-01 -2.287629896865236157e-01
5.690000000000000391e+00 -8.970244006659964242e-01 -7.050224426716764636e-01 -2.254847817180242464e-01
5.700000000000000178e+00 -7.715897750551161671e-01 -5.902589771953833386e-01 -2.221444511931223997e-01
5.709999999999999964e+00 -6.389482232026771902e-01 -4.699529244607721923e-01 -2.187456994845994596e-01
5.719999999999999751e+00 -5.008030763361416282e-01 -3.455462696632540798e-01 -2.152922911847872378e-01
5.730000000000000426e+00 -3.590138818425675504e-01 -2.185349268330151196e-01 -2.117879976614375215e-01
5.740000000000000213e+00 -2.155625195450403542e-01 -9.044519512685439411e-02 -2.082365100981843353e-01
5.750000000000000000e+00 -7.251300675847671684e-02 3.719058136565667194e-02 -2.046414864318312488e-01
5.759999999999999787e+00 6.803407742629051513e-02 1.628587186052908864e-01 -2.010065447428694141e-01
5.770000000000000462e+00 2.039912795891547781e-01 2.850888005510988643e-01 -1.973352569029628023e-01
5.780000000000000249e+00 3.333365037102506423e-01 4.024777065654404073e-01 -1.936311424972973205e-01
5.790000000000000036e+00 4.541659806881583328e-01 5.137125632992760593e-01 -1.898976630382432085e-01
5.799999999999999822e+00 5.647460061179354618e-01 6.175921264473493988e-01 -1.861382164852799226e-01
5.810000000000000497e+00 6.635614028406388032e-01 7.130461113209073387e-01 -1.823561320847033596e-01
5.820000000000000284e+00 7.493586884777811985e-01 7.991520189082430559e-01 -1.785546655404523508e-01
5.830000000000000071e+00 8.211820529953580694e-01 8.751490464640465650e-01 -1.747369945269253433e-01
5.839999999999999858e+00 8.784004752830578688e-01 9.404487285910044791e-01 -1.709062145519476827e-01
5.850000000000000533e+00 9.207246232285157816e-01 9.946420255113670450e-01 -1.670653351764654349e-01
5.860000000000000320e+00 9.482125759784277852e-01 1.037502658355989649e+00 -1.632172765969156225e-01
5.870000000000000107e+00 9.612638624721048242e-01 1.068986584735359902e+00 -1.593648665933214692e-01
5.879999999999999893e+00 9.606018055236946740e-01 1.089227608884140830e+00 -1.555108378451291185e-01
5.889999999999999680e+00 9.472446715783472415e-01 1.098529226025213967e+00 -1.516578256150684367e-01
5.900000000000000355e+00 9.224666271522373728e-01 1.097352906593078714e+00 -1.478083657997310840e-01
5.910000000000000142e+00 8.877499681627090133e-01 1.086303128630146331e+00 -1.439648933439987011e-01
5.919999999999999929e+00 8.447304934456887349e-01 1.066109561970418618e+00 -1.401297410149566491e-01
5.929999999999999716e+00 7.951382169995814264e-01 1.037606891803960041e+00 -1.363051376687335059e-01
5.940000000000000391e+00 7.407358370501968547e-01 1.001712838228372648e+00 -1.324931968719865738e-01
5.950000000000000178e+00 6.832574910083571984e-01 9.594049792987802139e-01 -1.286959441588000908e-01
5.959999999999999964e+00 6.243503166196108234e-01 9.116970154269011806e-01 -1.249153127734455165e-01
5.969999999999999751e+00 5.655212101052228268e-01 8.596151211296831907e-01 -1.211531175611701150e-01
5.980000000000000426e+00 5.080909272113453001e-01 8.041750154156783736e-01 -1.174110710006944641e-01
5.990000000000000213e+00 4.531573242747355401e-01 7.463603448687012865e-01 -1.136907842632589316e-01
6.000000000000000000e+00 4.015691006908066463e-01 6.871029151246468292e-01 -1.099937685489232181e-01
6.009999999999999787e+00 3.539109032361762996e-01 6.272652293174180160e-01 -1.063214366852962417e-01
6.020000000000000462e+00 3.105001118160786722e-01 5.676256994771290421e-01 -1.026751049731496196e-01
6.030000000000000249e+00 2.713950728665213696e-01 5.088667928422312414e-01 -9.905599526274239119e-02
6.040000000000000036e+00 2.364140090900777591e-01 4.515662642126599957e-01 -9.546523724408204070e-02
6.049999999999999822e+00 2.051633399361398324e-01 3.961915127862633557e-01 -9.190387093371839289e-02
6.060000000000000497e+00 1.770737215046888635e-01 3.430969924466313326e-01 -8.837284934177470908e-02
6.070000000000000284e+00 1.514417790080130610e-01 2.925245031066670554e-01 -8.487304130094058818e-02
6.080000000000000071e+00 1.274752764389643078e-01 2.446061019410452064e-01 -8.140523443846103824e-02
6.089999999999999858e+00 1.043393578477722905e-01 1.993693009886774448e-01 -7.797013827424532917e-02
6.100000000000000533e+00 8.120150750359018954e-02 1.567441646376826203e-01 -7.456838742729790526e-02
6.110000000000000320e+00 5.727301053489762539e-02 1.165718888594817759e-01 -7.120054491262653440e-02
6.120000000000000107e+00 3.184494326472195325e-02 7.861443454094003969e-02 -6.786710551115360257e-02
6.129999999999999893e+00 4.317069231652275255e-03 4.256479949778184391e-02 -6.456849919545999683e-02
6.140000000000000568e+00 -2.578155656773574098e-02 8.057546197803966415e-03 -6.130509459457194471e-02
6.150000000000000355e+00 -5.878098991577309501e-02 -2.532074774520345906e-02 -5.807720248145661901e-02
6.160000000000000142e+00 -9.486800823606876543e-02 -5.802138519043670978e-02 -5.488507926741358761e-02
6.169999999999999929e+00 -1.340926177412826437e-01 -9.052398631382199690e-02 -5.172892323536825571e-02
6.179999999999999716e+00 -1.763826558816642964e-01 -1.233275831093593039e-01 -4.860889072682879342e-02
6.190000000000000391e+00 -2.215652514823428509e-01 -1.569424094343686849e-01 -4.552510294310554290e-02
6.200000000000000178e+00 -2.693935435122836175e-01 -1.918823510545576982e-01 -4.247763506573933728e-02
6.209999999999999964e+00 -3.195767920733625922e-01 -2.286579564716682000e-01 -3.946652345870822060e-02
6.219999999999999751e+00 -3.718118555817841453e-01 -2.677698594295765400e-01 -3.649177044896183969e-02
6.230000000000000426e+00 -4.258139639122771603e-01 -3.097024310740015829e-01 -3.355334747796613615e-02
6.240000000000000213e+00 -4.813447898130679969e-01 -3.549174659264119347e-01 -3.065119815895329253e-02
6.250000000000000000e+00 -5.382360051222673247e-01 -4.038477120913651630e-01 -2.778524123097732626e-02
6.259999999999999787e+00 -5.964067931115308863e-01 -4.568900821755034758e-01 -2.495537340177065438e-02
6.270000000000000462e+00 -6.558741571335853227e-01 -5.143984257464216947e-01 -2.216147207230288740e-02
6.280000000000000249e+00 -7.167552976765974027e-01 -5.766758041294400838e-01 -1.940339793678534652e-02
6.290000000000000036e+00 -7.792618006713013523e-01 -6.439662802389738427e-01 -1.668099745305587009e-02
6.299999999999999822e+00 -8.436858632691669468e-01 -7.164463154602713768e-01 -1.399410517865241205e-02
6.310000000000000497e+00 -9.103792526439307142e-01 -7.942159472621963534e-01 -1.134254596880469521e-02
6.320000000000000284e+00 -9.797261229753919665e-01 -8.772899998786498621e-01 -8.726137034023325953e-03
6.330000000000000071e+00 -1.052111182338220097e+00 -9.655896507180381505e-01 -6.144689855370514923e-03
6.339999999999999858e+00 -1.127884985046046395e+00 -1.058934732154705127e+00 -3.598011956261963195e-03
6.350000000000000533e+00 -1.207328311061158566e+00 -1.157037187659050836e+00 -1.085908530483551196e-03
6.360000000000000320e+00 -1.290617672775704827e+00 -1.259496119358013422e+00 1.391816073160359428e-03
6.370000000000000107e+00 -1.377793957104976208e+00 -1.365794858710475568e+00 3.835357008454572288e-03
6.379999999999999893e+00 -1.468736069749867923e+00 -1.475300461914446970e+00 6.244907729869295272e-03
6.390000000000000568e+00 -1.563141206872232569e+00 -1.587265977157007901e+00 8.620658928763381967e-03
6.400000000000000355e+00 -1.660513050803443580e+00 -1.700835753448679544e+00 1.096280066252868640e-02
6.410000000000000142e+00 -1.760158788830784360e+00 -1.815053963414237970e+00 1.327151685426048063e-02
6.419999999999999929e+00 -1.861195409135580237e+00 -1.928876399058007340e+00 1.554698085990893937e-02
6.429999999999999716e+00 -1.962565259439567722e+00 -2.041185475152282436e+00 1.778936198803656582e-02
6.440000000000000391e+00 -2.063060386668414292e+00 -2.150808245180305445e+00 1.999882578984131867e-02
6.450000000000000178e+00 -2.161354734396446098e+00 -2.256537105773827268e+00 2.217553139396053266e-02
6.459999999999999964e+00 -2.256042881732602368e+00 -2.357152743481783830e+00 2.431963129939592946e-02
6.469999999999999751e+00 -2.345683682487343269e+00 -2.451448768419974389e+00 2.643127127059764422e-02
6.480000000000000426e+00 -2.428846922855004475e+00 -2.538257388266523140e+00 2.851059032888599368e-02
6.490000000000000213e+00 -2.504160970682547394e+00 -2.616475407744475401e+00 3.055772083423370644e-02
6.500000000000000000e+00 -2.570359345681809682e+00 -2.685089796669950069e+00 3.257278865131744972e-02
6.509999999999999787e+00 -2.626324198241523522e+00 -2.743202056101624375e+00 3.455591339359163905e-02
6.520000000000000462e+00 -2.671124840007236934e+00 -2.790050628013825307e+00 3.650720873940175443e-02
6.530000000000000249e+00 -2.704049712325774291e+00 -2.825030638752025425e+00 3.842678281397936962e-02
6.540000000000000036e+00 -2.724630494842385176e+00 -2.847710338484714221e+00 4.031473863071573238e-02
6.549999999999999822e+00 -2.732657428339992922e+00 -2.857843694864423245e+00 4.217117458576288141e-02
6.560000000000000497e+00 -2.728185333203674734e+00 -2.855378715008502599e+00 4.399618500018856460e-02
6.570000000000000284e+00 -2.711530226239531327e+00 -2.840461200719571089e+00 4.578986070369010092e-02
6.580000000000000071e+00 -2.683256852404168669e+00 -2.813433782026562024e+00 4.755228965411525260e-02
6.589999999999999858e+00 -2.644157833772476263e+00 -2.774830217800796639e+00 4.928355758721504609e-02
6.600000000000000533e+00 -2.595225477365347366e+00 -2.725365093573046682e+00 5.098374869123612624e-02
6.610000000000000320e+00 -2.537617560904782632e+00 -2.665919180249943565e+00 5.265294630115831265e-02
6.620000000000000107e+00 -2.472618619580286836e+00 -2.597520838290785061e+00 5.429123360759663397e-02
6.629999999999999893e+00 -2.401598380220304474e+00 -2.521323955961790375e+00 5.589869375297619458e-02
6.640000000000000568e+00 -2.325969029143034827e+00 -2.438582994426981898e+00 5.747541067615252741e-02
6.650000000000000355e+00 -2.247142958245040401e+00 -2.350625774658054112e+00 5.902147218267509571e-02
6.660000000000000142e+00 -2.166492516696633786e+00 -2.258824680595307832e+00 6.053696939353953033e-02
6.669999999999999929e+00 -2.085313112875056607e+00 -2.164566969940953101e+00 6.202199573153999862e-02
6.679999999999999716e+00 -2.004790775910685330e+00 -2.069224879730750644e+00 6.347664877219350021e-02
6.690000000000000391e+00 -1.925975013744298137e+00 -1.974126190623471722e+00 6.490103093423241210e-02
6.700000000000000178e+00 -1.849757511504863672e+00 -1.880525874589642044e+00 6.629525015353769646e-02
6.709999999999999964e+00 -1.776856917253959223e+00 -1.789579398769908458e+00 6.765942053764943676e-02
6.719999999999999751e+00 -1.707809677989646113e+00 -1.702318197341047057e+00 6.899366299821164950e-02
6.730000000000000426e+00 -1.642966631984389192e+00 -1.619627756888555981e+00 7.029810585892419528e-02
6.740000000000000213e+00 -1.582494846429960855e+00 -1.542228692400333001e+00 7.157288543685093318e-02
6.750000000000000000e+00 -1.526384021387955592e+00 -1.470661123464253039e+00 7.281814659499621922e-02
6.759999999999999787e+00 -1.474456668211082011e+00 -1.405272595841175809e+00 7.403404326396816060e-02
6.770000000000000462e+00 -1.426381215305926764e+00 -1.346209733814711651e+00 7.522073893149362755e-02
6.780000000000000249e+00 -1.381687195141731328e+00 -1.293413754306306451e+00 7.637840709846832610e-02
6.790000000000000036e+00 -1.339781719170416663e+00 -1.246619924605439911e+00 7.750723169979513438e-02
6.799999999999999822e+00 -1.299966544231103693e+00 -1.205361000883017786e+00 7.860740748889240292e-02
6.810000000000000497e+00 -1.261455165091197372e+00 -1.168974643002769653e+00 7.967914038482859507e-02
6.820000000000000284e+00 -1.223389521354644627e+00 -1.136614760651447620e+00 8.072264778113198702e-02
6.830000000000000071e+00 -1.184856070468756073e+00 -1.107266704369841870e+00 8.173815881543716744e-02
6.839999999999999858e+00 -1.144901139317333394e+00 -1.079766170573505990e+00 8.272591459923045454e-02
6.850000000000000533e+00 -1.102545612942953390e+00 -1.052821640223129851e+00 8.368616840705174476e-02
6.860000000000000320e+00 -1.056799139786436914e+00 -1.025040115011220943e+00 8.461918601914933391e-02
6.870000000000000107e+00 -1.006674120029231512e+00 -9.949558519953982660e-01 8.552524702139351065e-02
6.879999999999999893e+00 -9.511997912978761294e-01 -9.610617275570187967e-01 8.640464186111927736e-02
6.890000000000000568e+00 -8.894367311351702998e-01 -9.218427853339785649e-01 8.725767205257917158e-02
6.900000000000000355e+00 -8.204920582653538741e-01 -8.758114422547953470e-01 8.808465296975362402e-02
6.910000000000000142e+00 -7.435355377388896958e-01 -8.215437447955221684e-01 8.888591240639844016e-02
6.919999999999999929e+00 -6.578166842133972292e-01 -7.577159877251133935e-01 8.966179047150873993e-02
6.929999999999999716e+00 -5.626828209102150424e-01 -6.831409341945017255e-01 9.041263944169865285e-02
6.940000000000000391e+00 -4.575978989705231648e-01 -5.968028137986580717e-01 9.113882357045563487e-02
6.950000000000000178e+00 -3.421617239678668154e-01 -4.978902291130298252e-01 9.184071885429298532e-02
6.959999999999999964e+00 -2.161290846267538146e-01 -3.858260759664475792e-01 9.251871275589076959e-02
6.969999999999999751e+00 -7.942814451357763095e-02 -2.602935827143350034e-01 9.317320388435708367e-02
6.980000000000000426e+00 6.782264916592938009e-02 -1.212576026240345661e-01 9.380460163283321773e-02
6.990000000000000213e+00 2.252999558384297107e-01 3.101964625157033195e-02 9.441332577388894531e-02
7.000000000000000000e+00 3.924640744806561221e-01 1.959691063653347110e-01 9.499980601307049521e-02
7.009999999999999787e+00 5.685514431381700762e-01 3.727122582875250778e-01 9.556448150090768312e-02
7.020000000000000462e+00 7.525718609663408776e-01 5.600657815325791322e-01 9.610780030401738783e-02
7.030000000000000249e+00 9.433110736780728756e-01 7.565537458565487761e-01 9.663021883603371831e-02
7.040000000000000036e+00 1.139339205380481612e+00 9.604273742159588068e-01 9.713220124910894315e-02
7.049999999999999822e+00 1.339025325637322350e+00 1.169692196469447776e+00 9.761421878686613041e-02
7.060000000000000497e+00 1.540558218945644819e+00 1.382142182334607172e+00 9.807674909979603728e-02
7.070000000000000284e+00 1.741973185026618243e+00 1.595400211574517613e+00 9.852027552421362133e-02
7.080000000000000071e+00 1.941184453821583666e+00 1.806964017916206533e+00 9.894528632600849138e-02
7.089999999999999858e+00 2.136022560701207773e+00 2.014256539970866289e+00 9.935227391055519164e-02
7.100000000000000533e+00 2.324275806782778453e+00 2.214679436316307815e+00 9.974173400799214717e-02
7.110000000000000320e+00 2.503734737227034657e+00 2.405668381075912077e+00 1.001141645087295085e-01
7.120000000000000107e+00 2.672238416396633731e+00 2.584748657808767280e+00 1.004700648734655755e-01
7.129999999999999893e+00 2.827721170392292649e+00 2.749589518829041346e+00 1.008099355603343239e-01
7.140000000000000568e+00 2.968258410119170243e+00 2.898055777898098651e+00 1.011342767951504823e-01
7.150000000000000355e+00 3.092110144597534749e+00 3.028255158233018385e+00 1.014435875932507974e-01
7.160000000000000142e+00 3.197760845091372595e+00 3.138580024418073489e+00 1.017383647810584102e-01
7.169999999999999929e+00 3.283954423636563646e+00 3.227742283340081286e+00 1.020191019995370790e-01
7.179999999999999716e+00 3.349723240204626862e+00 3.294800440792214236e+00 1.022862886921398484e-01
7.190000000000000391e+00 3.394410244457700898e+00 3.339178040025699623e+00 1.025404090799846707e-01
7.200000000000000178e+00 3.417683582557352384e+00 3.360672977689154628e+00 1.027819411271153199e-01
7.209999999999999964e+00 3.419543247251542795e+00 3.359457481343653296e+00 1.030113554987975300e-01
7.219999999999999751e+00 3.400319610188828445e+00 3.336068830210529690e+00 1.032291145160270929e-01
7.230000000000000426e+00 3.360663938553381858e+00 3.291391195672025205e+00 1.034356711093225856e-01
7.240000000000000213e+00 3.301531253378453545e+00 3.226629259012175233e+00 1.036314677749961694e-01
7.250000000000000000e+00 3.224156124683770663e+00 3.143274520200511457e+00 1.038169355373978753e-01
7.259999999999999787e+00 3.130022210399851623e+00 3.043065433435644174e+00 1.039924929205135601e-01
7.270000000000000462e+00 3.020826524816746517e+00 2.927942684366338089e+00 1.041585449323601809e-01
7.280000000000000249e+00 2.898439562611210718e+00 2.800001053878299118e+00 1.043154820656757714e-01
7.290000000000000036e+00 2.764862502736610494e+00 2.661439389633203145e+00 1.044636793184228057e-01
7.299999999999999822e+00 2.622182770810778329e+00 2.514510226984538743e+00 1.046034952376324323e-01
7.310000000000000497e+00 2.472529249091311332e+00 2.361470565613111638e+00 1.047352709901045315e-01
7.320000000000000284e+00 2.318028391321963699e+00 2.204535219659791156e+00 1.048593294634552892e-01
7.330000000000000071e+00 2.160762428754159359e+00 2.045834021876790754e+00 1.049759737363139128e-01
7.339999999999999858e+00 2.002730747790694821e+00 1.887373982884773538e+00 1.050854873823643537e-01
7.350000000000000533e+00 1.845815384188434161e+00 1.731007293123281165e+00 1.051881342982138035e-01
7.360000000000000320e+00 1.691751419462798500e+00 1.578405816838687858e+00 1.052841564235181271e-01
7.370000000000000107e+00 1.542102888283716666e+00 1.431042474561275757e+00 1.053737730889693913e-01
7.379999999999999893e+00 1.398244617563680015e+00 1.290179653384530889e+00 1.054571807688646917e-01
7.390000000000000568e+00 1.261350224798230002e+00 1.156864533220576474e+00 1.055345524866376922e-01
7.400000000000000355e+00 1.132386310891122960e+00 1.031930981706146166e+00 1.056060372758593213e-01
7.410000000000000142e+00 1.012112696572800896e+00 9.160074592023184081e-01 1.056717596992231833e-01
7.419999999999999929e+00 9.010883764302670684e-01 8.095301956388802900e-01 1.057318194278505097e-01
7.429999999999999716e+00 7.996827047145091960e-01 7.127607584404261898e-01 1.057862908830516091e-01
7.440000000000000391e+00 7.080911860472129948e-01 6.258070292594832829e-01 1.058352229425184865e-01
7.450000000000000178e+00 6.263551248520087267e-01 5.486465486445196715e-01 1.058786387125339734e-01
7.459999999999999964e+00 5.543842921264809931e-01 4.811511720897135858e-01 1.059165353676483623e-01
7.469999999999999751e+00 4.919816988301496385e-01 4.231120063307782786e-01 1.059488840593012793e-01
7.480000000000000426e+00 4.388695229412151733e-01 3.742636578021997229e-01 1.059756298943023700e-01
7.490000000000000213e+00 3.947152228838301524e-01 3.343069209887862270e-01 1.059966919838023075e-01
7.500000000000000000e+00 3.591568838100705485e-01 3.029291570187259697e-01 1.060119635632995744e-01
7.509999999999999787e+00 3.318268849020041267e-01 2.798217555223198039e-01 1.060213121839189421e-01
7.520000000000000462e+00 3.123730446822099993e-01 2.646942283793031203e-01 1.060245799749339468e-01
7.530000000000000249e+00 3.004764959668646540e-01 2.572846453080815943e-01 1.060215839772458979e-01
7.540000000000000036e+00 2.958656606329232996e-01 2.573662814122944509e-01 1.060121165472732302e-01
7.549999999999999822e+00 2.983258342092647841e-01 2.647504994883430607e-01 1.059959458304492452e-01
7.560000000000000497e+00 3.077040481510627257e-01 2.792860296557017064e-01 1.059728167731845416e-01
7.570000000000000284e+00 3.239090495075863663e-01 3.008549312883035953e-01 1.059424514656582689e-01
7.580000000000000071e+00 3.469064188346125954e-01 3.293656240602658714e-01 1.059045484399180753e-01
7.589999999999999858e+00 3.767090322623111720e-01 3.647434541623001958e-01 1.058587843499531056e-01
7.600000000000000533e+00 4.133632566875716230e-01 4.069193176029975434e-01 1.058048156812318591e-01
7.610000000000000320e+00 4.569314417818747254e-01 4.558168953286112490e-01 1.057422789387549994e-01
7.620000000000000107e+00 5.074714323504896374e-01 5.113390660297740808e-01 1.056707915657712216e-01
7.629999999999999893e+00 5.650139630326284079e-01 5.733540541357422526e-01 1.055899529171809986e-01
7.640000000000000568e+00 6.295389081915178098e-01 6.416818454256262294e-01 1.054993452848585339e-01
7.650000000000000355e+00 7.009514375127146035e-01 7.160813640999271756e-01 1.053985349719635395e-01
7.660000000000000142e+00 7.790591676319708059e-01 7.962388564002151892e-01 1.052870734131708813e-01
7.669999999999999929e+00 8.635513985900101774e-01 8.817578702232327093e-01 1.051644983375880221e-01
7.679999999999999716e+00 9.539814790858398563e-01 9.721511606732488042e-01 1.050303349710840217e-01
7.690000000000000391e+00 1.049753256100064203e+00 1.066834790740202710e+00 1.048840972747400319e-01
7.700000000000000178e+00 1.150112434067958267e+00 1.165124636353074949e+00 1.047252892157768955e-01
7.709999999999999964e+00 1.254143499902850456e+00 1.266235447407439318e+00 1.045534060673566634e-01
7.719999999999999751e+00 1.360772668201274849e+00 1.369282561852237734e+00 1.043679357337947144e-01
7.730000000000000426e+00 1.468777073067970562e+00 1.473286318804050810e+00 1.041683600975340240e-01
7.740000000000000213e+00 1.576800187877676063e+00 1.577179168685642452e+00 1.039541563842342198e-01
7.750000000000000000e+00 1.683373201847303990e+00 1.679815432908274841e+00 1.037247985423419977e-01
7.759999999999999787e+00 1.786941833223004483e+00 1.779983621724973375e+00 1.034797586335246544e-01
7.770000000000000462e+00 1.885897824201189010e+00 1.876421175563815380e+00 1.032185082303815754e-01
7.780000000000000249e+00 1.978614153194757419e+00 1.967831451456080627e+00 1.029405198178950515e-01
7.790000000000000036e+00 2.063482825762280370e+00 2.052902731366718747e+00 1.026452681038416415e-01
7.799999999999999822e+00 2.138953975183024880e+00 2.130328982925159931e+00 1.023322310851997874e-01
7.810000000000000497e+00 2.203574924248331346e+00 2.198832055306936706e+00 1.020008923419063601e-01
7.820000000000000284e+00 2.256027836110102047e+00 2.257184944415635108e+00 1.016507423857753861e-01
7.830000000000000071e+00 2.295164616218875242e+00 2.304235713190881274e+00 1.012812792211515711e-01
7.839999999999999858e+00 2.320037819010065228e+00 2.338931606477791636e+00 1.008920100653718371e-01
7.850000000000000533e+00 2.329926458784857157e+00 2.360342857553660245e+00 1.004824526830812026e-01
7.860000000000000320e+00 2.324355818202821666e+00 2.367685647589985010e+00 1.000521366990833744e-01
7.870000000000000107e+00 2.303110581504386190e+00 2.360343652715873208e+00 9.960060488712736693e-02
7.879999999999999893e+00 2.266240882457030814e+00 2.337887598669814881e+00 9.912741443217350235e-02
7.890000000000000568e+00 2.214061136906900096e+00 2.300092242865842351e+00 9.863213816383414878e-02
7.900000000000000355e+00 2.147141813542799760e+00 2.246950220310784729e+00 9.811436575884635580e-02
7.910000000000000142e+00 2.066294570527462682e+00 2.178682224929167521e+00 9.757370491057169859e-02
7.919999999999999929e+00 1.972551436867840735e+00 2.095743052540038676e+00 9.700978246366209756e-02
7.930000000000000604e+00 1.867138933692221059e+00 1.998823106230040780e+00 9.642224551218900319e-02
7.940000000000000391e+00 1.751448201613024835e+00 1.888845058516337883e+00 9.581076245974327887e-02
7.950000000000000178e+00 1.627002318018741622e+00 1.766955475871437420e+00 9.517502404013260253e-02
7.959999999999999964e+00 1.495422047165950730e+00 1.634511337317499091e+00 9.451474429740791550e-02
7.969999999999999751e+00 1.358391264129884091e+00 1.493061516421035018e+00 9.382966152412794414e-02
7.980000000000000426e+00 1.217623232063253846e+00 1.344323440873475217e+00 9.311953915690288075e-02
7.990000000000000213e+00 1.074828795071874454e+00 1.190155291039546759e+00 9.238416662838143389e-02
8.000000000000000000e+00 9.316873836207225645e-01 1.032524243069399716e+00 9.162336017497078877e-02
8.009999999999999787e+00 7.898215256541293305e-01 8.734713978694457204e-01 9.083696359969262168e-02
8.019999999999999574e+00 6.507753265679687704e-01 7.150741589188063241e-01 9.002484898968259042e-02
8.029999999999999361e+00 5.159971382721174615e-01 5.594069244062735979e-01 8.918691720907040432e-02
8.040000000000000924e+00 3.868263959751586656e-01 4.085010377952557059e-01 8.832309902985055472e-02
8.050000000000000711e+00 2.644843750380993508e-01 2.643049918261026754e-01 8.743335557862938479e-02
8.060000000000000497e+00 1.500684223732284828e-01 1.286459012384226497e-01 8.651767834534815349e-02
8.070000000000000284e+00 4.454905880418084246e-02 3.193247378275934634e-03 8.557608997871782308e-02
8.080000000000000071e+00 -5.123076044228136450e-02 -1.105741471700724537e-01 8.460864474287223269e-02
8.089999999999999858e+00 -1.365549943023909307e-01 -2.113970329390312819e-01 8.361542891126194643e-02
8.099999999999999645e+00 -2.108332374306327583e-01 -2.982597631323744558e-01 8.259656111421871671e-02
8.109999999999999432e+00 -2.735995185954360198e-01 -3.704087985444757258e-01 8.155219264030312554e-02
8.120000000000000995e+00 -3.245117671953763883e-01 -4.273652043035416348e-01 8.048250769157902496e-02
8.130000000000000782e+00 -3.633523817616985396e-01 -4.689308281984442273e-01 7.938772359298047754e-02
8.140000000000000568e+00 -3.900301426126738802e-01 -4.951880346016379053e-01 7.826809095597496435e-02
8.150000000000000355e+00 -4.045834977084028505e-01 -5.064930566879072282e-01 7.712389379664780220e-02
8.160000000000000142e+00 -4.071850306656316643e-01 -5.034632160565113423e-01 7.595544960846804805e-02
8.169999999999999929e+00 -3.981467079942950793e-01 -4.869584363619913203e-01 7.476310938999830569e-02
8.179999999999999716e+00 -3.779253138872264439e-01 -4.580576398726308174e-01 7.354725762766312069e-02
8.189999999999999503e+00 -3.471273291964945829e-01 -4.180307573449156266e-01 7.230831223377960637e-02
8.199999999999999289e+00 -3.065124084466233079e-01 -3.683071974075252109e-01 7.104672444004729581e-02
8.210000000000000853e+00 -2.569945639886939692e-01 -3.104417079989976180e-01 6.976297864666873572e-02
8.220000000000000639e+00 -1.996401854239226725e-01 -2.460786166791643637e-01 6.845759222726184590e-02
8.230000000000000426e+00 -1.356621071220176222e-01 -1.769154574748940112e-01 6.713111528970888697e-02
8.240000000000000213e+00 -6.640908487417145067e-02 -1.046669792569978330e-01 6.578413039307458299e-02
8.250000000000000000e+00 6.649751750900542886e-03 -3.103048567776979516e-02 6.441725222071215118e-02
8.259999999999999787e+00 8.194565193444254547e-02 4.234661817914707471e-02 6.303112768474052052e-02
8.269999999999999574e+00 1.578360947570238704e-01 1.138962986123616128e-01 6.162643468824813980e-02
8.279999999999999361e+00 2.326353277914880724e-01 1.821557351715723250e-01 6.020388131503229961e-02
8.290000000000000924e+00 3.046488766670077952e-01 2.457890216160607266e-01 5.876420636540294340e-02
8.300000000000000711e+00 3.722110219152670041e-01 3.036043679272545925e-01 5.730817869128226189e-02
8.310000000000000497e+00 4.337239884233244913e-01 3.545666029754568904e-01 5.583659639735389507e-02
8.320000000000000284e+00 4.876973948314524132e-01 3.978049349950759650e-01 5.435028621039776631e-02
8.330000000000000071e+00 5.327863795909046907e-01 4.326160789305612542e-01 5.285010280554140738e-02
8.339999999999999858e+00 5.678267681667160671e-01 4.584630008429657622e-01 5.133692808956624720e-02
8.349999999999999645e+00 5.918656789875158530e-01 4.749696553942714949e-01 4.981167044143365585e-02
8.359999999999999432e+00 6.041860865407413517e-01 4.819121991944601557e-01 4.827526391022920332e-02
8.370000000000000995e+00 6.043240659153317207e-01 4.792072476176185147e-01 4.672866737073606835e-02
8.380000000000000782e+00 5.920777266123399274e-01 4.668978036212200200e-01 4.517286363697844975e-02
8.390000000000000568e+00 5.675071924302479420e-01 4.451375231573129754e-01 4.360885853407314716e-02
8.400000000000000355e+00 5.309253824259431154e-01 4.141739929193853920e-01 4.203767992867130099e-02
8.410000000000000142e+00 4.828797757661710821e-01 3.743316832998260790e-01 4.046037671847766554e-02
8.419999999999999929e+00 4.241257788026961961e-01 3.259952042340450440e-01 3.887801778140775877e-02
8.429999999999999716e+00 3.555927328377758156e-01 2.695934364788385995e-01 3.729169088494720813e-02
8.439999999999999503e+00 2.783439827875389128e-01 2.055850387902504184e-01 3.570250155637833683e-02
8.449999999999999289e+00 1.935327486529228869e-01 1.344457458356816126e-01 3.411157191462254462e-02
8.460000000000000853e+00 1.023557843248821819e-01 5.665777618130304893e-02 3.252003946453441152e-02
8.470000000000000639e+00 6.006956462050775172e-03 -2.729843184776844373e-02 3.092905585457488699e-02
8.480000000000000426e+00 -9.436708066809773587e-02 -1.169500424319147580e-01 2.933978559888626020e-02
8.490000000000000213e+00 -1.977070056690668209e-01 -2.118351910375939617e-01 2.775340447049002776e-02
8.500000000000000000e+00 -3.030748140744551899e-01 -3.115039857078775731e-01 2.617109838779899458e-02
8.509999999999999787e+00 -4.096800145565954177e-01 -4.155173166332187251e-01 2.459406273505138074e-02
8.519999999999999574e+00 -5.168967573340661481e-01 -5.234437291198983377e-01 2.302350039841101828e-02
8.529999999999999361e+00 -6.242710601112815283e-01 -6.348546818715181672e-01 2.146061992501022489e-02
8.540000000000000924e+00 -7.315177942444499593e-01 -7.493185651418401427e-01 1.990663438168817009e-02
8.550000000000000711e+00 -8.385076182538451217e-01 -8.663938907250053889e-01 1.836275986456303161e-02
8.560000000000000497e+00 -9.452445702780868375e-01 -9.856220873603771526e-01 1.683021398491026110e-02
8.570000000000000284e+00 -1.051835527991588748e+00 -1.106520340880239095e+00 1.531021433330877722e-02
8.580000000000000071e+00 -1.158453187179422139e+00 -1.228574908719476388e+00 1.380397692411828442e-02
8.589999999999999858e+00 -1.265294574229700819e+00 -1.351235314059043402e+00 1.231271462244830188e-02
8.599999999999999645e+00 -1.372537372622086416e+00 -1.473909787084259015e+00 1.083763555588679837e-02
8.609999999999999432e+00 -1.480296493308211225e+00 -1.595962271120624498e+00 9.379941513319745364e-03
8.620000000000000995e+00 -1.588583343770221923e+00 -1.716711251547151207e+00 7.940826333238344692e-03
8.630000000000000782e+00 -1.697270147041146426e+00 -1.835430597377501583e+00 6.521474284097831392e-03
8.640000000000000568e+00 -1.806061433369975155e+00 -1.951352531401591373e+00 5.123058439333590987e-03
8.650000000000000355e+00 -1.914474483499851498e+00 -2.063672767064841373e+00 3.746739049655626198e-03
8.660000000000000142e+00 -2.021830059953307668e+00 -2.171557771160997685e+00 2.393661915350631282e-03
8.669999999999999929e+00 -2.127254243029213843e+00 -2.274154033273649844e+00 1.064956761373730271e-03
8.679999999999999716e+00 -2.229691617569279138e+00 -2.370599148034518322e+00 -2.382643819415913855e-04
8.689999999999999503e+00 -2.327929464185354735e+00 -2.460034446906975703e+00 -1.514908789683936654e-03
8.700000000000001066e+00 -2.420632025348079530e+00 -2.541618854457855292e+00 -2.763904641768938093e-03
8.710000000000000853e+00 -2.506383373256168667e+00 -2.614543591881887341e+00 -3.984202608015599729e-03
8.720000000000000639e+00 -2.583736931765243217e+00 -2.678047309600913639e+00 -5.174777371758264126e-03
8.730000000000000426e+00 -2.651269324610940892e+00 -2.731431202514142509e+00 -6.334629056222655479e-03
8.740000000000000213e+00 -2.707635957788507852e+00 -2.774073647048623581e+00 -7.462785070505029324e-03
8.750000000000000000e+00 -2.751625610459101257e+00 -2.805443899312732192e+00 -8.558301626961525160e-03
8.759999999999999787e+00 -2.782211314616736431e+00 -2.825114408751008277e+00 -9.620264934184302730e-03
8.769999999999999574e+00 -2.798594950184679853e+00 -2.832771331665163483e+00 -1.064779273715482991e-02
8.779999999999999361e+00 -2.800243263031982899e+00 -2.828222873276171612e+00 -1.164003571891817843e-02
8.790000000000000924e+00 -2.786913415287339824e+00 -2.811405144661832001e+00 -1.259617886443267429e-02
8.800000000000000711e+00 -2.758666680455434506e+00 -2.782385290454167048e+00 -1.351544278378504112e-02
8.810000000000000497e+00 -2.715869474887325996e+00 -2.741361722716449290e+00 -1.439708499201367876e-02
8.820000000000000284e+00 -2.659181542596122050e+00 -2.688661383625627455e+00 -1.524040114284226123e-02
8.830000000000000071e+00 -2.589531750050871661e+00 -2.624734051790725609e+00 -1.604472621369502222e-02
8.839999999999999858e+00 -2.508082568260038947e+00 -2.550143801285166045e+00 -1.680943563942936467e-02
8.849999999999999645e+00 -2.416184888784952634e+00 -2.465557815607124503e+00 -1.753394639231956736e-02
8.859999999999999432e+00 -2.315325308423611173e+00 -2.371732847558861934e+00 -1.821771800587648760e-02
8.870000000000000995e+00 -2.207068398403454257e+00 -2.269499697223706924e+00 -1.886025354020323674e-02
8.880000000000000782e+00 -2.092996727746761820e+00 -2.159746150728117264e+00 -1.946110048670770046e-02
8.890000000000000568e+00 -1.974651523356690586e+00 -2.043398879478867780e+00 -2.001985161005302369e-02
8.900000000000000355e+00 -1.853476815012369494e+00 -1.921404840618639920e+00 -2.053614572535379657e-02
8.910000000000000142e+00 -1.730769733280766109e+00 -1.794712742599850142e+00 -2.100966840873593269e-02
8.919999999999999929e+00 -1.607639311459081011e+00 -1.664255143684494787e+00 -2.144015263949579711e-02
8.929999999999999716e+00 -1.484975705383897449e+00 -1.530931735159753337e+00 -2.182737937221598812e-02
8.939999999999999503e+00 -1.363431209988110959e+00 -1.395594325168801664e+00 -2.217117803732102446e-02
8.950000000000001066e+00 -1.243413846743905316e+00 -1.259033984106497694e+00 -2.247142696868589806e-02
8.960000000000000853e+00 -1.125093653197300592e+00 -1.121970740090770358e+00 -2.272805351362183757e-02
8.970000000000000639e+00 -1.008421158306123999e+00 -9.850461253860630650e-01 -2.294103489765079301e-02
8.980000000000000426e+00 -8.931569091096075441e-01 -8.488187747762886426e-01 -2.311039832966529234e-02
8.990000000000000213e+00 -7.789103576847440369e-01 -7.137631682733357463e-01 -2.323622053770417473e-02
9.000000000000000000e+00 -6.651859513950318936e-01 -5.802714971522695553e-01 -2.331862815403698552e-02
9.009999999999999787e+00 -5.514339182762282299e-01 -4.486585183641360608e-01 -2.335779768406226128e-02
9.019999999999999574e+00 -4.371030210641713709e-01 -3.191691522547335791e-01 -2.335395539610579316e-02
9.029999999999999361e+00 -3.216924787857058377e-01 -1.919884765241138547e-01 -2.330737713224190211e-02
9.040000000000000924e+00 -2.048003272637697603e-01 -6.725367957776297312e-02 -2.321838804003048193e-02
9.050000000000000711e+00 -8.616570474779107480e-02 5.493253747865822767e-02 -2.308736222521081891e-02
9.060000000000000497e+00 3.429710599686868616e-02 1.744876758562696195e-01 -2.291472232554094685e-02
9.070000000000000284e+00 1.564745915027705436e-01 2.913348702856151662e-01 -2.270093900612663376e-02
9.080000000000000071e+00 2.800410471529036771e-01 4.053886461383932605e-01 -2.244653037669060158e-02
9.089999999999999858e+00 4.044573130236394087e-01 5.165415991393640383e-01 -2.215206133143629574e-02
9.099999999999999645e+00 5.289811529128376488e-01 6.246525579461340572e-01 -2.181814281231027677e-02
9.109999999999999432e+00 6.526886089503977084e-01 7.295367313988263547e-01 -2.144543099654797752e-02
9.120000000000000995e+00 7.745050917190248185e-01 8.309582638531461951e-01 -2.103462640957378879e-02
9.130000000000000782e+00 8.932444657964779822e-01 9.286255267220766552e-01 -2.058647296447167069e-02
9.140000000000000568e+00 1.007653989404114103e+00 1.022189365903563463e+00 -2.010175692938178174e-02
9.150000000000000355e+00 1.116462685243903907e+00 1.111244407482405272e+00 -1.958130582432175693e-02
9.160000000000000142e+00 1.218430571847177957e+00 1.195333402683043333e+00 -1.902598724907351990e-02
9.169999999999999929e+00 1.312396177693727628e+00 1.273954472438590946e+00 -1.843670764391799888e-02
9.179999999999999716e+00 1.397319893134539859e+00 1.346570997047481288e+00 -1.781441098514035398e-02
9.189999999999999503e+00 1.472320979277228936e+00 1.412623791913276472e+00 -1.716007779089891508e-02
9.200000000000001066e+00 1.536706432848153003e+00 1.471545120585756372e+00 -1.647472302954978984e-02
9.210000000000000853e+00 1.589990379759982586e+00 1.522774024914326452e+00 -1.575939441671687230e-02
9.220000000000000639e+00 1.631903210799860116e+00 1.565772401989280693e+00 -1.501517165578203881e-02
9.230000000000000426e+00 1.662390250101240419e+00 1.600041230682926363e+00 -1.424316468413270101e-02
9.240000000000000213e+00 1.681600328635918462e+00 1.625136348019473154e+00 -1.344451190567532740e-02
9.250000000000000000e+00 1.689865188578349553e+00 1.640683197269256599e+00 -1.262037849522049289e-02
9.259999999999999787e+00 1.687671139510640961e+00 1.646390014507303157e+00 -1.177195465780613536e-02
9.269999999999999574e+00 1.675624796933551819e+00 1.642058986330487302e+00 -1.090045384604567888e-02
9.279999999999999361e+00 1.654415035215618168e+00 1.627594995517279708e+00 -1.000711093869997154e-02
9.290000000000000924e+00 1.624773464861918537e+00 1.603011669889131685e+00 -9.093180383780624654e-03
9.300000000000000711e+00 1.587435788720772178e+00 1.568434558133680934e+00 -8.159934309590610724e-03
9.310000000000000497e+00 1.543106301847776196e+00 1.524101370102760589e+00 -7.208660607225919267e-03
9.320000000000000284e+00 1.492427581126698710e+00 1.470359333127175372e+00 -6.240660988142714659e-03
9.330000000000000071e+00 1.435957076500345320e+00 1.407659825242286722e+00 -5.257249020450929441e-03
9.339999999999999858e+00 1.374151885317262289e+00 1.336550546186086708e+00 -4.259748147710401903e-03
9.349999999999999645e+00 1.307362489695375718e+00 1.257665573365131628e+00 -3.249489694081774196e-03
9.359999999999999432e+00 1.235835692703905142e+00 1.171713719084136907e+00 -2.227810859730846183e-03
9.370000000000000995e+00 1.159726433631218745e+00 1.079465654415456610e+00 -1.196052710449442731e-03
9.380000000000000782e+00 1.079117627258087353e+00 9.817402922968339052e-01 -1.555581655055378537e-04
9.390000000000000568e+00 9.940466872984804469e-01 8.793909269621399405e-01 8.923300122232104975e-04
9.400000000000000355e+00 9.045369874989473979e-01 7.732916088593486670e-01 1.946271219745710195e-03
9.410000000000000142e+00 8.106322083492968344e-01 6.643241950647544858e-01 3.004929006973248301e-03
9.419999999999999929e+00 7.124313302730647113e-01 5.533664571157316248e-01 4.066973255110447293e-03
9.429999999999999716e+00 6.101219761647566076e-01 4.412815542831886595e-01 5.131081947151882108e-03
9.439999999999999503e+00 5.040098805765749201e-01 3.289090944412385031e-01 6.195942713985654743e-03
9.450000000000001066e+00 3.945424656293072263e-01 2.170579112595694693e-01 7.260255101566430794e-03
9.460000000000000853e+00 2.823248235140866091e-01 1.065005901708571956e-01 8.322732640272204399e-03
9.470000000000000639e+00 1.681268243706754706e-01 -2.030318713120802566e-03 9.382104520494488273e-03
9.480000000000000426e+00 5.288056291624462085e-02 -1.078445501343482521e-01 1.043711739767688197e-02
9.490000000000000213e+00 -6.233210025394274323e-02 -2.102950615676432711e-01 1.148653715435637469e-02
9.500000000000000000e+00 -1.763015866668394271e-01 -3.087779469651843467e-01 1.252915061535067945e-02
9.509999999999999787e+00 -2.877213749778914087e-01 -4.027316575676987420e-01 1.356376721232034795e-02
9.519999999999999574e+00 -3.952261388840005996e-01 -4.916358845562689983e-01 1.458922059403257657e-02
9.529999999999999361e+00 -4.974354546547338218e-01 -5.750104606149798459e-01 1.560437017876263599e-02
9.540000000000000924e+00 -5.930009525145156779e-01 -6.524146183900788598e-01 1.660810264539060860e-02
9.550000000000000711e+00 -6.806545690411824889e-01 -7.234469043358748852e-01 1.759933335989017147e-02
9.560000000000000497e+00 -7.592554683538047522e-01 -7.877459885348163660e-01 1.857700773404593469e-02
9.570000000000000284e+00 -8.278332432844063282e-01 -8.449925377168012730e-01 1.954010251338955326e-02
9.580000000000000071e+00 -8.856251817078989452e-01 -8.949122336366729380e-01 2.048762699152088460e-02
9.589999999999999858e+00 -9.321056782098621207e-01 -9.372799265878813957e-01 2.141862414815660920e-02
9.599999999999999645e+00 -9.670062710427304031e-01 -9.719248189489357870e-01 2.233217170843961735e-02
9.609999999999999432e+00 -9.903252667787945107e-01 -9.987364812883017251e-01 2.322738312124180554e-02
9.620000000000000995e+00 -1.002326453556353636e+00 -1.017671418658607552e+00 2.410340845440388929e-02
9.630000000000000782e+00 -1.003526968593714264e+00 -1.028759831972145378e+00 2.495943520507388005e-02
9.640000000000000568e+00 -9.946749455565097042e-01 -1.032112162929712085e+00 2.579468902353453455e-02
9.650000000000000355e+00 -9.767180915725106605e-01 -1.027924974312095063e+00 2.660843433790173462e-02
9.660000000000000142e+00 -9.507648034125123493e-01 -1.016485703075265867e+00 2.739997484457434851e-02
9.669999999999999929e+00 -9.180398024655952449e-01 -9.981758331173069543e-01 2.816865404606566647e-02
9.679999999999999716e+00 -8.798365285622588017e-01 -9.734720681836213085e-01 2.891385567693267183e-02
9.689999999999999503e+00 -8.374686695405604286e-01 -9.429451423629539031e-01 2.963500391100377940e-02
9.700000000000001066e+00 -7.922232097528471018e-01 -9.072559840743131820e-01 3.033156354409155195e-02
9.710000000000000853e+00 -7.453172568393239272e-01 -8.671490463584622388e-01 3.100304008748957368e-02
9.720000000000000639e+00 -6.978606597035315051e-01 -8.234427277260791822e-01 3.164897977100741833e-02
9.730000000000000426e+00 -6.508260762167757951e-01 -7.770169290600589251e-01 3.226896945623417695e-02
9.740000000000000213e+00 -6.050277072758648567e-01 -7.287979178354762055e-01 3.286263646098639551e-02
9.750000000000000000e+00 -5.611094098253610607e-01 -6.797407955892150744e-01 3.342964829616087291e-02
9.759999999999999787e+00 -5.195423641339549370e-01 -6.308099824475128514e-01 3.396971231647399891e-02
9.769999999999999574e+00 -4.806319305841444400e-01 -5.829582380938377328e-01 3.448257528682589085e-02
9.779999999999999361e+00 -4.445328191575174670e-01 -5.371048267628565354e-01 3.496802286629498158e-02
9.790000000000000924e+00 -4.112712396720218933e-01 -4.941135002893485284e-01 3.542587901199345524e-02
9.800000000000000711e+00 -3.807723283451859841e-01 -4.547710144233094720e-01 3.585600530526264484e-02
9.810000000000000497e+00 -3.528908773543020239e-01 -4.197669071032296695e-01 3.625830020294181638e-02
9.820000000000000284e+00 -3.274432437371542770e-01 -3.896752519009820115e-01 3.663269821665136872e-02
9.830000000000000071e+00 -3.042382904293918777e-01 -3.649390554097117767e-01 3.697916902325412009e-02
9.839999999999999858e+00 -2.831053164149463508e-01 -3.458578952037192344e-01 3.729771650986619252e-02
9.849999999999999645e+00 -2.639171585039547518e-01 -3.325792976423793124e-01 3.758837775698564004e-02
9.859999999999999432e+00 -2.466069808173557421e-01 -3.250942358270959009e-01 3.785122196349208906e-02
9.870000000000000995e+00 -2.311776901012077834e-01 -3.232369920295584120e-01 3.808634931744207114e-02
9.880000000000000782e+00 -2.177034008560548295e-01 -3.266894812426568429e-01 3.829388980075579957e-02
9.890000000000000568e+00 -2.063228955579489710e-01 -3.349899790530845856e-01 3.847400176360761537e-02
9.900000000000000355e+00 -1.972255514585403158e-01 -3.475460439685827962e-01 3.862687118769911332e-02
9.910000000000000142e+00 -1.906307056734469763e-01 -3.636512778327414819e-01 3.875271028959653696e-02
9.919999999999999929e+00 -1.867618749509458165e-01 -3.825054339413733739e-01 3.885175566908149331e-02
9.929999999999999716e+00 -1.858176091432383881e-01 -4.032372663252317135e-01 3.892426723686567835e-02
9.939999999999999503e+00 -1.879410160216148373e-01 -4.249294200090107942e-01 3.897052682716398153e-02
9.950000000000001066e+00 -1.931901335450637303e-01 -4.466445945542736884e-01 3.899083679187398399e-02
9.960000000000000853e+00 -2.015113346294011287e-01 -4.674521743776836047e-01 3.898551858112707380e-02
9.970000000000000639e+00 -2.127178268201866673e-01 -4.864545105081760079e-01 3.895491131498166754e-02
9.980000000000000426e+00 -2.264750604804510181e-01 -5.028120596290487354e-01 3.889937035101567742e-02
9.990000000000000213e+00 -2.422944968219898909e-01 -5.157666361934658550e-01 3.881926585254408951e-02
1.000000000000000000e+01 -2.595367305524393653e-01 -5.246621096502228632e-01 3.871507532829076420e-02
1.000999999999999979e+01 -2.774244358199104421e-01 -5.289619778346813517e-01 3.857942195603824426e-02
1.001999999999999957e+01 -2.950650374268123377e-01 -5.282633649207461035e-01 3.842814819177445967e-02
1.002999999999999936e+01 -3.114824334591642097e-01 -5.223071228479437833e-01 3.825389991821078611e-02
1.004000000000000092e+01 -3.256565428925206618e-01 -5.109838532309396442e-01 3.805709878770269228e-02
1.005000000000000071e+01 -3.365689538037289763e-01 -4.943358066291995145e-01 3.783817307445420941e-02
1.006000000000000050e+01 -3.432525332619565384e-01 -4.725547519753786063e-01 3.759755638347332674e-02
1.007000000000000028e+01 -3.448425532156856876e-01 -4.459760355371201745e-01 3.733568639324304911e-02
1.008000000000000007e+01 -3.406267064794459287e-01 -4.150691611957477711e-01 3.705300363573035133e-02
1.008999999999999986e+01 -3.300913452502777234e-01 -3.804253180271248147e-01 3.674995031718023691e-02
1.009999999999999964e+01 -3.129613759890916280e-01 -3.427423540780041300e-01 3.642696918295668107e-02
1.010999999999999943e+01 -2.892314857717543930e-01 -3.028077448329812293e-01 3.608450242949280684e-02
1.012000000000000099e+01 -2.591867455057964009e-01 -2.614801302919459447e-01 3.572299066620637786e-02
1.013000000000000078e+01 -2.234111167897678274e-01 -2.196699961074750074e-01 3.534287193001706129e-02
1.014000000000000057e+01 -1.827829575776492022e-01 -1.783200532543990080e-01 3.494458075487626852e-02
1.015000000000000036e+01 -1.384572482288619066e-01 -1.383858296151347922e-01 3.452854729848608278e-02
1.016000000000000014e+01 -9.183491165766548281e-02 -1.008169289188153850e-01 3.409519652814227419e-02
1.016999999999999993e+01 -4.452024520731286128e-02 -6.653934159488145150e-02 3.364494746739044723e-02
1.017999999999999972e+01 1.731916173459747445e-03 -3.643911266987008568e-02 3.317821250493270535e-02
1.018999999999999950e+01 4.507715761070320987e-02 -1.134758844127779776e-02 3.269539676696724129e-02
1.020000000000000107e+01 8.364798843772547343e-02 7.971619133812210545e-03 3.219689755388678576e-02
1.021000000000000085e+01 1.156230163002743561e-01 2.083388930199499972e-02 3.168310384200165308e-02
1.022000000000000064e+01 1.392957535038099326e-01 2.664307880333285569e-02 3.115439585069563685e-02
1.023000000000000043e+01 1.531400064455072652e-01 2.489930314905918970e-02 3.061114467516263746e-02
1.024000000000000021e+01 1.558689385519342607e-01 1.520512172042876725e-02 3.005371198461646853e-02
1.025000000000000000e+01 1.464851810145773592e-01 -2.729736678584507997e-03 2.948244978561101112e-02
1.025999999999999979e+01 1.243197795360417718e-01 -2.908495922323446267e-02 2.889770024985742827e-02
1.026999999999999957e+01 8.905828824807460187e-02 -6.392740009576587668e-02 2.829979560567959934e-02
1.027999999999999936e+01 4.075292726354175915e-02 -1.072098687430173003e-01 2.768905809200800788e-02
1.029000000000000092e+01 -2.017962293430757004e-02 -1.587708551943614599e-01 2.706579997357919445e-02
1.030000000000000071e+01 -9.297454238330750409e-02 -2.183351287400488172e-01 2.643032361578144182e-02
1.031000000000000050e+01 -1.765484016369878728e-01 -2.855151874466990147e-01 2.578292161737050225e-02
1.032000000000000028e+01 -2.695403860921844474e-01 -3.598135780639636350e-01 2.512387699907079816e-02
1.033000000000000007e+01 -3.703631715619918885e-01 -4.406261450070476093e-01 2.445346344588048698e-02
1.033999999999999986e+01 -4.772609861831769718e-01 -5.272462996284204007e-01 2.377194560071227772e-02
1.034999999999999964e+01 -5.883720989316945094e-01 -6.188704236774114076e-01 2.307957940682832040e-02
1.035999999999999943e+01 -7.017928209697691377e-01 -7.146045310613552415e-01 2.237661249636546321e-02
1.037000000000000099e+01 -8.156400990877418211e-01 -8.134723079205926632e-01 2.166328462209969954e-02
1.038000000000000078e+01 -9.281099192432313849e-01 -9.144246316712003608e-01 2.093982812946459243e-02
1.039000000000000057e+01 -1.037529013673445188e+00 -1.016350635093137056e+00 2.020646846571836838e-02
1.040000000000000036e+01 -1.142397761253728827e+00 -1.118090332786984442e+00 1.946342472305034182e-02
1.041000000000000014e+01 -1.241422665564240857e+00 -1.218448766393878113e+00 1.871091021232635515e-02
1.041999999999999993e+01 -1.333537361467231008e+00 -1.316211554749109780e+00 1.794913306409925968e-02
1.042999999999999972e+01 -1.417911708440546148e+00 -1.410161659232589182e+00 1.717829685345020896e-02
1.043999999999999950e+01 -1.493949145238905984e+00 -1.499097097150484892e+00 1.639860124518292134e-02
1.045000000000000107e+01 -1.561273073410296419e+00 -1.581849261524056471e+00 1.561024265586365492e-02
1.046000000000000085e+01 -1.619703576207317086e+00 -1.657301438754828382e+00 1.481341492918586411e-02
1.047000000000000064e+01 -1.669226237218474074e+00 -1.724407060696520055e+00 1.400831002113926693e-02
1.048000000000000043e+01 -1.709955177020061390e+00 -1.782207188696483646e+00 1.319511869147842881e-02
1.049000000000000021e+01 -1.742092659585848358e+00 -1.829846707527222449e+00 1.237403119801560106e-02
1.050000000000000000e+01 -1.765887723027821377e+00 -1.866588709312706929e+00 1.154523799030593434e-02
1.050999999999999979e+01 -1.781596258537771149e+00 -1.891826573045565452e+00 1.070893039935007923e-02
1.051999999999999957e+01 -1.789444801401760765e+00 -1.905093294434422102e+00 9.865301320009001868e-03
1.052999999999999936e+01 -1.789600019769965966e+00 -1.906067692763550037e+00 9.014545882907976440e-03
1.054000000000000092e+01 -1.782145507751701441e+00 -1.894577214140922505e+00 8.156862112700868570e-03
1.055000000000000071e+01 -1.767067031787469267e+00 -1.870597160771932055e+00 7.292451569671312001e-03
1.056000000000000050e+01 -1.744246869408227818e+00 -1.834246299527523494e+00 6.421519971763061177e-03
1.057000000000000028e+01 -1.713467346099635247e+00 -1.785778935042590554e+00 5.544277794258101362e-03
1.058000000000000007e+01 -1.674423148518296545e+00 -1.725573667234219677e+00 4.660940844456042120e-03
1.058999999999999986e+01 -1.626741499424387838e+00 -1.654119184465079995e+00 3.771730808852087353e-03
1.059999999999999964e+01 -1.570008847711110267e+00 -1.571997565518589601e+00 2.876875770462498146e-03
1.060999999999999943e+01 -1.503802378389253347e+00 -1.479865670244270737e+00 1.976610694104618138e-03
1.062000000000000099e+01 -1.427724399959845014e+00 -1.378435284830435092e+00 1.071177877603295570e-03
1.063000000000000078e+01 -1.341437532103744390e+00 -1.268452748605379155e+00 1.608273670654758849e-04
1.064000000000000057e+01 -1.244698600479792416e+00 -1.150678821517684636e+00 -7.541826654609245888e-04
1.065000000000000036e+01 -1.137389246520961850e+00 -1.025869552676520247e+00 -1.673585583449525025e-03
1.066000000000000014e+01 -1.019541470894012924e+00 -8.947588795755707647e-01 -2.597105987804227464e-03
1.066999999999999993e+01 -8.913566362708987834e-01 -7.580436253439476468e-01 -3.524459460356058581e-03
1.067999999999999972e+01 -7.532168396857571446e-01 -6.163714694728232857e-01 -4.455352349906096382e-03
1.068999999999999950e+01 -6.056880044548362818e-01 -4.703323492521773175e-01 -5.389481601588201783e-03
1.070000000000000107e+01 -4.495145111497195201e-01 -3.204536091742344883e-01 -6.326534630141644570e-03
1.071000000000000085e+01 -2.856056598929136991e-01 -1.671990594507900552e-01 -7.266189237501610547e-03
1.072000000000000064e+01 -1.150147059436023578e-01 -1.097193901907508699e-02 -8.208113574935569159e-03
1.073000000000000043e+01 6.108838752980178671e-02 1.478783900021076458e-01 -9.151966149776461293e-03
1.074000000000000021e+01 2.414490031465049147e-01 3.090463532315075312e-01 -1.009739587663058442e-02
1.075000000000000000e+01 4.247630077309733077e-01 4.722571691248160231e-01 -1.104404217276907033e-02
1.075999999999999979e+01 6.097131078512911806e-01 6.372515704589363228e-01 -1.199153509724810301e-02
1.076999999999999957e+01 7.950045154105864764e-01 8.037689731752810651e-01 -1.293949553314483088e-02
1.077999999999999936e+01 9.793980839897342694e-01 9.715299026477419719e-01 -1.388753541214390527e-02
1.079000000000000092e+01 1.161739246537305537e+00 1.140218533047057337e+00 -1.483525798056402160e-02
1.080000000000000071e+01 1.340981346336583835e+00 1.309466205209142142e+00 -1.578225810577563171e-02
1.081000000000000050e+01 1.516202290318821699e+00 1.478836761437954950e+00 -1.672812262182990853e-02
1.082000000000000028e+01 1.686613847088664686e+00 1.647814472732377133e+00 -1.767243071299595333e-02
1.083000000000000007e+01 1.851563338957913363e+00 1.815795237339392854e+00 -1.861475433378845593e-02
1.083999999999999986e+01 2.010527913703989977e+00 1.982081603095726008e+00 -1.955465866396092697e-02
1.084999999999999964e+01 2.163102003280393593e+00 2.145882014835237328e+00 -2.049170259684209017e-02
1.085999999999999943e+01 2.308978959983376100e+00 2.306314518411926695e+00 -2.142543925930364204e-02
1.087000000000000099e+01 2.447928184643300309e+00 2.462414971645039419e+00 -2.235541656156725052e-02
1.088000000000000078e+01 2.579769308752580148e+00 2.613149627277068010e+00 -2.328117777498762628e-02
1.089000000000000057e+01 2.704345149940167392e+00 2.757431771577787405e+00 -2.420226213588581865e-02
1.090000000000000036e+01 2.821495219785793651e+00 2.894141932106647275e+00 -2.511820547345388482e-02
1.091000000000000014e+01 2.931031522006141810e+00 3.022151016458601624e+00 -2.602854085970668363e-02
1.091999999999999993e+01 3.032718240425546607e+00 3.140345616871190071e+00 -2.693279927942066748e-02
1.092999999999999972e+01 3.126256688058118627e+00 3.247654618608194710e+00 -2.783051031797106889e-02
1.093999999999999950e+01 3.211276584064036044e+00 3.343076187017321566e+00 -2.872120286495793637e-02
1.095000000000000107e+01 3.287334361332118871e+00 3.425704181597570841e+00 -2.960440583149864802e-02
1.096000000000000085e+01 3.353918804090378902e+00 3.494753056269183755e+00 -3.047964887905744991e-02
1.097000000000000064e+01 3.410463894325969747e+00 3.549580352701911412e+00 -3.134646315768255947e-02
1.098000000000000043e+01 3.456368330721247606e+00 3.589705975875424393e+00 -3.220438205152752198e-02
1.099000000000000021e+01 3.491020796625480038e+00 3.614827554441210733e+00 -3.305294192954383314e-02
1.100000000000000000e+01 3.513829714947312777e+00 3.624831328092775529e+00 -3.389168289924934796e-02
1.100999999999999979e+01 3.524255955692699338e+00 3.619798164161204479e+00 -3.472014956149755555e-02
1.101999999999999957e+01 3.521846770431838358e+00 3.600004479400159330e+00 -3.553789176419924062e-02
1.102999999999999936e+01 3.506269127126147023e+00 3.565918023301290152e+00 -3.634446535297781999e-02
1.104000000000000092e+01 3.477340613502557520e+00 3.518188659023596010e+00 -3.713943291677465619e-02
1.105000000000000071e+01 3.435056167501493452e+00 3.457634450020558248e+00 -3.792236452645861983e-02
1.106000000000000050e+01 3.379609074240067290e+00 3.385223518057845382e+00 -3.869283846453648590e-02
1.107000000000000028e+01 3.311404930767278376e+00 3.302052275617377575e+00 -3.945044194410673305e-02
1.108000000000000007e+01 3.231067608905370925e+00 3.209320747738612312e+00 -4.019477181524783171e-02
1.108999999999999986e+01 3.139436625625737776e+00 3.108305781375081178e+00 -4.092543525708510627e-02
1.109999999999999964e+01 3.037555740275163174e+00 3.000332991860293230e+00 -4.164205045383404663e-02
1.110999999999999943e+01 2.926653017788543032e+00 2.886748314968459628e+00 -4.234424725317687682e-02
1.112000000000000099e+01 2.808113005783136273e+00 2.768890019589355322e+00 -4.303166780538695418e-02
1.113000000000000078e+01 2.683442050943328994e+00 2.648061991809795401e+00 -4.370396718167895295e-02
1.114000000000000057e+01 2.554228108027184252e+00 2.525509029024689323e+00 -4.436081397032375084e-02
1.115000000000000036e+01 2.422096657552661014e+00 2.402394786466959697e+00 -4.500189084913247539e-02
1.116000000000000014e+01 2.288664533615542229e+00 2.279782902984237580e+00 -4.562689513297845528e-02
1.116999999999999993e+01 2.155493563237036003e+00 2.158621703359691502e+00 -4.623553929509115895e-02
1.117999999999999972e+01 2.024045929355147155e+00 2.039732736699828131e+00 -4.682755146092276721e-02
1.118999999999999950e+01 1.895643091711265438e+00 1.923803270220882489e+00 -4.740267587345396716e-02
1.120000000000000107e+01 1.771429938394520454e+00 1.811382720827195092e+00 -4.796067332887214013e-02
1.121000000000000085e+01 1.652345604594120054e+00 1.702882878458450433e+00 -4.850132158162114709e-02
1.122000000000000064e+01 1.539102096493051297e+00 1.598581659938441035e+00 -4.902441571788929836e-02
1.123000000000000043e+01 1.432171512261231072e+00 1.498630033839065900e+00 -4.952976849666790998e-02
1.124000000000000021e+01 1.331782275725474918e+00 1.403061678597704365e+00 -5.001721065758042706e-02
1.125000000000000000e+01 1.237924409505038126e+00 1.311804879689505432e+00 -5.048659119474797202e-02
1.125999999999999979e+01 1.150363491327524246e+00 1.224696137894412340e+00 -5.093777759602535066e-02
1.126999999999999957e+01 1.068662577260493185e+00 1.141494949402333869e+00 -5.137065604700881416e-02
1.127999999999999936e+01 9.922110545264211101e-01 1.061899228476430590e+00 -5.178513159928393311e-02
1.129000000000000092e+01 9.202591179643332397e-01 9.855608725752454946e-01 -5.218112830245200118e-02
1.130000000000000071e+01 8.519563587722627229e-01 9.121010154181445895e-01 -5.255858929954058956e-02
1.131000000000000050e+01 7.863928193738680683e-01 8.411245721034995571e-01 -5.291747688547517037e-02
1.132000000000000028e+01 7.226408080798195632e-01 7.722337483251986434e-01 -5.325777252835751235e-02
1.133000000000000007e+01 6.597957820901376724e-01 7.050402590823995341e-01 -5.357947685336940380e-02
1.133999999999999986e+01 5.970146943142468077e-01 6.391760771744661174e-01 -5.388260958919043747e-02
1.134999999999999964e+01 5.335503523159781381e-01 5.743026045730691420e-01 -5.416720947689303983e-02
1.135999999999999943e+01 4.687805475258934873e-01 5.101182272124467065e-01 -5.443333414135075737e-02
1.137000000000000099e+01 4.022309685846582328e-01 4.463642731142221654e-01 -5.468105992527042686e-02
1.138000000000000078e+01 3.335912015566835920e-01 3.828294429823928535e-01 -5.491048168603553797e-02
1.139000000000000057e+01 2.627234280794439880e-01 3.193528200940683459e-01 -5.512171255562370309e-02
1.140000000000000036e+01 1.896637462887476311e-01 2.558255918393516071e-01 -5.531488366393987749e-02
1.141000000000000014e+01 1.146163449142075796e-01 1.921916287264774370e-01 -5.549014382598579237e-02
1.141999999999999993e+01 3.794104553867354984e-02 1.284470688454478482e-01 -5.564765919336583933e-02
1.142999999999999972e+01 -3.986501962601107091e-02 6.463904805483970673e-02 -5.578761287071135749e-02
1.143999999999999950e+01 -1.181906163891980055e-01 8.637003921837388409e-04 -5.591020449768807632e-02
1.145000000000000107e+01 -1.963373637700696617e-01 -6.273646836397858695e-02 -5.601564979733424793e-02
1.146000000000000085e+01 -2.735491877154288543e-01 -1.259757559932830340e-01 -5.610418009156246943e-02
1.147000000000000064e+01 -3.490429732842669774e-01 -1.886289358182024478e-01 -5.617604178474335658e-02
1.148000000000000043e+01 -4.220391191633972028e-01 -2.504353974717407061e-01 -5.623149581637591071e-02
1.149000000000000021e+01 -4.917907558866086437e-01 -3.111037491029564617e-01 -5.627081708393566473e-02
1.150000000000000000e+01 -5.576104957227536740e-01 -3.703168886897130196e-01 -5.629429383707993534e-02
1.150999999999999979e+01 -6.188937315770447478e-01 -4.277375602241902941e-01 -5.630222704447474663e-02
1.151999999999999957e+01 -6.751376866612074368e-01 -4.830144108592456242e-01 -5.629492973459686300e-02
1.152999999999999936e+01 -7.259556273007059524e-01 -5.357885573580722927e-01 -5.627272631194770586e-02
1.154000000000000092e+01 -7.710858785538267091e-01 -5.857006546483684017e-01 -5.623595185020224818e-02
1.155000000000000071e+01 -8.103955165296614638e-01 -6.323984367605932633e-01 -5.618495136389731887e-02
1.156000000000000050e+01 -8.438788427239414247e-01 -6.755446722304918605e-01 -5.612007906034501004e-02
1.157000000000000028e+01 -8.716509651079334953e-01 -7.148254438783864240e-01 -5.604169757353420073e-02
1.158000000000000007e+01 -8.939370096450252046e-01 -7.499586287553687836e-01 -5.595017718185801847e-02
1.158999999999999986e+01 -9.110576569435356875e-01 -7.807024201699173105e-01 -5.584589501157628810e-02
1.159999999999999964e+01 -9.234118357181113623e-01 -8.068637023380194062e-01 -5.572923422798876231e-02
1.160999999999999943e+01 -9.314575028839068294e-01 -8.283060615281242489e-01 -5.560058321635807932e-02
1.162000000000000099e+01 -9.356914962555359372e-01 -8.449571975999247142e-01 -5.546033475467892354e-02
1.163000000000000078e+01 -9.366294583811147767e-01 -8.568154882608250977e-01 -5.530888518044303759e-02
1.164000000000000057e+01 -9.347867990614060485e-01 -8.639554564852438556e-01 -5.514663355359619712e-02
1.165000000000000036e+01 -9.306615912378982669e-01 -8.665319001882118011e-01 -5.497398081792551766e-02
1.166000000000000014e+01 -9.247201833722762387e-01 -8.647824627257574281e-01 -5.479132896314929668e-02
1.166999999999999993e+01 -9.173861658033222177e-01 -8.590284528811897857e-01 -5.459908019001084162e-02
1.167999999999999972e+01 -9.090331547562289227e-01 -8.496737629281964077e-01 -5.439763608069827366e-02
1.168999999999999950e+01 -8.999816626970538191e-01 -8.372017818817161228e-01 -5.418739677692647333e-02
1.170000000000000107e+01 -8.905001154600178381e-01 -8.221702564619789433e-01 -5.396876016802362730e-02
1.171000000000000085e+01 -8.808098635558030409e-01 -8.052041125560658319e-01 -5.374212109136260879e-02
1.172000000000000064e+01 -8.710938261904652702e-01 -7.869863127569397543e-01 -5.350787054746746624e-02
1.173000000000000043e+01 -8.615082107490267260e-01 -7.682468884354468619e-01 -5.326639493210670595e-02
1.174000000000000021e+01 -8.521965765406723792e-01 -7.497503452664774359e-01 -5.301807528765677818e-02
1.175000000000000000e+01 -8.433053676007751243e-01 -7.322816967784689934e-01 -5.276328657598363531e-02
1.175999999999999979e+01 -8.349999325318925303e-01 -7.166314291097178879e-01 -5.250239697504330283e-02
1.176999999999999957e+01 -8.274799857440106043e-01 -7.035797398098944111e-01 -5.223576720134864848e-02
1.177999999999999936e+01 -8.209934485009795502e-01 -6.938804226684450738e-01 -5.196374986038383714e-02
1.179000000000000092e+01 -8.158476425769222162e-01 -6.882447880680098162e-01 -5.168668882697609324e-02
1.180000000000000071e+01 -8.124168947500891580e-01 -6.873260136141523535e-01 -5.140491865754998058e-02
1.181000000000000050e+01 -8.111457453257729933e-01 -6.917043126434947453e-01 -5.111876403609855180e-02
1.182000000000000028e+01 -8.125471346714490117e-01 -7.018732890137580060e-01 -5.082853925560446018e-02
1.183000000000000007e+01 -8.171951624321818208e-01 -7.182278161488337975e-01 -5.053454773653499182e-02
1.183999999999999986e+01 -8.257122666423662993e-01 -7.410537378840226230e-01 -5.023708158391606421e-02
1.184999999999999964e+01 -8.387509444440084394e-01 -7.705196398161612281e-01 -4.993642118436530247e-02
1.185999999999999943e+01 -8.569704210807007616e-01 -8.066708844680618995e-01 -4.963283484432925302e-02
1.187000000000000099e+01 -8.810089566316957610e-01 -8.494260436679786919e-01 -4.932657847063012801e-02
1.188000000000000078e+01 -9.114527473045890282e-01 -8.985757992555339912e-01 -4.901789529427778153e-02
1.189000000000000057e+01 -9.488026166657824723e-01 -9.537843206874646595e-01 -4.870701563835014986e-02
1.190000000000000036e+01 -9.934398891414231159e-01 -1.014593067372040469e+00 -4.839415673058462819e-02
1.191000000000000014e+01 -1.045592981831284574e+00 -1.080426906484174943e+00 -4.807952256115822359e-02
1.191999999999999993e+01 -1.105306331306934231e+00 -1.150602385242120107e+00 -4.776330378596574389e-02
1.192999999999999972e+01 -1.172413282162606318e+00 -1.224337951510776845e+00 -4.744567767553210108e-02
1.193999999999999950e+01 -1.246514499084432348e+00 -1.300765879160628025e+00 -4.712680810951958704e-02
1.195000000000000107e+01 -1.326963322825741143e+00 -1.378945625535397346e+00 -4.680684561661369036e-02
1.196000000000000085e+01 -1.412859274988706559e+00 -1.457878327999548196e+00 -4.648592745939231219e-02
1.197000000000000064e+01 -1.503050632837218181e+00 -1.536522134849374721e+00 -4.616417776360449282e-02
1.198000000000000043e+01 -1.596146652995988680e+00 -1.613808062574281887e+00 -4.584170769110576527e-02
1.199000000000000021e+01 -1.690539634646812450e+00 -1.688656075977378990e+00 -4.551861565552144800e-02
1.200000000000000000e+01 -1.784436594413289834e+00 -1.759991099218435107e+00 -4.519498757953299695e-02
1.200999999999999979e+01 -1.875899894507457422e+00 -1.826758683474962952e+00 -4.487089719251253356e-02
1.201999999999999957e+01 -1.962895742387756881e+00 -1.887940079567735685e+00 -4.454640636706175272e-02
1.203000000000000114e+01 -2.043349084280567052e+00 -1.942566490450988947e+00 -4.422156549284927962e-02
1.204000000000000092e+01 -2.115203066262327347e+00 -1.989732307808668388e+00 -4.389641388598431587e-02
1.205000000000000071e+01 -2.176480953691160014e+00 -2.028607168052900533e+00 -4.357098023201236292e-02
1.206000000000000050e+01 -2.225348198833321689e+00 -2.058446694796761012e+00 -4.324528306047736165e-02
1.207000000000000028e+01 -2.260172240570709423e+00 -2.078601826485874327e+00 -4.291933124885848050e-02
1.208000000000000007e+01 -2.279577618126492400e+00 -2.088526658565097449e+00 -4.259312455356422528e-02
1.208999999999999986e+01 -2.282494087213888356e+00 -2.087784758705974575e+00 -4.226665416555015764e-02
1.209999999999999964e+01 -2.268195641255451811e+00 -2.076053940742131676e+00 -4.193990328801976836e-02
1.210999999999999943e+01 -2.236328656471009868e+00 -2.053129507696347389e+00 -4.161284773357312727e-02
1.212000000000000099e+01 -2.186927786658644290e+00 -2.018925996393000855e+00 -4.128545653808367993e-02
1.213000000000000078e+01 -2.120418715547410127e+00 -1.973477475489260113e+00 -4.095769258851264527e-02
1.214000000000000057e+01 -2.037607411609410057e+00 -1.916936465263342271e+00 -4.062951326180902489e-02
1.215000000000000036e+01 -1.939656098725259348e+00 -1.849571561163746214e+00 -4.030087107199971375e-02
1.216000000000000014e+01 -1.828046730299854206e+00 -1.771763853988037596e+00 -3.997171432253784212e-02
1.216999999999999993e+01 -1.704533307387291696e+00 -1.684002247690635556e+00 -3.964198776096009014e-02
1.217999999999999972e+01 -1.571084886330801123e+00 -1.586877781303108748e+00 -3.931163323289601358e-02
1.218999999999999950e+01 -1.429821553094562825e+00 -1.481077064389025866e+00 -3.898059033248101046e-02
1.220000000000000107e+01 -1.282945977421559913e+00 -1.367374935965293137e+00 -3.864879704624570728e-02
1.221000000000000085e+01 -1.132673381796670320e+00 -1.246626455039138159e+00 -3.831619038758980050e-02
1.222000000000000064e+01 -9.811628546113535521e-01 -1.119758326998866904e+00 -3.798270701899723878e-02
1.223000000000000043e+01 -8.304528965099220450e-01 -9.877598642590519340e-01 -3.764828385921248355e-02
1.224000000000000021e+01 -6.824039126811335398e-01 -8.516735720480208549e-01 -3.731285867267238043e-02
1.225000000000000000e+01 -5.386500575570402072e-01 -7.125854413464260961e-01 -3.697637063857721340e-02
1.225999999999999979e+01 -4.005624142709178215e-01 -5.716150211145329951e-01 -3.663876089708533595e-02
1.226999999999999957e+01 -2.692249676988270890e-01 -4.299053315235534800e-01 -3.629997307022805875e-02
1.228000000000000114e+01 -1.454242307006111123e-01 -2.886126694373312151e-01 -3.595995375526670618e-02
1.229000000000000092e+01 -2.965273628592658348e-02 -1.488963474319896785e-01 -3.561865298834832744e-02
1.230000000000000071e+01 7.787405518808292182e-02 -1.190839878557253123e-02 -3.527602467646264589e-02
1.231000000000000050e+01 1.771885326275086658e-01 1.212167262788616806e-01 -3.493202699585779003e-02
1.232000000000000028e+01 2.685310935050373993e-01 2.493724526694645338e-01 -3.458662275523727986e-02
1.233000000000000007e+01 3.523019064526972666e-01 3.714903424261659648e-01 -3.423977972223257032e-02
1.233999999999999986e+01 4.290069140924444024e-01 4.865503070180156597e-01 -3.389147091182623944e-02
1.234999999999999964e+01 4.992010018480367295e-01 5.935907455002845667e-01 -3.354167483558700980e-02
1.235999999999999943e+01 5.634314035869180115e-01 6.917185755602264230e-01 -3.319037571077087384e-02
1.237000000000000099e+01 6.221844072189518515e-01 7.801191122691963908e-01 -3.283756362853924859e-02
1.238000000000000078e+01 6.758382612799859190e-01 8.580657337362893600e-01 -3.248323468074645198e-02
1.239000000000000057e+01 7.246248732963395112e-01 9.249292543226161900e-01 -3.212739104495249826e-02
1.240000000000000036e+01 7.686024462094688259e-01 9.801869053568491585e-01 -3.177004102752269826e-02
1.241000000000000014e+01 8.076406412007275382e-01 1.023430801344880736e+00 -3.141119906488156616e-02
1.241999999999999993e+01 8.414192108053782926e-01 1.054375747638556238e+00 -3.105088568319371370e-02
1.242999999999999972e+01 8.694403469112862437e-01 1.072866224726901629e+00 -3.068912741694868399e-02
1.243999999999999950e+01 8.910542689656371085e-01 1.078882366149299443e+00 -3.032595668712697798e-02
1.245000000000000107e+01 9.054968747741893864e-01 1.072544732956720592e+00 -2.996141163982205327e-02
1.246000000000000085e+01 9.119376255784129581e-01 1.054117679087708925e+00 -2.959553594638433469e-02
1.247000000000000064e+01 9.095352722879824769e-01 1.024011100297146371e+00 -2.922837856634041484e-02
1.248000000000000043e+01 8.974985804618246243e-01 9.827803655102583802e-01 -2.885999347451842501e-02
1.249000000000000021e+01 8.751489019129489177e-01 9.311242445443429494e-01 -2.849043935398311647e-02
1.250000000000000000e+01 8.419812878138891454e-01 8.698806705909745141e-01 -2.811977925654595561e-02
1.250999999999999979e+01 7.977208512091851222e-01 8.000202098415496454e-01 -2.774808023276959315e-02
1.251999999999999957e+01 7.423712668062960596e-01 7.226371539018059398e-01 -2.737541293352929034e-02
1.253000000000000114e+01 6.762526352037943056e-01 6.389382024585522624e-01 -2.700185118532660508e-02
1.254000000000000092e+01 6.000264215082363739e-01 5.502287628628558247e-01 -2.662747154167239769e-02
1.255000000000000071e+01 5.147057813252797764e-01 4.578969582724333187e-01 -2.625235281296627379e-02
1.256000000000000050e+01 4.216502808225224830e-01 3.633955047531177152e-01 -2.587657557739748634e-02
1.257000000000000028e+01 3.225447675702555195e-01 2.682216879466394754e-01 -2.550022167547734073e-02
1.258000000000000007e+01 2.193629177291328836e-01 1.738957389946852727e-01 -2.512337369088625191e-02
1.258999999999999986e+01 1.143167342787723001e-01 8.193797464572800948e-02 -2.474611442037739223e-02
1.259999999999999964e+01 9.793962622607831417e-03 -6.154874894293175386e-03 -2.436852633552478997e-02
1.260999999999999943e+01 -9.171401088422943826e-02 -8.893367744353580795e-02 -2.399069103913632414e-02
1.262000000000000099e+01 -1.876907354804640549e-01 -1.650207391044939687e-01 -2.361268871917015025e-02
1.263000000000000078e+01 -2.756763760391922613e-01 -2.331329389869036817e-01 -2.323459760299766141e-02
1.264000000000000057e+01 -3.533489589920714713e-01 -2.921036158793927640e-01 -2.285649341484774152e-02
1.265000000000000036e+01 -4.186016523603460771e-01 -3.409026728885068414e-01 -2.247844883924296142e-02
1.266000000000000014e+01 -4.696127253725602135e-01 -3.786543918871922432e-01 -2.210053299320350120e-02
1.266999999999999993e+01 -5.049051726314113253e-01 -4.046524926335985373e-01 -2.172281090994393135e-02
1.267999999999999972e+01 -5.233934720467932067e-01 -4.183720308614811700e-01 -2.134534303672656896e-02
1.268999999999999950e+01 -5.244155499821782085e-01 -4.194778040601010449e-01 -2.096818474945950569e-02
1.270000000000000107e+01 -5.077487204400389365e-01 -4.078290209741292083e-01 -2.059138588654184018e-02
1.271000000000000085e+01 -4.736091124049922052e-01 -3.834800884134905163e-01 -2.021499030435961602e-02
1.272000000000000064e+01 -4.226348628836223975e-01 -3.466774736437331916e-01 -1.983903545672847241e-02
1.273000000000000043e+01 -3.558540943767020126e-01 -2.978527089431989294e-01 -1.946355200045917985e-02
1.274000000000000021e+01 -2.746393775796398540e-01 -2.376117131513320879e-01 -1.908856342909584156e-02
1.275000000000000000e+01 -1.806509694877671823e-01 -1.667207094004250489e-01 -1.871408573673888007e-02
1.275999999999999979e+01 -7.577158533978767263e-02 -8.608911500166516184e-02 -1.834012711372152993e-02
1.276999999999999957e+01 3.796421191865177042e-02 3.250134848507359869e-03 -1.796668767575732364e-02
1.278000000000000114e+01 1.584427529623315956e-01 1.001622963879641171e-01 -1.759375922801907632e-02
1.279000000000000092e+01 2.835428776488567171e-01 2.034339718236056471e-01 -1.722132506544694561e-02
1.280000000000000071e+01 4.112033238712445304e-01 3.117970854564570127e-01 -1.684935981041686334e-02
1.281000000000000050e+01 5.394830938530430497e-01 4.239530421172181818e-01 -1.647782928872937661e-02
1.282000000000000028e+01 6.666124379856388504e-01 5.385964336990931578e-01 -1.610669044470613639e-02
1.283000000000000007e+01 7.910326379013595810e-01 6.544376851492054170e-01 -1.573589129600543382e-02
1.283999999999999986e+01 9.114233873902738425e-01 7.702240763787184807e-01 -1.536537092859213693e-02
1.284999999999999964e+01 1.026717228237072232e+00 8.847586394629575191e-01 -1.499505953212063383e-02
1.285999999999999943e+01 1.136101162745803528e+00 9.969165088567168986e-01 -1.462487847581321436e-02
1.287000000000000099e+01 1.239006200663357982e+00 1.105658393217480606e+00 -1.425474042474215997e-02
1.288000000000000078e+01 1.335086172685631567e+00 1.210040937442679487e+00 -1.388454949625150467e-02
1.289000000000000057e+01 1.424187627006971990e+00 1.309223849017897789e+00 -1.351420145608561024e-02
1.290000000000000036e+01 1.506312996219048461e+00 1.402473769920567603e+00 -1.314358395362699890e-02
1.291000000000000014e+01 1.581579462726018459e+00 1.489164980308817610e+00 -1.277257679548573360e-02
1.291999999999999993e+01 1.650176052628824941e+00 1.568777119379602958e+00 -1.240105225652870374e-02
1.292999999999999972e+01 1.712321449497266279e+00 1.640890198729009652e+00 -1.202887542728851497e-02
1.293999999999999950e+01 1.768224847113156306e+00 1.705177261334295480e+00 -1.165590459655130307e-02
1.295000000000000107e+01 1.818051867909250108e+00 1.761395102470903140e+00 -1.128199166778877729e-02
1.296000000000000085e+01 1.861897181578687110e+00 1.809373515653817099e+00 -1.090698260797444072e-02
1.297000000000000064e+01 1.899764991418156690e+00 1.849003555888101280e+00 -1.053071792720703358e-02
1.298000000000000043e+01 1.931558043198776220e+00 1.880225323651607994e+00 -1.015303318745583612e-02
1.299000000000000021e+01 1.957075283409828392e+00 1.903015766320394375e+00 -9.773759538643856867e-03
1.300000000000000000e+01 1.976017781347727986e+00 1.917376970042747875e+00 -9.392724280195012890e-03
1.300999999999999979e+01 1.988002061802621956e+00 1.923325375824160854e+00 -9.009751446091658275e-03
1.301999999999999957e+01 1.992579597775274047e+00 1.920882300772257079e+00 -8.624662411418548488e-03
1.303000000000000114e+01 1.989260906728024914e+00 1.910066081455440878e+00 -8.237276518308933940e-03
1.304000000000000092e+01 1.977542494437957377e+00 1.890886083849367516e+00 -7.847411719157868989e-03
1.305000000000000071e+01 1.956934806016795925e+00 1.863338746270448043e+00 -7.454885234927147684e-03
1.306000000000000050e+01 1.926989375488695311e+00 1.827405740988010896e+00 -7.059514226335201689e-03
1.307000000000000028e+01 1.887323507879493656e+00 1.783054259785469942e+00 -6.661116475703970051e-03
1.308000000000000007e+01 1.837641068929895205e+00 1.730239351373987766e+00 -6.259511077222739209e-03
1.308999999999999986e+01 1.777748279457801672e+00 1.668908166770550539e+00 -5.854519133386197789e-03
1.309999999999999964e+01 1.707563791673567533e+00 1.599005904729741578e+00 -5.445964455370100321e-03
1.310999999999999943e+01 1.627122737886416148e+00 1.520483194868744503e+00 -5.033674265122680021e-03
1.312000000000000099e+01 1.536574860989587954e+00 1.433304612619971774e+00 -4.617479896972768484e-03
1.313000000000000078e+01 1.436177233967841804e+00 1.337457988501457695e+00 -4.197217496586438251e-03
1.314000000000000057e+01 1.326282427304276812e+00 1.232964154869716555e+00 -3.772728715141944293e-03
1.315000000000000036e+01 1.207323266740252921e+00 1.119886766326851912e+00 -3.343861396637739635e-03
1.316000000000000014e+01 1.079795522130774010e+00 9.983418348938319919e-01 -2.910470256299709391e-03
1.316999999999999993e+01 9.442399695353113076e-01 8.685066371661035456e-01 -2.472417548111113111e-03
1.317999999999999972e+01 8.012252678723125188e-01 7.306276768517377951e-01 -2.029573719551485030e-03
1.318999999999999950e+01 6.513329897102455579e-01 5.850274210177469625e-01 -1.581818051698575785e-03
1.320000000000000107e+01 4.951459507822881245e-01 4.321095705092072858e-01 -1.129039282919699471e-03
1.321000000000000085e+01 3.332407082538265675e-01 2.723626727067694486e-01 -6.711362144552508865e-04
1.322000000000000064e+01 1.661847623589351175e-01 1.063619363388485228e-01 -2.080182962771377785e-04
1.323000000000000043e+01 -5.461377648540253517e-03 -6.523083824844569389e-02 2.603938083120176192e-04
1.324000000000000021e+01 -1.811374891645796403e-01 -2.416692458003680821e-01 7.341676807873334957e-04
1.325000000000000000e+01 -3.602728936172687746e-01 -4.221261592111933414e-01 1.213358629578197836e-03
1.325999999999999979e+01 -5.422726119007135193e-01 -6.056994377590353418e-01 1.698009197583879703e-03
1.326999999999999957e+01 -7.265016296788703309e-01 -7.914193426031248535e-01 2.188148696208427283e-03
1.328000000000000114e+01 -9.122686800014496722e-01 -9.782574997721966703e-01 2.683792767003957257e-03
1.329000000000000092e+01 -1.098811052345211925e+00 -1.165137214796449605e+00 3.184942971920186761e-03
1.330000000000000071e+01 -1.285281936713711604e+00 -1.350944913531289426e+00 3.691586413067472761e-03
1.331000000000000050e+01 -1.470741707051355762e+00 -1.534542461077135433e+00 4.203695382811118222e-03
1.332000000000000028e+01 -1.654154344829544598e+00 -1.714780095304056839e+00 4.721227044926923876e-03
1.333000000000000007e+01 -1.834389912480995477e+00 -1.890509703437419642e+00 5.244123147462318238e-03
1.333999999999999986e+01 -2.010233624370210581e+00 -2.060598169360665199e+00 5.772309767864356941e-03
1.334999999999999964e+01 -2.180401651904826377e+00 -2.223940525479229713e+00 6.305697090855733392e-03
1.335999999999999943e+01 -2.343563364371231472e+00 -2.379472655738945619e+00 6.844179219463199931e-03
1.337000000000000099e+01 -2.498369275206693274e+00 -2.526183315127481954e+00 7.387634019529180050e-03
1.338000000000000078e+01 -2.643483562068617232e+00 -2.663125254999093805e+00 7.935922997967494869e-03
1.339000000000000057e+01 -2.777619684202369488e+00 -2.789425272023716484e+00 8.488891214957661191e-03
1.340000000000000036e+01 -2.899577355197907824e+00 -2.904293030544141452e+00 9.046367230209160365e-03
1.341000000000000014e+01 -3.008278961761917447e+00 -3.007028542623673584e+00 9.608163083367347174e-03
1.341999999999999993e+01 -3.102803462449493122e+00 -3.097028226019182373e+00 1.017407430857614030e-02
1.342999999999999972e+01 -3.182415860712417999e+00 -3.173789496629521700e+00 1.074387998315881956e-02
1.343999999999999950e+01 -3.246590523426998498e+00 -3.236913887554642155e+00 1.131734281032745031e-02
1.345000000000000107e+01 -3.295026901486252324e+00 -3.286108720695274155e+00 1.189420923578277632e-02
1.346000000000000085e+01 -3.327656588572993623e+00 -3.321187387829760418e+00 1.247420959802055147e-02
1.347000000000000064e+01 -3.344641107410332825e+00 -3.342068325425043174e+00 1.305705831211593192e-02
1.348000000000000043e+01 -3.346360314318291618e+00 -3.348772790306325131e+00 1.364245408671607707e-02
1.349000000000000021e+01 -3.333391834102505058e+00 -3.341421561121748596e+00 1.423008017393044208e-02
1.350000000000000000e+01 -3.306482447731941665e+00 -3.320230702883425256e+00 1.481960465177063931e-02
1.350999999999999979e+01 -3.266512824542323834e+00 -3.285506538546490773e+00 1.541068073875480164e-02
1.351999999999999957e+01 -3.214457390292138061e+00 -3.237639972635124597e+00 1.600294714025668821e-02
1.353000000000000114e+01 -3.151341427328090194e+00 -3.177100307604246332e+00 1.659602842614629065e-02
1.354000000000000092e+01 -3.078197693521508516e+00 -3.104428684434903385e+00 1.718953543923702754e-02
1.355000000000000071e+01 -2.996024909008149439e+00 -3.020231265612430605e+00 1.778306573402334279e-02
1.356000000000000050e+01 -2.905750387852779060e+00 -2.925172262031769499e+00 1.837620404516347034e-02
1.357000000000000028e+01 -2.808198887061025051e+00 -2.819966886569124753e+00 1.896852278513266182e-02
1.358000000000000007e+01 -2.704069417155319233e+00 -2.705374297215546786e+00 1.955958257044430187e-02
1.358999999999999986e+01 -2.593921323466096940e+00 -2.582190573000294087e+00 2.014893277580821415e-02
1.359999999999999964e+01 -2.478170428532509018e+00 -2.451241747646470515e+00 2.073611211556733447e-02
1.360999999999999943e+01 -2.357095452000347979e+00 -2.313376910134538722e+00 2.132064925172617517e-02
1.362000000000000099e+01 -2.230854327302292273e+00 -2.169461369103199644e+00 2.190206342785520899e-02
1.363000000000000078e+01 -2.099509448265754585e+00 -2.020369870102654897e+00 2.247986512812631676e-02
1.364000000000000057e+01 -1.963060337640776254e+00 -1.866979851699044124e+00 2.305355676070338852e-02
1.365000000000000036e+01 -1.821481765405264408e+00 -1.710164728592919126e+00 2.362263336468066466e-02
1.366000000000000014e+01 -1.674764985739180645e+00 -1.550787197228137959e+00 2.418658333972778865e-02
1.366999999999999993e+01 -1.522959530367599568e+00 -1.389692571474726135e+00 2.474488919756566430e-02
1.367999999999999972e+01 -1.366212908221618338e+00 -1.227702172194688357e+00 2.529702833436056272e-02
1.368999999999999950e+01 -1.204805624784227813e+00 -1.065606813870725089e+00 2.584247382308510477e-02
1.370000000000000107e+01 -1.039179148304753664e+00 -9.041604527659795609e-01 2.638069522485434262e-02
1.371000000000000085e+01 -8.699548049230431124e-01 -7.440740828599903267e-01 2.691115941820317742e-02
1.372000000000000064e+01 -6.979420631056283408e-01 -5.860099865160298682e-01 2.743333144522646164e-02
1.373000000000000043e+01 -5.241352448224706473e-01 -4.305764648750385337e-01 2.794667537345776540e-02
1.374000000000000021e+01 -3.496983457367174863e-01 -2.783231867813349969e-01 2.845065517231510840e-02
1.375000000000000000e+01 -1.759383241593049929e-01 -1.297373031981306213e-01 2.894473560289261699e-02
1.375999999999999979e+01 -4.267891029365155492e-03 1.475952463817959900e-02 2.942838311982717489e-02
1.376999999999999957e+01 1.638405372137666238e-01 1.548130415491777989e-01 2.990106678391741060e-02
1.378000000000000114e+01 3.269075104342044624e-01 2.901371322231148797e-01 3.036225918412041591e-02
1.379000000000000092e+01 4.835031896005018703e-01 4.205132686633445416e-01 3.081143736749858766e-02
1.380000000000000071e+01 6.323050115477280020e-01 5.457885986637583953e-01 3.124808377563666542e-02
1.381000000000000050e+01 7.721532764837440999e-01 6.658726411682132085e-01 3.167168718599515376e-02
1.382000000000000028e+01 9.021015848654510005e-01 7.807325988277683537e-01 3.208174365661527194e-02
1.383000000000000007e+01 1.021459243816517315e+00 8.903873468497627286e-01 3.247775747253736633e-02
1.383999999999999986e+01 1.129823118824961670e+00 9.949002083302724841e-01 3.285924209224555526e-02
1.384999999999999964e+01 1.227096907307360985e+00 1.094370677414054027e+00 3.322572109240144039e-02
1.385999999999999943e+01 1.313496431780243556e+00 1.188925300417381870e+00 3.357672910908254815e-02
1.387000000000000099e+01 1.389540259913955023e+00 1.278707969025343782e+00 3.391181277369667568e-02
1.388000000000000078e+01 1.456025719465155355e+00 1.363869916466672771e+00 3.423053164170004187e-02
1.389000000000000057e+01 1.513991147520094005e+00 1.444559735015229940e+00 3.453245911220846620e-02
1.390000000000000036e+01 1.564665954072318454e+00 1.520913749433142392e+00 3.481718333655364067e-02
1.391000000000000014e+01 1.609410749324393208e+00 1.593047084654470869e+00 3.508430811380517517e-02
1.391999999999999993e+01 1.649650345264971785e+00 1.661045756229102999e+00 3.533345377124951642e-02
1.392999999999999972e+01 1.686802863503275907e+00 1.724960088509506884e+00 3.556425802779401152e-02
1.393999999999999950e+01 1.722208438738137559e+00 1.784799728598002178e+00 3.577637683824399367e-02
1.395000000000000107e+01 1.757061084898195791e+00 1.840530474641907999e+00 3.596948521638857615e-02
1.396000000000000085e+01 1.792347182740716915e+00 1.892073076741484172e+00 3.614327803482098728e-02
1.397000000000000064e+01 1.828793757300869016e+00 1.939304099650690727e+00 3.629747079941809951e-02
1.398000000000000043e+01 1.866829254602624388e+00 1.982058861207318667e+00 3.643180039640816353e-02
1.399000000000000021e+01 1.906558922170643600e+00 2.020136381997270636e+00 3.654602580996627742e-02
1.400000000000000000e+01 1.947756177773360076e+00 2.053306203345543590e+00 3.663992880829616827e-02
1.400999999999999979e+01 1.989870552488941291e+00 2.081316855636130558e+00 3.671331459823926752e-02
1.401999999999999957e+01 2.032051959013583264e+00 2.103905690440726062e+00 3.676601243804399066e-02
1.403000000000000114e+01 2.073190207709499688e+00 2.120809731019951183e+00 3.679787621916943280e-02
1.404000000000000092e+01 2.111967914648748668e+00 2.131777149137406013e+00 3.680878500653386037e-02
1.405000000000000071e+01 2.146924258800967600e+00 2.136578944001049862e+00 3.679864353758800083e-02
1.406000000000000050e+01 2.176526485805970523e+00 2.135020383132722355e+00 3.676738267844696650e-02
1.407000000000000028e+01 2.199245653096646880e+00 2.126951766007140865e+00 3.671495983539004027e-02
1.408000000000000007e+01 2.213632886887169970e+00 2.112278089614684884e+00 3.664135932011908930e-02
1.408999999999999986e+01 2.218392387721591863e+00 2.090967230164638480e+00 3.654659266725751587e-02
1.409999999999999964e+01 2.212447579852470536e+00 2.063056305710057270e+00 3.643069890266813216e-02
1.410999999999999943e+01 2.194997142508879673e+00 2.028655948622101857e+00 3.629374476127328331e-02
1.412000000000000099e+01 2.165558170230927892e+00 1.987952292060507276e+00 3.613582485317137077e-02
1.413000000000000078e+01 2.123994358266204419e+00 1.941206557888990325e+00 3.595706177695986994e-02
1.414000000000000057e+01 2.070527863603569774e+00 1.888752221534869324e+00 3.575760617929853169e-02
1.415000000000000036e+01 2.005734313137410130e+00 1.830989818558829585e+00 3.553763675987352960e-02
1.416000000000000014e+01 1.930521274916007446e+00 1.768379544612075360e+00 3.529736022105561810e-02
1.416999999999999993e+01 1.846091332554576914e+00 1.701431881560879322e+00 3.503701116168283364e-02
1.417999999999999972e+01 1.753891664073510936e+00 1.630696554669886389e+00 3.475685191453922740e-02
1.418999999999999950e+01 1.655552685565035320e+00 1.556750186079996601e+00 3.445717232724691131e-02
1.420000000000000107e+01 1.552818843699866669e+00 1.480183056142952314e+00 3.413828948643685829e-02
1.421000000000000085e+01 1.447475003007433925e+00 1.401585414846669320e+00 3.380054738521719171e-02
1.422000000000000064e+01 1.341272056643081578e+00 1.321533799622310879e+00 3.344431653411213817e-02
1.423000000000000043e+01 1.235855385110562255e+00 1.240577813009569486e+00 3.306999351580364871e-02
1.424000000000000021e+01 1.132699598176498679e+00 1.159227794413180801e+00 3.267800048416722586e-02
1.425000000000000000e+01 1.033052632780020019e+00 1.077943785615701922e+00 3.226878460825562817e-02
1.425999999999999979e+01 9.378917649204251417e-01 9.971261415185322941e-01 3.184281746204672969e-02
1.426999999999999957e+01 8.478934549601520043e-01 9.171080779665785609e-01 3.140059436093442513e-02
1.428000000000000114e+01 7.634182184113855740e-01 8.381503800628662404e-01 3.094263364610462530e-02
1.429000000000000092e+01 6.845109372968465333e-01 7.604384199502335351e-01 3.046947591809840566e-02
1.430000000000000071e+01 6.109162419708286107e-01 6.840815556072845638e-01 2.998168322102388178e-02
1.431000000000000050e+01 5.421078411627076044e-01 6.091149047451186460e-01 2.947983817903365375e-02
1.432000000000000028e+01 4.773299979734173526e-01 5.355034132313979400e-01 2.896454308683698436e-02
1.433000000000000007e+01 4.156487762617024351e-01 4.631480681842843339e-01 2.843641895616214749e-02
1.433999999999999986e+01 3.560102437616976534e-01 3.918940441903098204e-01 2.789610452022694281e-02
1.434999999999999964e+01 2.973025361930117239e-01 3.215405187934980979e-01 2.734425519841050117e-02
1.435999999999999943e+01 2.384185726971144725e-01 2.518518517782610266e-01 2.678154202344817242e-02
1.437000000000000099e+01 1.783162700753199437e-01 1.825697926134968174e-01 2.620865053359328761e-02
1.438000000000000078e+01 1.160733251639139707e-01 1.134263620159676328e-01 2.562627963230297221e-02
1.439000000000000057e+01 5.093400611549504103e-02 4.415704671654720886e-02 2.503514041811059215e-02
1.440000000000000036e+01 -1.765410863857207191e-02 -2.548604947586823738e-02 2.443595498744456640e-02
1.441000000000000014e+01 -9.001490988815283312e-02 -9.572144134263876891e-02 2.382945521324089655e-02
1.441999999999999993e+01 -1.662308638819955942e-01 -1.667262052589898735e-01 2.321638150227516711e-02
1.442999999999999972e+01 -2.461425700638980585e-01 -2.386249206728634775e-01 2.259748153420871805e-02
1.443999999999999950e+01 -3.293602238222639866e-01 -3.114798663232158371e-01 2.197350898540282454e-02
1.445000000000000107e+01 -4.152858153844089517e-01 -3.852826888161315355e-01 2.134522224060273962e-02
1.446000000000000085e+01 -5.031443557424409851e-01 -4.599477203380551438e-01 2.071338309563303809e-02
1.447000000000000064e+01 -5.920219905630245139e-01 -5.353070806922070046e-01 2.007875545427246708e-02
1.448000000000000043e+01 -6.809085649860935341e-01 -6.111076577403257160e-01 1.944210402249473349e-02
1.449000000000000021e+01 -7.687420499394925777e-01 -6.870100207248847068e-01 1.880419300326761564e-02
1.450000000000000000e+01 -8.544522396085579841e-01 -7.625892835865619723e-01 1.816578479509882438e-02
1.450999999999999979e+01 -9.370012769655083895e-01 -8.373379007665742169e-01 1.752763869750210979e-02
1.451999999999999957e+01 -1.015418848480888814e+00 -9.106703463347277649e-01 1.689050962653146359e-02
1.453000000000000114e+01 -1.088830291466436506e+00 -9.819295986354560357e-01 1.625514684349501499e-02
1.454000000000000092e+01 -1.156476352716870659e+00 -1.050395326843297061e+00 1.562229269991353628e-02
1.455000000000000071e+01 -1.217723895111108456e+00 -1.115293652588898787e+00 1.499268140173200953e-02
1.456000000000000050e+01 -1.272067436341399072e+00 -1.175808338809421150e+00 1.436703779572544651e-02
1.457000000000000028e+01 -1.319121986457234108e+00 -1.231093238832296599e+00 1.374607618096421527e-02
1.458000000000000007e+01 -1.358608194641521161e+00 -1.280285821097084664e+00 1.313049914811820901e-02
1.458999999999999986e+01 -1.390331289379326929e+00 -1.322521568619762666e+00 1.252099644928462464e-02
1.459999999999999964e+01 -1.414155673058272278e+00 -1.356949037191528040e+00 1.191824390092127879e-02
1.460999999999999943e+01 -1.429977290970039672e+00 -1.382745342408595590e+00 1.132290232235567268e-02
1.462000000000000099e+01 -1.437696021500644461e+00 -1.399131833133750558e+00 1.073561651222177359e-02
1.463000000000000078e+01 -1.437190322496796346e+00 -1.405389698228576956e+00 1.015701426505071295e-02
1.464000000000000057e+01 -1.428296219821831192e+00 -1.400875244834348443e+00 9.587705430108995480e-03
1.465000000000000036e+01 -1.410792447225971191e+00 -1.385034580690708728e+00 9.028281014439507729e-03
1.466000000000000014e+01 -1.384393158334768614e+00 -1.357417430600244668e+00 8.479312331916864787e-03
1.466999999999999993e+01 -1.348749154546891260e+00 -1.317689818827917136e+00 7.941350199980020189e-03
1.467999999999999972e+01 -1.303458034602779092e+00 -1.265645355589519738e+00 7.414924185552161998e-03
1.468999999999999950e+01 -1.248083103572814601e+00 -1.201214877372892342e+00 6.900541901501500673e-03
1.470000000000000107e+01 -1.182180313659618509e+00 -1.124474208059573765e+00 6.398688354837068180e-03
1.471000000000000085e+01 -1.105331978932712067e+00 -1.035649830911399061e+00 5.909825347672057437e-03
1.472000000000000064e+01 -1.017185541316327768e+00 -9.351222904901874688e-01 5.434390931823688403e-03
1.473000000000000043e+01 -9.174952925373202062e-01 -8.234271782964198705e-01 4.972798917754364320e-03
1.474000000000000021e+01 -8.061646978618240977e-01 -7.012535959156682708e-01 4.525438438394288436e-03
1.475000000000000000e+01 -6.832868375429416163e-01 -5.694400340867170618e-01 4.092673568221253701e-03
1.475999999999999979e+01 -5.491804890814194762e-01 -4.289676544722241802e-01 3.674842997810328065e-03
1.476999999999999957e+01 -4.044195182447421488e-01 -2.809510119496001490e-01 3.272259763904472249e-03
1.478000000000000114e+01 -2.498535223481518908e-01 -1.266263077212217980e-01 2.885211034897920863e-03
1.479000000000000092e+01 -8.661806150977958974e-02 3.266268386526478829e-02 2.513957951467917298e-03
1.480000000000000071e+01 8.386669792894907438e-02 1.954808205867032134e-01 2.158735521937518113e-03
1.481000000000000050e+01 2.599095444318995640e-01 3.603196868767844507e-01 1.819752571803446607e-03
1.482000000000000028e+01 4.395740027833514030e-01 5.256172901995830316e-01 1.497191746718713485e-03
1.483000000000000007e+01 6.207157416660343818e-01 6.897790325392288979e-01 1.191209568080440259e-03
1.483999999999999986e+01 8.010304245094956865e-01 8.511995973840200680e-01 9.019365402394360779e-04
1.484999999999999964e+01 9.781102852696494931e-01 1.008285367033941560e+00 6.294773082205840694e-04
1.485999999999999943e+01 1.149507255941036421e+00 1.159476967594184948e+00 3.739108647199415689e-04
1.487000000000000099e+01 1.312800121966768652e+00 1.303271530146395518e+00 1.352908050297906462e-04
1.488000000000000078e+01 1.465662953293637383e+00 1.438244256594195081e+00 -8.635437156628241503e-05
1.489000000000000057e+01 1.605931964176811499e+00 1.563068887608076940e+00 -2.910209154881912390e-04
1.490000000000000036e+01 1.731667998527193886e+00 1.676536687770951994e+00 -4.787294372988324569e-04
1.491000000000000014e+01 1.841212017016586655e+00 1.777573589064721071e+00 -6.495244766305796873e-04
1.491999999999999993e+01 1.933231267746521764e+00 1.865255167666742597e+00 -8.034740314211841076e-04
1.492999999999999972e+01 2.006754238112281818e+00 1.938819169905085182e+00 -9.406690493538996450e-04
1.493999999999999950e+01 2.061192990138787984e+00 1.997675350275722517e+00 -1.061222883461200583e-03
1.495000000000000107e+01 2.096352049324037736e+00 2.041412436663045504e+00 -1.165270713908251026e-03
1.496000000000000085e+01 2.112423619285817900e+00 2.069802094248014424e+00 -1.252968938020915203e-03
1.497000000000000064e+01 2.109969501275124060e+00 2.082799818890705978e+00 -1.324494530663890062e-03
1.498000000000000043e+01 2.089890679083727498e+00 2.080542751844462135e+00 -1.380044377107069505e-03
1.499000000000000021e+01 2.053386057943952903e+00 2.063344469277021975e+00 -1.419834580543037281e-03
1.500000000000000000e+01 2.001902295741806448e+00 2.031686861005810751e+00 -1.444099746435212805e-03
1.500999999999999979e+01 1.937077015647743261e+00 1.986209271865500670e+00 -1.453092245885221918e-03
1.501999999999999957e+01 1.860677925861982995e+00 1.927695134994106052e+00 -1.447081460209346344e-03
1.503000000000000114e+01 1.774540485339740625e+00 1.857056377853269602e+00 -1.426353008907972446e-03
1.504000000000000092e+01 1.680506741244328639e+00 1.775315927834083984e+00 -1.391207963198780708e-03
1.505000000000000071e+01 1.580367827990141416e+00 1.683588683745706138e+00 -1.341962047264511028e-03
1.506000000000000050e+01 1.475812368667164032e+00 1.583061351324032362e+00 -1.278944829339686293e-03
1.507000000000000028e+01 1.368382672394556465e+00 1.474971564220771469e+00 -1.202498904727989986e-03
1.508000000000000007e+01 1.259440195287871544e+00 1.360586725961777654e+00 -1.112979072804276114e-03
1.508999999999999986e+01 1.150141251216361127e+00 1.241183012484890824e+00 -1.010751510010458832e-03
1.509999999999999964e+01 1.041423446516953399e+00 1.118024968667391539e+00 -8.961929408063741857e-04
1.510999999999999943e+01 9.340027962832676556e-01 9.923461155483543905e-01 -7.696898084830942162e-04
1.512000000000000099e+01 8.283809841989747680e-01 8.653309578209329445e-01 -6.316374476884683252e-04
1.513000000000000078e+01 7.248617767637273168e-01 7.380987439816052431e-01 -4.824392604531390163e-04
1.514000000000000057e+01 6.235752168249752980e-01 6.116892849532796772e-01 -3.225058974402624607e-04
1.515000000000000036e+01 5.245079173121565130e-01 4.870510820394293727e-01 -1.522544460740602270e-04
1.516000000000000014e+01 4.275375660282572099e-01 3.650319530243280597e-01 2.789237286820355749e-05
1.516999999999999993e+01 3.324696432146893033e-01 2.463722777150518517e-01 2.175069986891772420e-04
1.517999999999999972e+01 2.390743469715187197e-01 1.317009130961023511e-01 4.161578127921565571e-04
1.518999999999999950e+01 1.471218138612807036e-01 2.153375562871144566e-02 6.234099079283981614e-04
1.520000000000000107e+01 5.641390467004037124e-02 -8.372514367609838748e-02 8.388258433865659544e-04
1.521000000000000085e+01 -3.318891439193313864e-02 -1.837800746161648291e-01 1.061966384917159252e-03
1.522000000000000064e+01 -1.217467429727136924e-01 -2.784380002300613777e-01 1.292391228262288784e-03
1.523000000000000043e+01 -2.092262536468923184e-01 -3.676010087477305510e-01 1.529659705238341737e-03
1.524000000000000021e+01 -2.954939307134331616e-01 -4.512572136366831965e-01 1.773331471396017442e-03
1.525000000000000000e+01 -3.803165469919999042e-01 -5.294704650274090207e-01 2.022967174358355526e-03
1.525999999999999979e+01 -4.633685125846275787e-01 -6.023692577098966883e-01 2.278129102012818163e-03
1.526999999999999957e+01 -5.442453926082151394e-01 -6.701352290846576132e-01 2.538381809807984703e-03
1.528000000000000114e+01 -6.224826046698085369e-01 -7.329916345252740495e-01 2.803292726478958784e-03
1.529000000000000092e+01 -6.975780834703478872e-01 -7.911921677223693328e-01 3.072432737598180825e-03
1.530000000000000071e+01 -7.690175477468481624e-01 -8.450104604632205918e-01 3.345376746419981544e-03
1.531000000000000050e+01 -8.363009281362112635e-01 -8.947305512548473505e-01 3.621704211557447237e-03
1.532000000000000028e+01 -8.989685137397709358e-01 -9.406385570477225899e-01 3.900999661100222789e-03
1.533000000000000007e+01 -9.566254465630218418e-01 -9.830157193535059568e-01 4.182853182849785925e-03
1.533999999999999986e+01 -1.008963329459981351e+00 -1.022132927939836788e+00 4.466860890415970571e-03
1.534999999999999964e+01 -1.055777904610092577e+00 -1.058246754959206282e+00 4.752625364983962229e-03
1.535999999999999943e+01 -1.096981993481745965e+00 -1.091596962894137768e+00 5.039756072624895084e-03
1.537000000000000099e+01 -1.132613151747258406e+00 -1.122405384140780171e+00 5.327869757084888538e-03
1.538000000000000078e+01 -1.162835769045754031e+00 -1.150876011323279213e+00 5.616590808046781694e-03
1.539000000000000057e+01 -1.187937619277010803e+00 -1.177196088158582565e+00 5.905551604915491165e-03
1.540000000000000036e+01 -1.208321128535705169e+00 -1.201537953081726728e+00 6.194392836231545768e-03
1.541000000000000014e+01 -1.224489862689838837e+00 -1.224061363566744554e+00 6.482763794867672444e-03
1.541999999999999993e+01 -1.237030934883964539e+00 -1.244916019184800104e+00 6.770322649210271972e-03
1.542999999999999972e+01 -1.246594187330716919e+00 -1.264244006289735545e+00 7.056736690570560890e-03
1.543999999999999950e+01 -1.253869106827236513e+00 -1.282181906458792042e+00 7.341682557109999174e-03
1.545000000000000107e+01 -1.259560487521748318e+00 -1.298862343383718754e+00 7.624846434600345522e-03
1.546000000000000085e+01 -1.264363858358497961e+00 -1.314414787083365344e+00 7.905924234371371206e-03
1.547000000000000064e+01 -1.268941649684893980e+00 -1.328965487788181132e+00 8.184621748828502241e-03
1.548000000000000043e+01 -1.273900989242068515e+00 -1.342636471850964019e+00 8.460654784949259849e-03
1.549000000000000021e+01 -1.279773899442333107e+00 -1.355543595450213967e+00 8.733749276191216451e-03
1.550000000000000000e+01 -1.287000523933918394e+00 -1.367793715373954999e+00 9.003641373266025455e-03
1.550999999999999979e+01 -1.295915851088433213e+00 -1.379481096489323821e+00 9.270077514253950018e-03
1.551999999999999957e+01 -1.306740234431475356e+00 -1.390683229458506309e+00 9.532814474551764769e-03
1.553000000000000114e+01 -1.319573843950810454e+00 -1.401456277015702412e+00 9.791619397163926417e-03
1.554000000000000092e+01 -1.334395025541164070e+00 -1.411830400302287236e+00 1.004626980386352959e-02
1.555000000000000071e+01 -1.351062405186221227e+00 -1.421805236592099231e+00 1.029655358776443604e-02
1.556000000000000050e+01 -1.369320454899096928e+00 -1.431345805139427885e+00 1.054226898786029751e-02
1.557000000000000028e+01 -1.388808142298466386e+00 -1.440379108512670481e+00 1.078322454610039158e-02
1.558000000000000007e+01 -1.409070216601597147e+00 -1.448791673070416897e+00 1.101923904758540969e-02
1.558999999999999986e+01 -1.429570640709701301e+00 -1.456428235377852376e+00 1.125014144447876105e-02
1.559999999999999964e+01 -1.449707660384543573e+00 -1.463091733222468216e+00 1.147577076424072251e-02
1.561000000000000121e+01 -1.468830004471416872e+00 -1.468544702933080703e+00 1.169597600280404548e-02
1.562000000000000099e+01 -1.486253730985188204e+00 -1.472512121859869128e+00 1.191061600331986062e-02
1.563000000000000078e+01 -1.501279268355073970e+00 -1.474685669365516372e+00 1.211955932111235396e-02
1.564000000000000057e+01 -1.513208244723777351e+00 -1.474729314871587871e+00 1.232268407548941201e-02
1.565000000000000036e+01 -1.521359746575639438e+00 -1.472286080715448531e+00 1.251987778906443922e-02
1.566000000000000014e+01 -1.525085697244017435e+00 -1.466985773891897438e+00 1.271103721525161136e-02
1.566999999999999993e+01 -1.523785092856246637e+00 -1.458453436880016163e+00 1.289606815460319147e-02
1.567999999999999972e+01 -1.516916875747821969e+00 -1.446318235854396894e+00 1.307488526066316950e-02
1.568999999999999950e+01 -1.504011262046948794e+00 -1.430222486165963147e+00 1.324741183601611284e-02
1.570000000000000107e+01 -1.484679370731854853e+00 -1.409830510837821516e+00 1.341357961921435180e-02
1.571000000000000085e+01 -1.458621026669265852e+00 -1.384837037975462870e+00 1.357332856326994019e-02
1.572000000000000064e+01 -1.425630631411838545e+00 -1.354974866695470848e+00 1.372660660640064208e-02
1.573000000000000043e+01 -1.385601014900459838e+00 -1.320021566973643479e+00 1.387336943572111715e-02
1.574000000000000021e+01 -1.338525201043758939e+00 -1.279805024614073750e+00 1.401358024457221955e-02
1.575000000000000000e+01 -1.284496042833874085e+00 -1.234207695749115485e+00 1.414720948418202694e-02
1.575999999999999979e+01 -1.223703710374423270e+00 -1.183169492942205414e+00 1.427423461035253957e-02
1.576999999999999957e+01 -1.156431049615753048e+00 -1.126689283937684305e+00 1.439463982586580010e-02
1.578000000000000114e+01 -1.083046871674562928e+00 -1.064825041230710312e+00 1.450841581930132664e-02
1.579000000000000092e+01 -1.003997282441629668e+00 -9.976927329307243575e-01 1.461555950095664094e-02
1.580000000000000071e+01 -9.197952188680812435e-01 -9.254640902148330017e-01 1.471607373655914493e-02
1.581000000000000050e+01 -8.310084200019242084e-01 -8.483634218473498079e-01 1.480996707945475728e-02
1.582000000000000028e+01 -7.382461247453734332e-01 -7.666636702156505168e-01 1.489725350195449799e-02
1.583000000000000007e+01 -6.421448508791495202e-01 -6.806819152221119662e-01 1.497795212651548136e-02
1.583999999999999986e+01 -5.433536670653181799e-01 -5.907745320268473765e-01 1.505208695742648109e-02
1.584999999999999964e+01 -4.425194169349356832e-01 -4.973321966323924759e-01 1.511968661366130777e-02
1.586000000000000121e+01 -3.402723876692336780e-01 -4.007749108994521636e-01 1.518078406355476834e-02
1.587000000000000099e+01 -2.372129307395450803e-01 -3.015471876421010888e-01 1.523541636194631656e-02
1.588000000000000078e+01 -1.338995364203564298e-01 -2.001134993126104100e-01 1.528362439042573427e-02
1.589000000000000057e+01 -3.083883405983216947e-02 -9.695405312546258314e-02 1.532545260130256312e-02
1.590000000000000036e+01 7.152206415738317224e-02 7.439085869806929402e-03 1.536094876590722927e-02
1.591000000000000014e+01 1.728005367115461877e-01 1.125655414420077549e-01 1.539016372781654672e-02
1.591999999999999993e+01 2.726805051202184083e-01 2.179198946109912327e-01 1.541315116157907818e-02
1.592999999999999972e+01 3.709114466064868942e-01 3.229947531795726579e-01 1.542996733749764197e-02
1.593999999999999950e+01 4.673043824657827638e-01 4.272837200249850476e-01 1.544067089300601471e-02
1.595000000000000107e+01 5.617249996495009556e-01 5.302843660104802348e-01 1.544532261115511181e-02
1.596000000000000085e+01 6.540842063701873821e-01 6.315013109017577619e-01 1.544398520670087205e-02
1.597000000000000064e+01 7.443265594458013945e-01 7.304495026966087989e-01 1.543672312026085972e-02
1.598000000000000043e+01 8.324171239170661263e-01 8.266577631781296676e-01 1.542360232098046076e-02
1.599000000000000021e+01 9.183274267477372632e-01 9.196726368114516159e-01 1.540469011812103592e-02
1.600000000000000000e+01 1.002021239425070043e+00 1.009062543408427937e+00 1.538005498195297964e-02
1.601000000000000156e+01 1.083440963447404926e+00 1.094422194802340931e+00 1.534976637430565671e-02
1.601999999999999957e+01 1.162495393988065118e+00 1.175377194899519084e+00 1.531389458909305362e-02
1.603000000000000114e+01 1.239049598278900044e+00 1.251588703804376701e+00 1.527251060309979362e-02
1.603999999999999915e+01 1.312917566360149557e+00 1.322758013068656258e+00 1.522568593727711105e-02
1.605000000000000071e+01 1.383858174880979730e+00 1.388630853059606318e+00 1.517349252876096753e-02
1.605999999999999872e+01 1.451574853859585623e+00 1.449001237121094521e+00 1.511600261378700030e-02
1.607000000000000028e+01 1.515719168038458964e+00 1.503714642202902629e+00 1.505328862163754847e-02
1.608000000000000185e+01 1.575898326786734582e+00 1.552670332875770720e+00 1.498542307971607868e-02
1.608999999999999986e+01 1.631686428939206346e+00 1.595822655316562422e+00 1.491247852980379270e-02
1.610000000000000142e+01 1.682639042005705132e+00 1.633181159361166257e+00 1.483452745551123303e-02
1.610999999999999943e+01 1.728310519764215680e+00 1.664809448763611588e+00 1.475164222089658979e-02
1.612000000000000099e+01 1.768273289151182093e+00 1.690822710373366844e+00 1.466389502017952443e-02
1.612999999999999901e+01 1.802138196632412592e+00 1.711383929484357580e+00 1.457135783843759719e-02
1.614000000000000057e+01 1.829574904629822418e+00 1.726698858125867320e+00 1.447410242313004053e-02
1.614999999999999858e+01 1.850331277009593212e+00 1.737009862304878860e+00 1.437220026625170115e-02
1.616000000000000014e+01 1.864250693763168210e+00 1.742588829846067000e+00 1.426572259687843881e-02
1.617000000000000171e+01 1.871286290882520964e+00 1.743729369304130028e+00 1.415474038382457875e-02
1.617999999999999972e+01 1.871511231294972655e+00 1.740738569546278702e+00 1.403932434809262129e-02
1.619000000000000128e+01 1.865124272960807961e+00 1.733928616604627715e+00 1.391954498475648193e-02
1.619999999999999929e+01 1.852450104461182967e+00 1.723608577491073657e+00 1.379547259388120943e-02
1.621000000000000085e+01 1.833934157696829326e+00 1.710076658803011851e+00 1.366717732004543197e-02
1.621999999999999886e+01 1.810131870623254091e+00 1.693613230889918775e+00 1.353472919999733695e-02
1.623000000000000043e+01 1.781692647580982891e+00 1.674474876696118164e+00 1.339819821794083383e-02
1.624000000000000199e+01 1.749339037046250489e+00 1.652889679554123470e+00 1.325765436791737951e-02
1.625000000000000000e+01 1.713841902507752479e+00 1.629053908327999567e+00 1.311316772271732371e-02
1.626000000000000156e+01 1.675992588052312993e+00 1.603130194178983947e+00 1.296480850872732543e-02
1.626999999999999957e+01 1.636573263624850672e+00 1.575247224108216715e+00 1.281264718609407063e-02
1.628000000000000114e+01 1.596326765133017078e+00 1.545500905888329557e+00 1.265675453356106608e-02
1.628999999999999915e+01 1.555927313338186346e+00 1.513956890698221036e+00 1.249720173731392291e-02
1.630000000000000071e+01 1.515953497466581368e+00 1.480654277299082278e+00 1.233406048315095760e-02
1.630999999999999872e+01 1.476864842630115637e+00 1.445610268215895999e+00 1.216740305128018867e-02
1.632000000000000028e+01 1.438983145873616865e+00 1.408825506922294135e+00 1.199730241303084179e-02
1.633000000000000185e+01 1.402479568876056959e+00 1.370289797640558360e+00 1.182383232875741132e-02
1.633999999999999986e+01 1.367368224265610666e+00 1.329987897482628245e+00 1.164706744620747081e-02
1.635000000000000142e+01 1.333506698399157253e+00 1.287905074860757004e+00 1.146708339862065155e-02
1.635999999999999943e+01 1.300603630028961621e+00 1.244032148112928393e+00 1.128395690182565532e-02
1.637000000000000099e+01 1.268233127099677393e+00 1.198369752996378157e+00 1.109776584960473454e-02
1.637999999999999901e+01 1.235855469642076931e+00 1.150931635196571490e+00 1.090858940660140164e-02
1.639000000000000057e+01 1.202843232261552764e+00 1.101746821696334422e+00 1.071650809805586683e-02
1.639999999999999858e+01 1.168511681359629240e+00 1.050860589635039366e+00 1.052160389566585835e-02
1.641000000000000014e+01 1.132152074806663578e+00 9.983342196858040474e-01 1.032396029888577038e-02
1.642000000000000171e+01 1.093066327883994715e+00 9.442435893462495233e-01 1.012366241099639866e-02
1.642999999999999972e+01 1.050601418548587684e+00 8.886767262638265441e-01 9.920797009299556213e-03
1.644000000000000128e+01 1.004181893550853077e+00 8.317304994158696285e-01 9.715452608816925115e-03
1.644999999999999929e+01 9.533389068497892804e-01 7.735066736621549754e-01 9.507719518900703201e-03
1.646000000000000085e+01 8.977343712125326336e-01 7.141075884742398294e-01 9.297689892194802019e-03
1.646999999999999886e+01 8.371790268584152761e-01 6.536317428005170571e-01 9.085457765417670126e-03
1.648000000000000043e+01 7.716435176331208901e-01 5.921695741002790392e-01 8.871119091475096821e-03
1.649000000000000199e+01 7.012619021629218352e-01 5.297997104370639754e-01 8.654771762450037473e-03
1.650000000000000000e+01 6.263273985827823021e-01 4.665859508289122992e-01 8.436515623056304800e-03
1.651000000000000156e+01 5.472805485451971430e-01 4.025751922321912368e-01 8.216452474186002053e-03
1.651999999999999957e+01 4.646903699087784889e-01 3.377964736691391745e-01 7.994686066225277846e-03
1.653000000000000114e+01 3.792294281916148702e-01 2.722612517140204913e-01 7.771322081859158119e-03
1.653999999999999915e+01 2.916440757728371858e-01 2.059649598258535275e-01 7.546468108134061353e-03
1.655000000000000071e+01 2.027213679253830059e-01 1.388898400620820484e-01 7.320233597595795540e-03
1.655999999999999872e+01 1.132543517525719107e-01 7.100897276180155593e-02 7.092729818370910842e-03
1.657000000000000028e+01 2.400752712468740349e-02 2.291370936781820557e-03 6.864069793110663502e-03
1.658000000000000185e+01 -6.431570897508230578e-02 -6.729204586786939613e-02 6.634368226768569930e-03
1.658999999999999986e+01 -1.511019039275498244e-01 -1.377618262547175843e-01 6.403741423235052160e-03
1.660000000000000142e+01 -2.358511171186868649e-01 -2.091229700076365772e-01 6.172307190905100896e-03
1.660999999999999943e+01 -3.181939085073028362e-01 -2.813577989781999023e-01 5.940184737307795809e-03
1.662000000000000099e+01 -3.979007690613590165e-01 -3.544190024351306367e-01 5.707494552978840258e-03
1.662999999999999901e+01 -4.748833964963831700e-01 -4.282231382132641873e-01 5.474358284809197409e-03
1.664000000000000057e+01 -5.491876399544096676e-01 -5.026448541559827010e-01 5.240898599154285992e-03
1.664999999999999858e+01 -6.209783742969945397e-01 -5.775120672917797293e-01 5.007239035038314398e-03
1.666000000000000014e+01 -6.905169964418589323e-01 -6.526023027155420930e-01 4.773503847837380284e-03
1.667000000000000171e+01 -7.581326403962050930e-01 -7.276403523610943669e-01 4.539817843872345077e-03
1.667999999999999972e+01 -8.241885630970996468e-01 -8.022973680251122008e-01 4.306306206388207068e-03
1.669000000000000128e+01 -8.890454407253506330e-01 -8.761914554313293690e-01 4.073094313440014588e-03
1.669999999999999929e+01 -9.530235188162856641e-01 -9.488897889945321351e-01 3.840307548247213956e-03
1.671000000000000085e+01 -1.016365667245983095e+00 -1.019912222209486741e+00 3.608071102617506094e-03
1.671999999999999886e+01 -1.079203395704046997e+00 -1.088736327870342357e+00 3.376509774075965413e-03
1.673000000000000043e+01 -1.141527784394006817e+00 -1.154803766834804790e+00 3.145747757369695558e-03
1.674000000000000199e+01 -1.203167081579288089e+00 -1.217527854551230027e+00 2.915908431048557133e-03
1.675000000000000000e+01 -1.263772422634181769e+00 -1.276302171377720063e+00 2.687114139849528221e-03
1.676000000000000156e+01 -1.322812747798677302e+00 -1.330510045722597345e+00 2.459485973636559800e-03
1.676999999999999957e+01 -1.379579555530214607e+00 -1.379534727732239174e+00 2.233143543668534171e-03
1.678000000000000114e+01 -1.433201646339533619e+00 -1.422770064855930272e+00 2.008204756985601351e-03
1.678999999999999915e+01 -1.482669511901572257e+00 -1.459631488140704869e+00 1.784785589718436514e-03
1.680000000000000071e+01 -1.526868530961580372e+00 -1.489567118474139251e+00 1.562999860135937114e-03
1.680999999999999872e+01 -1.564619672075806545e+00 -1.512068804142440825e+00 1.342959002254521346e-03
1.682000000000000028e+01 -1.594725997287979924e+00 -1.526682904072257152e+00 1.124771840836510115e-03
1.683000000000000185e+01 -1.616022931749471425e+00 -1.533020634260379822e+00 9.085443686060336701e-04
1.683999999999999986e+01 -1.627430029791698818e+00 -1.530767797733973978e+00 6.943795265085596921e-04
1.685000000000000142e+01 -1.628001841277219919e+00 -1.519693720821858385e+00 4.823769878344567755e-04
1.685999999999999943e+01 -1.616975471172667822e+00 -1.499659220794248515e+00 2.726329470179651607e-04
1.687000000000000099e+01 -1.593812532452764774e+00 -1.470623432609252657e+00 6.523991391062400759e-05
1.687999999999999901e+01 -1.558233413994474459e+00 -1.432649326432989811e+00 -1.397134856874220521e-04
1.689000000000000057e+01 -1.510242111584928049e+00 -1.385907753824577426e+00 -3.421427024737591529e-04
1.689999999999999858e+01 -1.450140286678096357e+00 -1.330679870154128253e+00 -5.419674483252664206e-04
1.691000000000000014e+01 -1.378529704517921006e+00 -1.267357795105793494e+00 -7.391118724978303642e-04
1.692000000000000171e+01 -1.296302737360717217e+00 -1.196443393042834646e+00 -9.335047286554198952e-04
1.692999999999999972e+01 -1.204621173807662204e+00 -1.118545081375239558e+00 -1.125079532070915721e-03
1.694000000000000128e+01 -1.104884124401585677e+00 -1.034372608327784437e+00 -1.313774706375713756e-03
1.694999999999999929e+01 -9.986863293896570681e-01 -9.447297816835179551e-01 -1.499533719271345768e-03
1.696000000000000085e+01 -8.877686310663566172e-01 -8.505051767106103222e-01 -1.682305206655858917e-03
1.696999999999999886e+01 -7.739627473117282053e-01 -7.526609035863688346e-01 -1.862043084659242799e-03
1.698000000000000043e+01 -6.591327556878796567e-01 -6.522195707162367073e-01 -2.038706649125845895e-03
1.699000000000000199e+01 -5.451158545903225239e-01 -5.502496384440143107e-01 -2.212260662127202640e-03
1.700000000000000000e+01 -4.336650010125376875e-01 -4.478494154098481839e-01 -2.382675425135775873e-03
1.701000000000000156e+01 -3.263959312322964879e-01 -3.461300046044053502e-01 -2.549926838538593265e-03
1.701999999999999957e+01 -2.247408552772962587e-01 -2.461975552217446628e-01 -2.713996447219225398e-03
1.703000000000000114e+01 -1.299107886871544160e-01 -1.491352169778003278e-01 -2.874871471987041228e-03
1.703999999999999915e+01 -4.286806189257506838e-02 -5.598522306824495198e-02 -3.032544826683518813e-03
1.705000000000000071e+01 3.568995056937770277e-02 3.226845583000413631e-02 -3.187015120846822206e-03
1.705999999999999872e+01 1.053353869329812786e-01 1.147164428705131356e-01 -3.338286647867166803e-03
1.707000000000000028e+01 1.659028178174280777e-01 1.905388428520582156e-01 -3.486369358616863649e-03
1.708000000000000185e+01 2.174711697578999292e-01 2.590182889736205030e-01 -3.631278820589772718e-03
1.708999999999999986e+01 2.603358236971723971e-01 3.195507981724745594e-01 -3.773036162635394312e-03
1.710000000000000142e+01 2.949725278418856012e-01 3.716541465762110974e-01 -3.911668005422361434e-03
1.710999999999999943e+01 3.219951474148982640e-01 4.149735511038203373e-01 -4.047206377814936695e-03
1.712000000000000099e+01 3.421095523052777865e-01 4.492845275892114465e-01 -4.179688619393658738e-03
1.712999999999999901e+01 3.560661033434543987e-01 4.744928865935478246e-01 -4.309157269397801034e-03
1.714000000000000057e+01 3.646132309122221415e-01 4.906319215021276436e-01 -4.435659942412282543e-03
1.715000000000000213e+01 3.684545043589090851e-01 4.978569354977691597e-01 -4.559249191165229941e-03
1.716000000000000014e+01 3.682113723391528537e-01 4.964373404542122836e-01 -4.679982356843455892e-03
1.717000000000000171e+01 3.643934243051247246e-01 4.867466377637891251e-01 -4.797921407376388829e-03
1.717999999999999972e+01 3.573775991544013153e-01 4.692506550569203183e-01 -4.913132764172350141e-03
1.719000000000000128e+01 3.473972707924316561e-01 4.444944607277714899e-01 -5.025687117830201361e-03
1.719999999999999929e+01 3.345415980096409503e-01 4.130884079489085536e-01 -5.135659233382739233e-03
1.721000000000000085e+01 3.187649660347620095e-01 3.756937701251969464e-01 -5.243127745659732948e-03
1.721999999999999886e+01 2.999057987408699222e-01 3.330084201640460262e-01 -5.348174945387571856e-03
1.723000000000000043e+01 2.777135125071593658e-01 2.857529771912193928e-01 -5.450886556669127733e-03
1.724000000000000199e+01 2.518819418393036247e-01 2.346577980658942075e-01 -5.551351506511278608e-03
1.725000000000000000e+01 2.220872161916563614e-01 1.804511297950637527e-01 -5.649661687088737734e-03
1.726000000000000156e+01 1.880278254675951943e-01 1.238486660369230025e-01 -5.745911711451104006e-03
1.726999999999999957e+01 1.494644911570111867e-01 6.554467023308734042e-02 -5.840198663395523848e-03
1.728000000000000114e+01 1.062574673861619995e-01 6.204743823099176901e-03 -5.932621842239851548e-03
1.728999999999999915e+01 5.839903096874843325e-02 -5.353976507503703519e-02 -6.023282503240821005e-03
1.730000000000000071e+01 6.039174805721788351e-03 -1.130957948290590570e-01 -6.112283594408438742e-03
1.730999999999999872e+01 -5.049711871570209537e-02 -1.719111959096754905e-01 -6.199729490471535091e-03
1.732000000000000028e+01 -1.107021973896861466e-01 -2.294761550089197133e-01 -6.285725724750551927e-03
1.733000000000000185e+01 -1.738883104431376281e-01 -2.853236635843701685e-01 -6.370378719691569686e-03
1.733999999999999986e+01 -2.392005382119766488e-01 -3.390292992689889484e-01 -6.453795516811140776e-03
1.735000000000000142e+01 -3.056396273989673285e-01 -3.902105929493390191e-01 -6.536083506794292119e-03
1.735999999999999943e+01 -3.720937409525933992e-01 -4.385262407870035850e-01 -6.617350160478056333e-03
1.737000000000000099e+01 -4.373776435243899030e-01 -4.836753903349190753e-01 -6.697702761440805196e-03
1.737999999999999901e+01 -5.002774312658609945e-01 -5.253971854361736415e-01 -6.777248140902762154e-03
1.739000000000000057e+01 -5.595986002969606243e-01 -5.634706988677103956e-01 -6.856092415626802335e-03
1.740000000000000213e+01 -6.142150482494710406e-01 -5.977153184314710765e-01 -6.934340729487224742e-03
1.741000000000000014e+01 -6.631165285829604406e-01 -6.279915855543027892e-01 -7.012096999355521727e-03
1.742000000000000171e+01 -7.054521320106148519e-01 -6.542024197727690504e-01 -7.089463665928612442e-03
1.742999999999999972e+01 -7.405675506799945795e-01 -6.762946020159295024e-01 -7.166541450099355587e-03
1.744000000000000128e+01 -7.680341793850121723e-01 -6.942603383013394858e-01 -7.243429115443047496e-03
1.744999999999999929e+01 -7.876685085257578711e-01 -7.081386867143230068e-01 -7.320223237365878523e-03
1.746000000000000085e+01 -7.995407449314497761e-01 -7.180166069779898574e-01 -7.397017979432153091e-03
1.746999999999999886e+01 -8.039721339232187569e-01 -7.240293852572530220e-01 -7.473904877356900636e-03
1.748000000000000043e+01 -8.015210211248946504e-01 -7.263601977717061287e-01 -7.550972631119410618e-03
1.749000000000000199e+01 -7.929582561116614858e-01 -7.252386049543776414e-01 -7.628306905621336231e-03
1.750000000000000000e+01 -7.792330727385651246e-01 -7.209378118763836163e-01 -7.705990140280552167e-03
1.751000000000000156e+01 -7.614310553139564952e-01 -7.137705880864360086e-01 -7.784101367918946912e-03
1.751999999999999957e+01 -7.407261912184559538e-01 -7.040838076854399885e-01 -7.862716043269143973e-03
1.753000000000000114e+01 -7.183292990779931442e-01 -6.922516445231908788e-01 -7.941905881391627189e-03
1.753999999999999915e+01 -6.954352926124374168e-01 -6.786675335998527681e-01 -8.021738706260253884e-03
1.755000000000000071e+01 -6.731717854456905625e-01 -6.637350836419785294e-01 -8.102278309740673298e-03
1.755999999999999872e+01 -6.525514597679854534e-01 -6.478581930518642062e-01 -8.183584321152870614e-03
1.757000000000000028e+01 -6.344304167704776232e-01 -6.314306779931070368e-01 -8.265712087576036413e-03
1.758000000000000185e+01 -6.194744106172928033e-01 -6.148257638445502327e-01 -8.348712565021405851e-03
1.758999999999999986e+01 -6.081344575409435294e-01 -5.983858169774800562e-01 -8.432632220566445985e-03
1.760000000000000142e+01 -6.006328294307200499e-01 -5.824127010686159789e-01 -8.517512945512393727e-03
1.760999999999999943e+01 -5.969599126542470824e-01 -5.671591302701104453e-01 -8.603391979596173439e-03
1.762000000000000099e+01 -5.968818656833284608e-01 -5.528213609080274704e-01 -8.690301846256510282e-03
1.762999999999999901e+01 -5.999584720200307197e-01 -5.395335154154368151e-01 -8.778270298927857637e-03
1.764000000000000057e+01 -6.055700857971896278e-01 -5.273637693363018020e-01 -8.867320278308037790e-03
1.765000000000000213e+01 -6.129521318762838344e-01 -5.163125577008376155e-01 -8.957469880511685287e-03
1.766000000000000014e+01 -6.212352723030628576e-01 -5.063128747508490735e-01 -9.048732336001978280e-03
1.767000000000000171e+01 -6.294891038906891279e-01 -4.972326551788270321e-01 -9.141115999166601891e-03
1.767999999999999972e+01 -6.367671191401487185e-01 -4.888791401985789764e-01 -9.234624348380333567e-03
1.769000000000000128e+01 -6.421506501426791358e-01 -4.810050522601189149e-01 -9.329255996374690926e-03
1.769999999999999929e+01 -6.447896215697594968e-01 -4.733163320911558114e-01 -9.425004710714115011e-03
1.771000000000000085e+01 -6.439381570540374522e-01 -4.654811344590846778e-01 -9.521859444158866509e-03
1.771999999999999886e+01 -6.389834000408404213e-01 -4.571397373091498628e-01 -9.619804374676865083e-03
1.773000000000000043e+01 -6.294663072816597538e-01 -4.479149945490944473e-01 -9.718818954849835212e-03
1.774000000000000199e+01 -6.150936282157253299e-01 -4.374229565238247908e-01 -9.818877970403967412e-03
1.775000000000000000e+01 -5.957407713800164650e-01 -4.252832939322688244e-01 -9.919951607581170908e-03
1.776000000000000156e+01 -5.714457531047805183e-01 -4.111291893605839021e-01 -1.002200552905415862e-02
1.776999999999999957e+01 -5.423948974972138126e-01 -3.946164036087715932e-01 -1.012500095807704684e-02
1.778000000000000114e+01 -5.089013849480105156e-01 -3.754312786710684025e-01 -1.022889477055271418e-02
1.778999999999999915e+01 -4.713781067617019982e-01 -3.532975021117900072e-01 -1.033363959468870663e-02
1.780000000000000071e+01 -4.303065576266058567e-01 -3.279815248122388560e-01 -1.043918391790548197e-02
1.780999999999999872e+01 -3.862036720409556256e-01 -2.992965916801448856e-01 -1.054547220065353910e-02
1.782000000000000028e+01 -3.395885776244107479e-01 -2.671054090570192940e-01 -1.065244499679007806e-02
1.783000000000000185e+01 -2.909511955488723878e-01 -2.313215297248896185e-01 -1.076003908016100186e-02
1.783999999999999986e+01 -2.407244701815468013e-01 -1.919095836508793451e-01 -1.086818757703058615e-02
1.785000000000000142e+01 -1.892617661980794674e-01 -1.488845176885693067e-01 -1.097682010399779473e-02
1.785999999999999943e+01 -1.368206467293340278e-01 -1.023100289971225346e-01 -1.108586291103682772e-02
1.787000000000000099e+01 -8.355385959586097977e-02 -5.229638447340886898e-02 -1.119523902931004664e-02
1.787999999999999901e+01 -2.950793252129409183e-02 1.002187528982147885e-03 -1.130486842338211499e-02
1.789000000000000057e+01 2.537066358337035019e-02 5.739036517335457249e-02 -1.141466814748249257e-02
1.790000000000000213e+01 8.122225706172231385e-02 1.166347211801039840e-01 -1.152455250546301907e-02
1.791000000000000014e+01 1.382544977497865701e-01 1.784667271374540121e-01 -1.163443321410182960e-02
1.792000000000000171e+01 1.967178791417614758e-01 2.425857104219125981e-01 -1.174421956941046168e-02
1.792999999999999972e+01 2.568777541575500978e-01 3.086617411690296131e-01 -1.185381861560708995e-02
1.794000000000000128e+01 3.189845251368900736e-01 3.763384654816686048e-01 -1.196313531642562676e-02
1.794999999999999929e+01 3.832437799243207377e-01 4.452359343766817967e-01 -1.207207272843693370e-02
1.796000000000000085e+01 4.497881377151689564e-01 5.149535032224571429e-01 -1.218053217606596648e-02
1.796999999999999886e+01 5.186524624916172277e-01 5.850728916057617024e-01 -1.228841342799496736e-02
1.798000000000000043e+01 5.897539055264949814e-01 6.551614974422876880e-01 -1.239561487464997842e-02
1.799000000000000199e+01 6.628779635760649880e-01 7.247760513101062507e-01 -1.250203370647441983e-02
1.800000000000000000e+01 7.376714021714780856e-01 7.934666779076388066e-01 -1.260756609269950666e-02
1.801000000000000156e+01 8.136425131876635630e-01 8.607814025266479208e-01 -1.271210736032757013e-02
1.801999999999999957e+01 8.901687740366367452e-01 9.262711035481651090e-01 -1.281555217304981148e-02
1.803000000000000114e+01 9.665115746779804340e-01 9.894948698939174392e-01 -1.291779470982608487e-02
1.803999999999999915e+01 1.041837300063949145e+00 1.050025678213889924e+00 -1.301872884285938149e-02
1.805000000000000071e+01 1.115243719964531088e+00 1.107456261707094880e+00 -1.311824831470400667e-02
1.805999999999999872e+01 1.185790362990631897e+00 1.161405004204665525e+00 -1.321624691425156602e-02
1.807000000000000028e+01 1.252531351093742362e+00 1.211521662613456840e+00 -1.331261865134533186e-02
1.808000000000000185e+01 1.314549054577332621e+00 1.257492700703745747e+00 -1.340725792977958894e-02
1.808999999999999986e+01 1.370986900644991069e+00 1.299046009574364557e+00 -1.350005971843845805e-02
1.810000000000000142e+01 1.421079730678121100e+00 1.335954796208811857e+00 -1.359091972036752249e-02
1.810999999999999943e+01 1.464180247856478267e+00 1.368040441729952095e+00 -1.367973453953253392e-02
1.812000000000000099e+01 1.499780317945562880e+00 1.395174164724155119e+00 -1.376640184505435217e-02
1.812999999999999901e+01 1.527526168702605158e+00 1.417277370880679843e+00 -1.385082053271054388e-02
1.814000000000000057e+01 1.547226860919503677e+00 1.434320625882506750e+00 -1.393289088350006637e-02
1.815000000000000213e+01 1.558855758014541237e+00 1.446321250985494355e+00 -1.401251471907422920e-02
1.816000000000000014e+01 1.562545081640885902e+00 1.453339606497197067e+00 -1.408959555384337904e-02
1.817000000000000171e+01 1.558573988385749232e+00 1.455474193561598684e+00 -1.416403874357488601e-02
1.817999999999999972e+01 1.547350918823098276e+00 1.452855765339961414e+00 -1.423575163030377060e-02
1.819000000000000128e+01 1.529391238633042827e+00 1.445640691088603491e+00 -1.430464368338303476e-02
1.819999999999999929e+01 1.505291398899121891e+00 1.434003857419726691e+00 -1.437062663650589753e-02
1.821000000000000085e+01 1.475700979410331959e+00 1.418131417468477373e+00 -1.443361462053750939e-02
1.821999999999999886e+01 1.441294039336712407e+00 1.398213708867577676e+00 -1.449352429199854755e-02
1.823000000000000043e+01 1.402741182871183545e+00 1.374438654386408221e+00 -1.455027495704818916e-02
1.824000000000000199e+01 1.360683656506462391e+00 1.346985934885495340e+00 -1.460378869081891025e-02
1.825000000000000000e+01 1.315710636739985340e+00 1.316022183970460890e+00 -1.465399045196060651e-02
1.826000000000000156e+01 1.268340652900362464e+00 1.281697399492036427e+00 -1.470080819225684510e-02
1.826999999999999957e+01 1.219007833024675191e+00 1.244142701798330419e+00 -1.474417296118152136e-02
1.828000000000000114e+01 1.168053376848976477e+00 1.203469496079105472e+00 -1.478401900526986681e-02
1.828999999999999915e+01 1.115722365632933588e+00 1.159770020420005210e+00 -1.482028386218404124e-02
1.830000000000000071e+01 1.062165730449843526e+00 1.113119186723941390e+00 -1.485290844935960308e-02
1.830999999999999872e+01 1.007446934607574063e+00 1.063577552851527219e+00 -1.488183714712625061e-02
1.832000000000000028e+01 9.515526961575327958e-01 1.011195205285565279e+00 -1.490701787617377573e-02
1.833000000000000185e+01 8.944068946404079012e-01 9.560162858922399698e-01 -1.492840216934631856e-02
1.833999999999999986e+01 8.358866808470696297e-01 8.980838667182852175e-01 -1.494594523762978258e-02
1.835000000000000142e+01 7.758397444871623083e-01 8.374448650611132638e-01 -1.495960603024655382e-02
1.835999999999999943e+01 7.141016936017176020e-01 7.741546980338454009e-01 -1.496934728880116791e-02
1.837000000000000099e+01 6.505125590028377758e-01 7.082814011396291187e-01 -1.497513559541600522e-02
1.837999999999999901e+01 5.849315512176616050e-01 6.399089774641427697e-01 -1.497694141480431992e-02
1.839000000000000057e+01 5.172493575835197532e-01 5.691398004390648691e-01 -1.497473913023623059e-02
1.840000000000000213e+01 4.473974621133607887e-01 4.960959602674093749e-01 -1.496850707336196476e-02
1.841000000000000014e+01 3.753541876454235537e-01 4.209195178773596502e-01 -1.495822754786488816e-02
1.842000000000000171e+01 3.011473848448084634e-01 3.437717060737929264e-01 -1.494388684692595295e-02
1.842999999999999972e+01 2.248539120016566084e-01 2.648311905986428516e-01 -1.492547526448970152e-02
1.844000000000000128e+01 1.465962501883183444e-01 1.842915694207460930e-01 -1.490298710033115606e-02
1.844999999999999929e+01 6.653676861747506721e-02 1.023583424849053292e-01 -1.487642065893215494e-02
1.846000000000000085e+01 -1.512971445969794188e-02 1.924562276201684935e-02 -1.484577824218484554e-02
1.846999999999999886e+01 -9.818434605030472440e-02 -6.482711993846736187e-02 -1.481106613594995562e-02
1.848000000000000043e+01 -1.823928651146080326e-01 -1.496379899230473320e-01 -1.477229459050704782e-02
1.849000000000000199e+01 -2.675136964101528236e-01 -2.349649978906515335e-01 -1.472947779494416902e-02
1.850000000000000000e+01 -3.533048324700863163e-01 -3.205875593368733290e-01 -1.468263384554445439e-02
1.851000000000000156e+01 -4.395289343469457877e-01 -4.062869793544154340e-01 -1.463178470823766827e-02
1.851999999999999957e+01 -5.259562270596650491e-01 -4.918458136610861509e-01 -1.457695617519529432e-02
1.853000000000000114e+01 -6.123649369233206130e-01 -5.770460753128221487e-01 -1.451817781565847322e-02
1.853999999999999915e+01 -6.985392040451249285e-01 -6.616663415166729179e-01 -1.445548292109869772e-02
1.855000000000000071e+01 -7.842645925124500650e-01 -7.454779000962483693e-01 -1.438890844480140291e-02
1.855999999999999872e+01 -8.693215014894918324e-01 -8.282401552126480437e-01 -1.431849493603759398e-02
1.857000000000000028e+01 -9.534769416384161200e-01 -9.096955818386012194e-01 -1.424428646895710589e-02
1.858000000000000185e+01 -1.036475273391855190e+00 -9.895645736575757745e-01 -1.416633056629515441e-02
1.858999999999999986e+01 -1.118028598935733253e+00 -1.067540565730657365e+00 -1.408467811807162344e-02
1.860000000000000142e+01 -1.197807552905476358e+00 -1.143285828677683247e+00 -1.399938329544597911e-02
1.860999999999999943e+01 -1.275433244909361941e+00 -1.216428323685204482e+00 -1.391050345990056149e-02
1.862000000000000099e+01 -1.350471069880891051e+00 -1.286559977114616338e+00 -1.381809906793440498e-02
1.862999999999999901e+01 -1.422427022339825653e+00 -1.353236680904903455e+00 -1.372223357145866199e-02
1.864000000000000057e+01 -1.490747032728662935e+00 -1.415980252698694652e+00 -1.362297331409329133e-02
1.865000000000000213e+01 -1.554819694959772125e+00 -1.474282501184415395e+00 -1.352038742357271686e-02
1.866000000000000014e+01 -1.613982582656416476e+00 -1.527611442029971789e+00 -1.341454770047580125e-02
1.867000000000000171e+01 -1.667532166873815447e+00 -1.575419603195348239e+00 -1.330552850350233580e-02
1.867999999999999972e+01 -1.714737160443895680e+00 -1.617154250991915232e+00 -1.319340663152499156e-02
1.869000000000000128e+01 -1.754854933527563388e+00 -1.652269265753289806e+00 -1.307826120265126284e-02
1.869999999999999929e+01 -1.787150480880855596e+00 -1.680238303926468557e+00 -1.296017353053543521e-02
1.871000000000000085e+01 -1.810917282026531128e+00 -1.700568806780143882e+00 -1.283922699818523978e-02
1.871999999999999886e+01 -1.825499287689809513e+00 -1.712816358940451700e+00 -1.271550692951196361e-02
1.873000000000000043e+01 -1.830313194383212272e+00 -1.716598865730278867e+00 -1.258910045887609574e-02
1.874000000000000199e+01 -1.824870136719080271e+00 -1.711610008706048847e+00 -1.246009639888364003e-02
1.875000000000000000e+01 -1.808795934592112076e+00 -1.697631454423090602e+00 -1.232858510669028289e-02
1.876000000000000156e+01 -1.781849078438865641e+00 -1.674543331527938772e+00 -1.219465834907199064e-02
1.876999999999999957e+01 -1.743935717096444682e+00 -1.642332553679608731e+00 -1.205840916652191341e-02
1.878000000000000114e+01 -1.695121024472955318e+00 -1.601098647273532238e+00 -1.191993173664398359e-02
1.878999999999999915e+01 -1.635636457174168168e+00 -1.551056839233489804e+00 -1.177932123711024348e-02
1.880000000000000071e+01 -1.565882568393702545e+00 -1.492538266272712910e+00 -1.163667370835831140e-02
1.880999999999999872e+01 -1.486427206333074569e+00 -1.425987277592546398e+00 -1.149208591638395394e-02
1.882000000000000028e+01 -1.397999090708457404e+00 -1.351955912449099628e+00 -1.134565521584909691e-02
1.883000000000000185e+01 -1.301476921458151859e+00 -1.271095737030913275e+00 -1.119747941375719841e-02
1.883999999999999986e+01 -1.197874323232548388e+00 -1.184147316802330430e+00 -1.104765663394408765e-02
1.885000000000000142e+01 -1.088321062286316643e+00 -1.091927676785121148e+00 -1.089628518262875968e-02
1.885999999999999943e+01 -9.740410848422537127e-01 -9.953161600576150292e-01 -1.074346341526367932e-02
1.887000000000000099e+01 -8.563280149954440867e-01 -8.952391320577939293e-01 -1.058928960491929000e-02
1.887999999999999901e+01 -7.365188142287610873e-01 -7.926539943087971274e-01 -1.043386181243179459e-02
1.889000000000000057e+01 -6.159663432920949866e-01 -6.885329663860740856e-01 -1.027727775853692037e-02
1.890000000000000213e+01 -4.960115813524980100e-01 -5.838470709123108060e-01 -1.011963469820575945e-02
1.891000000000000014e+01 -3.779562486253651987e-01 -4.795507157127105735e-01 -9.961029297391673504e-03
1.892000000000000171e+01 -2.630365495121513297e-01 -3.765672134227863177e-01 -9.801557512389211593e-03
1.892999999999999972e+01 -1.523987063708824863e-01 -2.757755158232846893e-01 -9.641314471997768781e-03
1.894000000000000128e+01 -4.707689239130771058e-02 -1.779983722943536684e-01 -9.480394362673933914e-03
1.894999999999999929e+01 5.202590143605322764e-02 -8.399205336098120034e-02 -9.318890316846961674e-03
1.896000000000000085e+01 1.441536128767067215e-01 5.562284594127693896e-03 -9.156894304562046213e-03
1.896999999999999886e+01 2.287091055123151306e-01 9.006557520692830276e-02 -8.994497028605811031e-03
1.898000000000000043e+01 3.052621474276812075e-01 1.690061883246027630e-01 -8.831787823257754300e-03
1.899000000000000199e+01 3.735532000170143641e-01 2.419637124513662196e-01 -8.668854556800617908e-03
1.900000000000000000e+01 4.334929447965111260e-01 3.086112629365441173e-01 -8.505783537911402320e-03
1.901000000000000156e+01 4.851575765725074096e-01 3.687164164173882264e-01 -8.342659426043825752e-03
1.901999999999999957e+01 5.287799920167670642e-01 4.221408716368408864e-01 -8.179565146014269872e-03
1.903000000000000114e+01 5.647371027703057544e-01 4.688389269324896302e-01 -8.016581806531194315e-03
1.903999999999999915e+01 5.935336005681145499e-01 5.088548481199907103e-01 -7.853788623104563174e-03
1.905000000000000071e+01 6.157825971602596260e-01 5.423191803327120919e-01 -7.691262845280003035e-03
1.905999999999999872e+01 6.321836521671291287e-01 5.694440370136326646e-01 -7.529079688254601034e-03
1.907000000000000028e+01 6.434987851420838068e-01 5.905173820242699545e-01 -7.367312268921661841e-03
1.908000000000000185e+01 6.505271412313973212e-01 6.058963097647148688e-01 -7.206031546382174642e-03
1.908999999999999986e+01 6.540790397332385542e-01 6.159993257570456349e-01 -7.045306266951811662e-03
1.910000000000000142e+01 6.549501781144912993e-01 6.212976380351638017e-01 -6.885202913683800482e-03
1.910999999999999943e+01 6.538967871400147569e-01 6.223054886931368435e-01 -6.725785660419643201e-03
1.912000000000000099e+01 6.516125323904430333e-01 6.195695848501888703e-01 -6.567116330372005373e-03
1.912999999999999901e+01 6.487079307558613062e-01 6.136577278485064735e-01 -6.409254359236411965e-03
1.914000000000000057e+01 6.456929954280520301e-01 6.051467864980328848e-01 -6.252256762821431328e-03
1.915000000000000213e+01 6.429637384703130731e-01 5.946102115702600610e-01 -6.096178109179870713e-03
1.916000000000000014e+01 6.407930465172994028e-01 5.826053408250079224e-01 -5.941070495217075365e-03
1.917000000000000171e+01 6.393263043501822285e-01 5.696607925342264123e-01 -5.786983527745999563e-03
1.917999999999999972e+01 6.385819764067054427e-01 5.562642865302398487e-01 -5.633964308952605672e-03
1.919000000000000128e+01 6.384571727552240672e-01 5.428512612195982578e-01 -5.482057426229321184e-03
1.919999999999999929e+01 6.387380302455164527e-01 5.297946692152893933e-01 -5.331304946328835857e-03
1.921000000000000085e+01 6.391145393398475205e-01 5.173963304550159847e-01 -5.181746413785150336e-03
1.921999999999999886e+01 6.391992514320119501e-01 5.058801980911679097e-01 -5.033418853543956441e-03
1.923000000000000043e+01 6.385491197995043500e-01 4.953878484316219244e-01 -4.886356777739734279e-03
1.924000000000000199e+01 6.366895693502985232e-01 4.859764424323287924e-01 -4.740592196552713411e-03
1.925000000000000000e+01 6.331397652500370121e-01 4.776193246520982760e-01 -4.596154633106142029e-03
1.926000000000000156e+01 6.274379666114145992e-01 4.702093293850445610e-01 -4.453071142234099784e-03
1.926999999999999957e+01 6.191658154310042406e-01 4.635647572012163153e-01 -4.311366333127722092e-03
1.928000000000000114e+01 6.079704275899395771e-01 4.574378735532405038e-01 -4.171062395768986714e-03
1.928999999999999915e+01 5.935832242695638916e-01 4.515256702521786014e-01 -4.032179131056709206e-03
1.930000000000000071e+01 5.758345681043918196e-01 4.454825265553272184e-01 -3.894733984538620818e-03
1.930999999999999872e+01 5.546634454222714172e-01 4.389343153264912423e-01 -3.758742083661113006e-03
1.932000000000000028e+01 5.301216577110752226e-01 4.314934267475089569e-01 -3.624216278446238271e-03
1.933000000000000185e+01 5.023722429528660882e-01 4.227741320851416407e-01 -3.491167185503695185e-03
1.933999999999999986e+01 4.716821292120007003e-01 4.124076866257619378e-01 -3.359603235283795120e-03
1.935000000000000142e+01 4.384093154584268737e-01 4.000565762709807904e-01 -3.229530722475861676e-03
1.935999999999999943e+01 4.029851633648759979e-01 3.854273470645757094e-01 -3.100953859454998532e-03
1.937000000000000099e+01 3.658926534954899945e-01 3.682815200651100018e-01 -2.973874832678711187e-03
1.937999999999999901e+01 3.276416949337405127e-01 3.484441828153482801e-01 -2.848293861933472084e-03
1.939000000000000057e+01 2.887427651067205892e-01 3.258099589799060003e-01 -2.724209262329869638e-03
1.940000000000000213e+01 2.496802844146508993e-01 3.003461839877498707e-01 -2.601617508943510244e-03
1.941000000000000014e+01 2.108871890042297026e-01 2.720932501485099353e-01 -2.480513303997339183e-03
1.942000000000000171e+01 1.727221486925049621e-01 2.411622224552341098e-01 -2.360889646479395320e-03
1.942999999999999972e+01 1.354507835014458483e-01 2.077299586172065282e-01 -2.242737904088279357e-03
1.944000000000000128e+01 9.923206343481089098e-02 1.720320864284831108e-01 -2.126047887396734920e-03
1.944999999999999929e+01 6.411083809451127713e-02 1.343542916175913537e-01 -2.010807926121686157e-03
1.946000000000000085e+01 3.001714555560514378e-02 9.502244410002055885e-02 -1.897004947386878677e-03
1.946999999999999886e+01 -3.227392749538144593e-03 5.439213569449584396e-02 -1.784624555861799361e-03
1.948000000000000043e+01 -3.589615591344062079e-02 1.283821514392046240e-02 -1.673651115633703092e-03
1.949000000000000199e+01 -6.833753254620755779e-02 -2.925511418159758292e-02 -1.564067833741854567e-03
1.950000000000000000e+01 -1.009491727939162281e-01 -7.150312119161593427e-02 -1.455856845243574515e-03
1.951000000000000156e+01 -1.341476426556214574e-01 -1.135278678318185352e-01 -1.348999299640118521e-03
1.951999999999999957e+01 -1.683349317358884822e-01 -1.549636994826644742e-01 -1.243475448553273697e-03
1.953000000000000114e+01 -2.038634906746654707e-01 -1.954607057836846573e-01 -1.139264734517155073e-03
1.953999999999999915e+01 -2.410016186108536462e-01 -2.346860887790348238e-01 -1.036345880745729101e-03
1.955000000000000071e+01 -2.799010738395999454e-01 -2.723235144666515395e-01 -9.346969817323780598e-04
1.955999999999999872e+01 -3.205687365872514349e-01 -3.080706577868290164e-01 -8.342955945334084873e-04
1.957000000000000028e+01 -3.628440108832461375e-01 -3.416352717293408281e-01 -7.351188305828610520e-04
1.958000000000000185e+01 -4.063834174131186749e-01 -3.727302112105146392e-01 -6.371434478812730388e-04
1.958999999999999986e+01 -4.506535107050908540e-01 -4.010679154772924804e-01 -5.403459433962161992e-04
1.960000000000000142e+01 -4.949328664933646538e-01 -4.263548943892342402e-01 -4.447026455075764263e-04
1.960999999999999943e+01 -5.383234471850526504e-01 -4.482867712148382866e-01 -3.501898063255999755e-04
1.962000000000000099e+01 -5.797711867996244717e-01 -4.665444067970211939e-01 -2.567836937048267204e-04
1.962999999999999901e+01 -6.180951654152788688e-01 -4.807915684445219773e-01 -1.644606827721805168e-04
1.964000000000000057e+01 -6.520242917687143480e-01 -4.906745150941916878e-01 -7.319734678269230815e-05
1.965000000000000213e+01 -6.802400054657188333e-01 -4.958237534388187373e-01 1.702945288829943584e-05
1.966000000000000014e+01 -7.014231697327587556e-01 -4.958580846776397544e-01 1.062424778121112240e-04
1.967000000000000171e+01 -7.143030711797189181e-01 -4.903909163549171057e-01 1.944640248327600212e-04
1.967999999999999972e+01 -7.177062898865128604e-01 -4.790386671489688664e-01 2.817158398560567524e-04
1.969000000000000128e+01 -7.106031614194509016e-01 -4.614309533927499207e-01 3.680190333094840514e-04
1.969999999999999929e+01 -6.921496265292526040e-01 -4.372221231319973200e-01 4.533939974840651955e-04
1.971000000000000085e+01 -6.617224525931664214e-01 -4.061036043699963738e-01 5.378603259842845187e-04
1.971999999999999886e+01 -6.189461055246605614e-01 -3.678164651705995158e-01 6.214367354931130865e-04
1.973000000000000043e+01 -5.637099382619814580e-01 -3.221635491020500841e-01 7.041409900249850787e-04
1.974000000000000199e+01 -4.961748232548938708e-01 -2.690205526586006979e-01 7.859898279648691501e-04
1.975000000000000000e+01 -4.167688685408237892e-01 -2.083454521161049455e-01 8.669988920842900196e-04
1.976000000000000156e+01 -3.261723939016455964e-01 -1.401857638019731456e-01 9.471826627576675119e-04
1.976999999999999957e+01 -2.252928773734135526e-01 -6.468322983906205081e-02 1.026554394602372531e-03
1.978000000000000114e+01 -1.152310849576925478e-01 1.792434505830591690e-02 1.105126056765181860e-03
1.978999999999999915e+01 2.759959044197585892e-03 1.073042289340138539e-01 1.182908277076226205e-03
1.980000000000000071e+01 1.273211411486573352e-01 2.030328332569559524e-01 1.259910290288977471e-03
1.980999999999999872e+01 2.570362868655381439e-01 3.046025227932370738e-01 1.336139890621250003e-03
1.982000000000000028e+01 3.904816238754152402e-01 4.114308196479937729e-01 1.411603388807473620e-03
1.983000000000000185e+01 5.262732379667264260e-01 5.228715269790513709e-01 1.486305573866614433e-03
1.983999999999999986e+01 6.631101888583317283e-01 6.382271959141376794e-01 1.560249679782995183e-03
1.985000000000000142e+01 7.998111852017960599e-01 7.567622911788517426e-01 1.633437357288900892e-03
1.985999999999999943e+01 9.353430616733526826e-01 8.777163813303880957e-01 1.705868650928222489e-03
1.987000000000000099e+01 1.068839738686030882e+00 1.000316690473488812e+00 1.777541981569542113e-03
1.987999999999999901e+01 1.199610854246336844e+00 1.123789399643820186e+00 1.848454134525026127e-03
1.989000000000000057e+01 1.327139811207663778e+00 1.247369174950839543e+00 1.918600253418361939e-03
1.990000000000000213e+01 1.451071552371565598e+00 1.370306521018365808e+00 1.987973839930752204e-03
1.991000000000000014e+01 1.571190930263687946e+00 1.491872705136108923e+00 2.056566759538880698e-03
1.992000000000000171e+01 1.687393048237953108e+00 1.611362161081703936e+00 2.124369253342731859e-03
1.992999999999999972e+01 1.799647387322300007e+00 1.728092451897523585e+00 2.191369956064359061e-03
1.994000000000000128e+01 1.907957875095465550e+00 1.841402037567311911e+00 2.257555920281660838e-03
1.994999999999999929e+01 2.012321280068290807e+00 1.950646246171123810e+00 2.322912646948025860e-03
1.996000000000000085e+01 2.112686414811557611e+00 2.055191976049557834e+00 2.387424122203428336e-03
1.996999999999999886e+01 2.208916597469261944e+00 2.154411753433355781e+00 2.451072860508310327e-03
1.998000000000000043e+01 2.300757655542951863e+00 2.247677828377608211e+00 2.513839954078481934e-03
1.999000000000000199e+01 2.387813466243867033e+00 2.334357007420349017e+00 2.575705128587756510e-03
2.000000000000000000e+01 2.469530629326081694e+00 2.413806892446520802e+00 2.636646805083903058e-03
